reward,f0,f1,f2,f3,f4,f5,f6,f7,f8,f9,f10,f11,f12,f13,f14,f15,f16,f17,f18,f19,f20,f21,f22,f23,f24,f25,f26,f27,f28,f29,f30,f31,f32,f33,f34,f35,f36,f37
0.0,0.9629629629629629,0.7407407407407407,0.9629629629629629,0.9629629629629629,0.9629629629629629,0.0,0.0,0.0,0.0,0.0,1.5,0.625,1.0,1.0,1.0,0.0,0.0,0.0,0.0,0.0,1.0,0.0,0.0,0.0,0.0,0.0,0.0,1.0,1.0,0.6,0.5,0.2,1.0,1.0,1.0,1.0,0.0,0.0
0.0,0.7037037037037037,0.6666666666666666,1.0,1.0,1.0,0.0,0.0,0.0,0.0,0.0,0.25,0.5,0.0,1.0,0.0,0.0,0.0,0.0,0.0,0.0,0.0,0.0,0.0,0.0,0.0,0.0,0.0,1.0,0.0,0.6111111111111112,0.4444444444444444,0.2222222222222222,1.0,1.0,1.0,1.0,0.0,0.0
0.0,0.6666666666666666,0.5555555555555556,1.0,1.0,1.0,0.0,0.0,0.0,0.0,0.0,0.75,0.25,0.0,0.0,0.0,0.0,0.0,0.0,1.0,0.0,0.0,0.0,0.0,0.0,0.0,0.0,0.0,0.0,0.0,0.6666666666666666,0.3333333333333333,0.26666666666666666,1.0,1.0,1.0,1.0,0.0,0.0
1.0,1.0,0.8888888888888888,0.5555555555555556,0.5555555555555556,0.5555555555555556,1.0,0.75,0.0,0.0,0.0,0.75,0.875,0.0,0.0,0.0,0.0,0.0,0.0,1.0,0.0,0.0,0.0,0.0,0.0,0.0,0.0,0.0,0.0,0.0,0.5416666666666666,0.4583333333333333,0.20833333333333334,1.0,1.0,1.0,1.0,0.0,0.0
0.0,0.5555555555555556,0.5555555555555556,0.8888888888888888,0.8888888888888888,0.8888888888888888,1.0,0.75,0.0,0.0,1.0,0.0,0.0,0.0,0.0,0.0,0.0,0.0,0.0,0.0,0.0,0.0,0.0,0.0,0.0,0.0,0.0,0.0,0.0,0.0,0.6666666666666666,0.3333333333333333,0.26666666666666666,1.0,1.0,1.0,1.0,0.0,0.0
1.0,0.8888888888888888,0.8518518518518519,0.5555555555555556,0.5555555555555556,0.5555555555555556,0.0,0.0,0.0,0.0,0.0,0.25,0.5625,0.0,0.0,0.0,0.0,0.0,0.0,0.0,0.0,0.0,0.0,0.0,0.0,0.0,0.0,0.0,0.0,0.0,0.5217391304347826,0.4782608695652174,0.21739130434782608,1.0,1.0,1.0,1.0,0.0,0.0
0.0,0.5555555555555556,0.5185185185185185,0.8518518518518519,0.8518518518518519,0.8518518518518519,1.0,0.25,0.0,0.0,0.0,0.25,0.625,0.0,0.0,1.0,0.0,0.0,0.0,0.0,0.0,0.0,0.0,0.0,0.0,0.0,0.0,0.0,0.0,0.0,0.6428571428571429,0.35714285714285715,0.2857142857142857,1.0,1.0,1.0,1.0,0.0,0.0
1.0,0.8518518518518519,0.8148148148148148,0.5185185185185185,0.5185185185185185,0.5185185185185185,1.0,0.25,0.0,0.0,0.0,0.25,0.6875,0.0,0.0,0.0,0.0,0.0,0.0,0.0,0.0,0.0,0.0,0.0,0.0,0.0,0.0,0.0,0.0,0.0,0.5454545454545454,0.5,0.22727272727272727,1.0,1.0,1.0,1.0,0.0,0.0
0.0,0.5185185185185185,0.48148148148148145,0.8148148148148148,0.8148148148148148,0.8148148148148148,1.0,0.25,0.0,0.0,0.0,0.25,0.75,0.0,0.0,0.0,0.0,0.0,0.0,0.0,0.0,0.0,0.0,0.0,0.0,0.0,0.0,0.0,0.0,0.0,0.6923076923076923,0.38461538461538464,0.3076923076923077,1.0,1.0,1.0,1.0,0.0,0.0
1.0,0.8148148148148148,0.8148148148148148,0.48148148148148145,0.48148148148148145,0.48148148148148145,1.0,0.25,0.0,1.0,1.0,0.0,0.0,0.0,0.0,0.0,0.0,0.0,0.0,0.0,0.0,0.0,0.0,0.0,0.0,0.0,0.0,0.0,0.0,0.0,0.5454545454545454,0.5,0.22727272727272727,1.0,1.0,1.0,1.0,0.0,0.0
0.0,0.48148148148148145,0.4074074074074074,0.8148148148148148,0.8148148148148148,0.8148148148148148,0.0,0.0,0.0,0.0,0.0,0.5,0.375,0.0,0.0,0.0,0.0,0.0,1.0,0.0,0.0,0.0,0.0,0.0,0.0,0.0,0.0,0.0,0.0,0.0,0.7272727272727273,0.2727272727272727,0.36363636363636365,1.0,1.0,1.0,1.0,0.0,0.0
1.0,0.8148148148148148,0.7407407407407407,0.4074074074074074,0.4074074074074074,0.4074074074074074,1.0,0.5,0.0,0.0,0.0,0.5,0.5,0.0,1.0,0.0,0.0,0.0,1.0,0.0,0.0,0.0,0.0,0.0,0.0,0.0,0.0,0.0,1.0,0.0,0.55,0.45,0.25,1.0,1.0,1.0,1.0,0.0,0.0
1.0,0.7407407407407407,0.5925925925925926,0.4074074074074074,0.4074074074074074,0.4074074074074074,0.0,0.0,0.0,0.0,0.0,1.0,0.875,0.0,0.0,0.0,0.0,0.0,0.0,0.0,0.0,1.0,0.0,0.0,0.0,0.0,0.0,0.0,0.0,0.0,0.625,0.5625,0.1875,1.0,1.0,1.0,1.0,0.0,0.0
0.0,0.4074074074074074,0.4074074074074074,0.5925925925925926,0.5925925925925926,0.5925925925925926,1.0,1.0,0.0,0.0,1.0,0.0,0.0,0.0,0.0,0.0,0.0,0.0,0.0,0.0,0.0,0.0,0.0,0.0,0.0,0.0,0.0,0.0,0.0,0.0,0.7272727272727273,0.2727272727272727,0.36363636363636365,1.0,1.0,1.0,1.0,0.0,0.0
1.0,0.5925925925925926,0.48148148148148145,0.4074074074074074,0.4074074074074074,0.4074074074074074,0.0,0.0,0.0,0.0,0.0,0.75,0.1875,0.0,0.0,0.0,0.0,0.0,0.0,1.0,0.0,0.0,0.0,0.0,0.0,0.0,0.0,0.0,0.0,0.0,0.6923076923076923,0.46153846153846156,0.23076923076923078,1.0,1.0,1.0,1.0,0.0,0.0
0.0,0.4074074074074074,0.4074074074074074,0.48148148148148145,0.48148148148148145,0.48148148148148145,1.0,0.75,0.0,0.0,1.0,0.0,0.0,0.0,0.0,0.0,0.0,0.0,0.0,0.0,0.0,0.0,0.0,0.0,0.0,0.0,0.0,0.0,0.0,0.0,0.7272727272727273,0.2727272727272727,0.36363636363636365,1.0,1.0,1.0,1.0,0.0,0.0
1.0,0.48148148148148145,0.4074074074074074,0.4074074074074074,0.4074074074074074,0.4074074074074074,0.0,0.0,0.0,0.0,0.0,0.5,0.3125,0.0,0.0,0.0,0.0,0.0,1.0,0.0,0.0,0.0,0.0,0.0,0.0,0.0,0.0,0.0,0.0,0.0,0.7272727272727273,0.36363636363636365,0.2727272727272727,1.0,1.0,1.0,1.0,0.0,0.0
0.0,0.4074074074074074,0.3333333333333333,0.4074074074074074,0.4074074074074074,0.4074074074074074,1.0,0.5,0.0,0.0,0.0,0.5,0.9375,0.0,0.0,0.0,1.0,0.0,1.0,0.0,0.0,0.0,0.0,0.0,0.0,0.0,0.0,0.0,0.0,0.0,0.7777777777777778,0.3333333333333333,0.2222222222222222,1.0,1.0,1.0,1.0,0.0,0.0
1.0,0.4074074074074074,0.4074074074074074,0.3333333333333333,0.3333333333333333,0.3333333333333333,1.0,0.5,0.0,0.0,1.0,0.0,0.0,0.0,0.0,0.0,0.0,0.0,0.0,0.0,0.0,0.0,0.0,0.0,0.0,0.0,0.0,0.0,0.0,0.0,0.7272727272727273,0.36363636363636365,0.2727272727272727,1.0,1.0,1.0,1.0,0.0,0.0
0.0,0.3333333333333333,0.25925925925925924,0.4074074074074074,0.4074074074074074,0.4074074074074074,0.0,0.0,0.0,0.0,0.0,0.5,0.5625,0.0,0.0,0.0,0.0,0.0,1.0,0.0,0.0,0.0,0.0,0.0,0.0,0.0,0.0,0.0,0.0,0.0,0.8571428571428571,0.42857142857142855,0.2857142857142857,1.0,1.0,1.0,1.0,0.0,0.0
1.0,0.4074074074074074,0.3333333333333333,0.25925925925925924,0.25925925925925924,0.25925925925925924,1.0,0.5,0.0,0.0,0.0,0.5,0.625,0.0,0.0,1.0,0.0,0.0,1.0,0.0,0.0,0.0,0.0,0.0,0.0,0.0,0.0,0.0,0.0,0.0,0.7777777777777778,0.4444444444444444,0.3333333333333333,1.0,1.0,1.0,1.0,0.0,0.0
0.0,0.25925925925925924,0.18518518518518517,0.3333333333333333,0.3333333333333333,0.3333333333333333,1.0,0.5,0.0,0.0,0.0,0.5,0.8125,0.0,0.0,0.0,0.0,0.0,1.0,0.0,0.0,0.0,0.0,0.0,0.0,0.0,0.0,0.0,0.0,0.0,1.0,0.6,0.0,1.0,1.0,1.0,1.0,0.0,0.0
1.0,0.3333333333333333,0.25925925925925924,0.18518518518518517,0.18518518518518517,0.18518518518518517,1.0,0.5,0.0,0.0,0.0,0.5,0.9375,0.0,0.0,0.0,1.0,0.0,1.0,0.0,0.0,0.0,0.0,0.0,0.0,0.0,0.0,0.0,0.0,0.0,0.8571428571428571,0.5714285714285714,0.14285714285714285,1.0,1.0,1.0,1.0,0.0,0.0
0.0,0.18518518518518517,0.18518518518518517,0.25925925925925924,0.25925925925925924,0.25925925925925924,1.0,0.5,0.0,0.0,1.0,0.0,0.0,0.0,0.0,0.0,0.0,0.0,0.0,0.0,0.0,0.0,0.0,0.0,0.0,0.0,0.0,0.0,0.0,0.0,1.0,0.6,0.0,1.0,1.0,1.0,1.0,0.0,0.0
1.0,0.25925925925925924,0.18518518518518517,0.18518518518518517,0.18518518518518517,0.18518518518518517,0.0,0.0,0.0,0.0,0.0,0.5,0.4375,1.0,0.0,0.0,0.0,0.0,1.0,0.0,0.0,0.0,0.0,0.0,0.0,0.0,0.0,0.0,0.0,1.0,1.0,0.4,0.2,1.0,1.0,1.0,1.0,0.0,0.0
0.0,0.25925925925925924,0.25925925925925924,0.1111111111111111,0.1111111111111111,0.1111111111111111,1.0,0.5,0.0,0.0,1.0,0.0,0.0,0.0,0.0,0.0,0.0,0.0,0.0,0.0,0.0,0.0,0.0,0.0,0.0,0.0,0.0,0.0,0.0,0.0,1.0,0.7142857142857143,0.0,1.0,1.0,1.0,1.0,0.0,0.0
1.0,0.1111111111111111,0.07407407407407407,0.25925925925925924,0.25925925925925924,0.25925925925925924,0.0,0.0,0.0,0.0,0.0,0.25,0.6875,0.0,0.0,0.0,0.0,0.0,0.0,0.0,0.0,0.0,0.0,0.0,0.0,0.0,0.0,0.0,0.0,0.0,1.0,0.0,0.5,1.0,1.0,1.0,1.0,0.0,0.0
0.0,0.25925925925925924,0.2222222222222222,0.07407407407407407,0.07407407407407407,0.07407407407407407,1.0,0.25,0.0,0.0,0.0,0.25,0.75,0.0,0.0,0.0,0.0,0.0,0.0,0.0,0.0,0.0,0.0,0.0,0.0,0.0,0.0,1.0,0.0,0.0,1.0,0.8333333333333334,0.0,1.0,1.0,1.0,1.0,0.0,0.0
1.0,0.07407407407407407,0.07407407407407407,0.2222222222222222,0.2222222222222222,0.2222222222222222,1.0,0.25,0.0,1.0,1.0,0.0,0.0,0.0,0.0,0.0,0.0,0.0,0.0,0.0,0.0,0.0,0.0,0.0,0.0,0.0,0.0,0.0,0.0,0.0,1.0,0.0,0.5,1.0,1.0,1.0,1.0,0.0,0.0
0.0,0.2222222222222222,0.18518518518518517,0.07407407407407407,0.07407407407407407,0.07407407407407407,0.0,0.0,0.0,0.0,0.0,0.25,0.1875,0.0,0.0,0.0,0.0,0.0,0.0,0.0,0.0,0.0,0.0,0.0,0.0,0.0,0.0,1.0,0.0,0.0,1.0,0.8,0.0,1.0,1.0,1.0,1.0,0.0,0.0
1.0,0.07407407407407407,0.037037037037037035,0.18518518518518517,0.18518518518518517,0.18518518518518517,1.0,0.25,0.0,0.0,0.0,0.25,0.8125,0.0,0.0,0.0,0.0,0.0,0.0,0.0,0.0,0.0,0.0,0.0,0.0,0.0,0.0,0.0,0.0,0.0,1.0,0.0,0.0,1.0,1.0,1.0,1.0,0.0,0.0
0.0,0.18518518518518517,0.18518518518518517,0.037037037037037035,0.037037037037037035,0.037037037037037035,1.0,0.25,0.0,1.0,1.0,0.0,0.0,0.0,0.0,0.0,0.0,0.0,0.0,0.0,0.0,0.0,0.0,0.0,0.0,0.0,0.0,1.0,0.0,0.0,1.0,0.8,0.0,1.0,1.0,1.0,1.0,0.0,0.0
1.0,0.037037037037037035,0.0,0.18518518518518517,0.18518518518518517,0.18518518518518517,0.0,0.0,0.0,0.0,0.0,0.25,0.75,0.0,0.0,0.0,0.0,0.0,0.0,0.0,0.0,0.0,1.0,0.0,0.0,0.0,0.0,0.0,0.0,0.0,0.0,0.0,0.0,1.0,1.0,1.0,1.0,0.0,0.0
0.5,0.6666666666666666,0.5555555555555556,0.6296296296296297,0.6481481481481481,0.6666666666666666,0.0,0.0,0.0,0.0,0.0,0.75,0.6875,0.0,0.0,0.0,0.0,0.0,0.0,1.0,0.0,0.0,0.0,1.0,0.0,0.0,0.0,0.0,0.0,0.0,0.6666666666666666,0.4666666666666667,0.26666666666666666,1.0,1.0,0.0,1.0,1.0,0.0
1.0,0.6296296296296297,0.6296296296296297,0.5555555555555556,0.6111111111111112,0.6666666666666666,1.0,0.75,0.0,0.0,1.0,0.0,0.0,0.0,0.0,0.0,0.0,0.0,0.0,0.0,0.0,0.0,0.0,0.0,0.0,0.0,0.0,0.0,0.0,0.0,0.5882352941176471,0.47058823529411764,0.29411764705882354,1.0,1.0,0.0,1.0,1.0,0.0
0.0,0.6666666666666666,0.6666666666666666,0.5555555555555556,0.5925925925925926,0.6296296296296297,1.0,0.75,0.0,0.0,1.0,0.0,0.0,0.0,0.0,0.0,0.0,0.0,0.0,0.0,0.0,0.0,0.0,1.0,0.0,0.0,0.0,0.0,0.0,0.0,0.6666666666666666,0.5,0.2222222222222222,1.0,1.0,0.0,1.0,1.0,0.0
0.5,0.5555555555555556,0.48148148148148145,0.6296296296296297,0.6481481481481481,0.6666666666666666,0.0,0.0,0.0,0.0,0.0,0.5,0.1875,0.0,0.0,0.0,0.0,0.0,1.0,0.0,0.0,0.0,0.0,1.0,0.0,0.0,0.0,0.0,0.0,0.0,0.6923076923076923,0.38461538461538464,0.3076923076923077,1.0,1.0,0.0,1.0,1.0,0.0
1.0,0.6296296296296297,0.5555555555555556,0.48148148148148145,0.5740740740740741,0.6666666666666666,1.0,0.5,0.0,0.0,0.0,0.5,0.4375,1.0,0.0,0.0,0.0,0.0,1.0,0.0,0.0,0.0,0.0,0.0,0.0,0.0,0.0,0.0,0.0,1.0,0.6,0.4,0.3333333333333333,1.0,1.0,0.0,1.0,1.0,0.0
0.0,0.7407407407407407,0.6666666666666666,0.48148148148148145,0.48148148148148145,0.48148148148148145,1.0,0.5,0.0,0.0,0.0,0.5,0.875,0.0,0.0,0.0,0.0,0.0,1.0,0.0,0.0,0.0,0.0,1.0,0.0,0.0,0.0,0.0,0.0,0.0,0.6111111111111112,0.6111111111111112,0.1111111111111111,1.0,1.0,0.0,1.0,1.0,0.0
0.5,0.48148148148148145,0.4074074074074074,0.48148148148148145,0.5740740740740741,0.6666666666666666,1.0,0.5,0.0,0.0,0.0,0.5,0.9375,0.0,0.0,0.0,1.0,0.0,1.0,0.0,0.0,0.0,0.0,1.0,0.0,0.0,0.0,0.0,0.0,0.0,0.7272727272727273,0.45454545454545453,0.18181818181818182,1.0,1.0,0.0,1.0,1.0,0.0
1.0,0.48148148148148145,0.48148148148148145,0.4074074074074074,0.5370370370370371,0.6666666666666666,1.0,0.5,0.0,0.0,1.0,0.0,0.0,0.0,0.0,0.0,0.0,0.0,0.0,0.0,0.0,0.0,0.0,0.0,0.0,0.0,0.0,0.0,0.0,0.0,0.6153846153846154,0.3076923076923077,0.38461538461538464,1.0,1.0,0.0,1.0,1.0,0.0
0.0,0.6666666666666666,0.6666666666666666,0.4074074074074074,0.4444444444444444,0.48148148148148145,1.0,0.5,0.0,0.0,1.0,0.0,0.0,0.0,0.0,0.0,0.0,0.0,0.0,0.0,0.0,0.0,0.0,1.0,0.0,0.0,0.0,0.0,0.0,0.0,0.6111111111111112,0.6111111111111112,0.1111111111111111,1.0,1.0,0.0,1.0,1.0,0.0
0.5,0.4074074074074074,0.3333333333333333,0.48148148148148145,0.5740740740740741,0.6666666666666666,0.0,0.0,0.0,0.0,0.0,0.5,0.25,0.0,0.0,0.0,0.0,0.0,1.0,0.0,0.0,0.0,0.0,1.0,0.0,0.0,0.0,0.0,0.0,0.0,0.7777777777777778,0.3333333333333333,0.2222222222222222,1.0,1.0,0.0,1.0,1.0,0.0
1.0,0.48148148148148145,0.4074074074074074,0.3333333333333333,0.5,0.6666666666666666,1.0,0.5,0.0,0.0,0.0,0.5,0.8125,0.0,0.0,0.0,0.0,0.0,1.0,0.0,0.0,0.0,0.0,0.0,0.0,0.0,0.0,0.0,0.0,0.0,0.7272727272727273,0.36363636363636365,0.2727272727272727,1.0,1.0,0.0,1.0,1.0,0.0
0.0,0.6666666666666666,0.5925925925925926,0.3333333333333333,0.37037037037037035,0.4074074074074074,1.0,0.5,0.0,0.0,0.0,0.5,0.9375,0.0,0.0,0.0,1.0,0.0,1.0,0.0,0.0,0.0,0.0,1.0,0.0,0.0,0.0,0.0,0.0,0.0,0.625,0.6875,0.0,1.0,1.0,0.0,1.0,1.0,0.0
0.5,0.3333333333333333,0.3333333333333333,0.4074074074074074,0.5,0.5925925925925926,1.0,0.5,0.0,0.0,1.0,0.0,0.0,0.0,0.0,0.0,0.0,0.0,0.0,0.0,0.0,0.0,0.0,1.0,0.0,0.0,0.0,0.0,0.0,0.0,0.7777777777777778,0.3333333333333333,0.2222222222222222,1.0,1.0,0.0,1.0,1.0,0.0
1.0,0.4074074074074074,0.4074074074074074,0.3333333333333333,0.46296296296296297,0.5925925925925926,1.0,0.5,0.0,0.0,1.0,0.0,0.0,0.0,0.0,0.0,0.0,0.0,0.0,0.0,0.0,0.0,0.0,0.0,0.0,0.0,0.0,0.0,0.0,0.0,0.7272727272727273,0.36363636363636365,0.2727272727272727,1.0,1.0,0.0,1.0,1.0,0.0
0.0,0.5925925925925926,0.48148148148148145,0.3333333333333333,0.37037037037037035,0.4074074074074074,0.0,0.0,0.0,0.0,0.0,0.75,0.625,0.0,1.0,1.0,0.0,0.0,0.0,0.0,0.0,1.0,0.0,1.0,0.0,0.0,0.0,0.0,1.0,0.0,0.6923076923076923,0.7692307692307693,0.0,1.0,1.0,0.0,1.0,1.0,0.0
0.0,0.48148148148148145,0.4444444444444444,0.3333333333333333,0.37037037037037035,0.4074074074074074,0.0,0.0,0.0,0.0,0.0,0.25,0.4375,1.0,0.0,0.0,0.0,0.0,0.0,0.0,0.0,0.0,0.0,1.0,0.0,0.0,0.0,0.0,0.0,1.0,0.75,0.75,0.0,1.0,1.0,0.0,1.0,1.0,0.0
0.5,0.37037037037037035,0.3333333333333333,0.4074074074074074,0.4074074074074074,0.4074074074074074,1.0,0.25,0.0,0.0,0.0,0.25,0.8125,0.0,0.0,0.0,0.0,0.0,0.0,0.0,0.0,0.0,0.0,1.0,0.0,0.0,0.0,0.0,0.0,0.0,0.7777777777777778,0.4444444444444444,0.1111111111111111,1.0,1.0,0.0,1.0,1.0,0.0
1.0,0.4074074074074074,0.37037037037037035,0.3333333333333333,0.37037037037037035,0.4074074074074074,1.0,0.25,0.0,0.0,0.0,0.25,0.875,0.0,0.0,0.0,0.0,0.0,0.0,0.0,0.0,0.0,0.0,0.0,0.0,0.0,0.0,0.0,0.0,0.0,0.7,0.4,0.2,1.0,1.0,0.0,1.0,1.0,0.0
0.0,0.4074074074074074,0.4074074074074074,0.3333333333333333,0.35185185185185186,0.37037037037037035,1.0,0.25,0.0,0.0,1.0,0.0,0.0,0.0,0.0,0.0,0.0,0.0,0.0,0.0,0.0,0.0,0.0,1.0,0.0,0.0,0.0,0.0,0.0,0.0,0.8181818181818182,0.7272727272727273,0.0,1.0,1.0,0.0,1.0,1.0,0.0
0.5,0.3333333333333333,0.3333333333333333,0.37037037037037035,0.3888888888888889,0.4074074074074074,1.0,0.25,0.0,0.0,1.0,0.0,0.0,0.0,0.0,0.0,0.0,0.0,0.0,0.0,0.0,0.0,0.0,1.0,0.0,0.0,0.0,0.0,0.0,0.0,0.7777777777777778,0.4444444444444444,0.1111111111111111,1.0,1.0,0.0,1.0,1.0,0.0
1.0,0.37037037037037035,0.25925925925925924,0.3333333333333333,0.37037037037037035,0.4074074074074074,0.0,0.0,0.0,0.0,0.0,0.75,0.5625,0.0,0.0,0.0,0.0,0.0,0.0,1.0,0.0,0.0,0.0,0.0,0.0,0.0,0.0,0.0,0.0,0.0,0.8571428571428571,0.5714285714285714,0.2857142857142857,1.0,1.0,0.0,1.0,1.0,0.0
0.0,0.4074074074074074,0.4074074074074074,0.25925925925925924,0.2962962962962963,0.3333333333333333,1.0,0.75,0.0,0.0,1.0,0.0,0.0,0.0,0.0,0.0,0.0,0.0,0.0,0.0,0.0,0.0,0.0,1.0,0.0,0.0,0.0,0.0,0.0,0.0,0.8181818181818182,0.7272727272727273,0.0,1.0,1.0,0.0,1.0,1.0,0.0
0.5,0.3333333333333333,0.3333333333333333,0.25925925925925924,0.3333333333333333,0.4074074074074074,1.0,0.75,0.0,0.0,1.0,0.0,0.0,0.0,0.0,0.0,0.0,0.0,0.0,0.0,0.0,0.0,0.0,1.0,0.0,0.0,0.0,0.0,0.0,0.0,0.7777777777777778,0.4444444444444444,0.1111111111111111,1.0,1.0,0.0,1.0,1.0,0.0
1.0,0.25925925925925924,0.18518518518518517,0.3333333333333333,0.37037037037037035,0.4074074074074074,0.0,0.0,0.0,0.0,0.0,0.5,0.375,0.0,0.0,0.0,0.0,0.0,1.0,0.0,0.0,0.0,0.0,0.0,0.0,0.0,0.0,0.0,0.0,0.0,1.0,0.4,0.4,1.0,1.0,0.0,1.0,1.0,0.0
0.0,0.4074074074074074,0.4074074074074074,0.18518518518518517,0.25925925925925924,0.3333333333333333,1.0,0.5,0.0,0.0,1.0,0.0,0.0,0.0,0.0,0.0,0.0,0.0,0.0,0.0,0.0,0.0,0.0,1.0,0.0,0.0,0.0,0.0,0.0,0.0,0.8181818181818182,0.7272727272727273,0.0,1.0,1.0,0.0,1.0,1.0,0.0
0.5,0.3333333333333333,0.25925925925925924,0.18518518518518517,0.2962962962962963,0.4074074074074074,1.0,0.5,0.0,0.0,0.0,0.5,0.75,0.0,0.0,0.0,0.0,0.0,1.0,0.0,0.0,0.0,0.0,1.0,0.0,0.0,0.0,0.0,0.0,0.0,0.8571428571428571,0.5714285714285714,0.14285714285714285,1.0,1.0,0.0,1.0,1.0,0.0
1.0,0.18518518518518517,0.18518518518518517,0.25925925925925924,0.3333333333333333,0.4074074074074074,1.0,0.5,0.0,0.0,1.0,0.0,0.0,0.0,0.0,0.0,0.0,0.0,0.0,0.0,0.0,0.0,0.0,0.0,0.0,0.0,0.0,0.0,0.0,0.0,1.0,0.4,0.4,1.0,1.0,0.0,1.0,1.0,0.0
0.5,0.25925925925925924,0.2222222222222222,0.18518518518518517,0.2962962962962963,0.4074074074074074,0.0,0.0,0.0,0.0,0.0,0.25,0.1875,0.0,0.0,0.0,0.0,0.0,0.0,0.0,0.0,0.0,0.0,1.0,0.0,0.0,0.0,0.0,0.0,0.0,0.8333333333333334,0.5,0.16666666666666666,1.0,1.0,0.0,1.0,1.0,0.0
1.0,0.18518518518518517,0.14814814814814814,0.2222222222222222,0.3148148148148148,0.4074074074074074,1.0,0.25,0.0,0.0,0.0,0.25,0.5,0.0,1.0,0.0,0.0,0.0,0.0,0.0,0.0,0.0,0.0,0.0,0.0,0.0,0.0,0.0,1.0,0.0,1.0,0.25,0.5,1.0,1.0,0.0,1.0,1.0,0.0
1.0,0.14814814814814814,0.1111111111111111,0.2222222222222222,0.3148148148148148,0.4074074074074074,0.0,0.0,0.0,0.0,0.0,0.25,0.3125,0.0,0.0,0.0,0.0,0.0,0.0,0.0,0.0,0.0,0.0,0.0,0.0,0.0,0.0,0.0,0.0,0.0,1.0,0.0,0.6666666666666666,1.0,1.0,0.0,1.0,1.0,0.0
0.0,0.4074074074074074,0.37037037037037035,0.1111111111111111,0.16666666666666666,0.2222222222222222,1.0,0.25,0.0,0.0,0.0,0.25,0.4375,1.0,0.0,0.0,0.0,0.0,0.0,0.0,0.0,0.0,0.0,1.0,0.0,0.0,0.0,0.0,0.0,1.0,0.8,0.7,0.0,1.0,1.0,0.0,1.0,1.0,0.0
0.5,0.25925925925925924,0.2222222222222222,0.1111111111111111,0.2222222222222222,0.3333333333333333,1.0,0.25,0.0,0.0,0.0,0.25,0.625,0.0,0.0,1.0,0.0,0.0,0.0,0.0,0.0,0.0,0.0,1.0,0.0,0.0,0.0,0.0,0.0,0.0,1.0,0.6666666666666666,0.16666666666666666,1.0,1.0,0.0,1.0,1.0,0.0
1.0,0.1111111111111111,0.07407407407407407,0.2222222222222222,0.2777777777777778,0.3333333333333333,1.0,0.25,0.0,0.0,0.0,0.25,0.75,0.0,0.0,0.0,0.0,0.0,0.0,0.0,0.0,0.0,0.0,0.0,0.0,0.0,0.0,0.0,0.0,0.0,1.0,0.0,1.0,1.0,1.0,0.0,1.0,1.0,0.0
0.0,0.3333333333333333,0.3333333333333333,0.07407407407407407,0.14814814814814814,0.2222222222222222,1.0,0.25,0.0,0.0,1.0,0.0,0.0,0.0,0.0,0.0,0.0,0.0,0.0,0.0,0.0,0.0,0.0,1.0,0.0,0.0,0.0,1.0,0.0,0.0,0.7777777777777778,0.6666666666666666,0.0,1.0,1.0,0.0,1.0,1.0,0.0
0.5,0.2222222222222222,0.18518518518518517,0.07407407407407407,0.2037037037037037,0.3333333333333333,1.0,0.25,0.0,0.0,0.0,0.25,0.875,0.0,0.0,0.0,0.0,0.0,0.0,0.0,0.0,0.0,0.0,1.0,0.0,0.0,0.0,1.0,0.0,0.0,1.0,0.8,0.0,1.0,1.0,0.0,1.0,1.0,0.0
1.0,0.07407407407407407,0.037037037037037035,0.18518518518518517,0.25925925925925924,0.3333333333333333,1.0,0.25,0.0,0.0,0.0,0.25,1.0,0.0,0.0,0.0,0.0,1.0,0.0,0.0,0.0,0.0,0.0,0.0,0.0,0.0,0.0,0.0,0.0,0.0,1.0,0.0,1.0,1.0,1.0,0.0,1.0,1.0,0.0
0.5,0.18518518518518517,0.14814814814814814,0.037037037037037035,0.18518518518518517,0.3333333333333333,1.0,0.25,0.0,0.0,0.0,0.25,0.1875,0.0,0.0,0.0,0.0,0.0,0.0,0.0,0.0,0.0,0.0,1.0,0.0,0.0,0.0,1.0,0.0,0.0,1.0,0.75,0.0,1.0,1.0,0.0,1.0,1.0,0.0
1.0,0.037037037037037035,0.037037037037037035,0.14814814814814814,0.24074074074074073,0.3333333333333333,1.0,0.25,0.0,0.0,1.0,0.0,0.0,0.0,0.0,0.0,0.0,0.0,0.0,0.0,0.0,0.0,0.0,0.0,0.0,0.0,0.0,0.0,0.0,0.0,1.0,0.0,1.0,1.0,1.0,0.0,1.0,1.0,0.0
0.5,0.14814814814814814,0.1111111111111111,0.037037037037037035,0.18518518518518517,0.3333333333333333,0.0,0.0,0.0,0.0,0.0,0.25,0.3125,0.0,0.0,0.0,0.0,0.0,0.0,0.0,0.0,0.0,0.0,1.0,0.0,0.0,0.0,1.0,0.0,0.0,1.0,0.6666666666666666,0.0,1.0,1.0,0.0,1.0,1.0,0.0
1.0,0.037037037037037035,0.037037037037037035,0.1111111111111111,0.2222222222222222,0.3333333333333333,1.0,0.25,0.0,0.0,1.0,0.0,0.0,0.0,0.0,0.0,0.0,0.0,0.0,0.0,0.0,0.0,0.0,0.0,0.0,0.0,0.0,0.0,0.0,0.0,1.0,0.0,1.0,1.0,1.0,0.0,1.0,1.0,0.0
0.0,0.3333333333333333,0.2962962962962963,0.037037037037037035,0.07407407407407407,0.1111111111111111,1.0,0.25,0.0,0.0,0.0,0.25,0.375,0.0,0.0,0.0,0.0,0.0,0.0,0.0,0.0,0.0,0.0,1.0,0.0,0.0,0.0,1.0,0.0,0.0,0.75,0.625,0.0,1.0,1.0,0.0,1.0,1.0,0.0
0.5,0.1111111111111111,0.1111111111111111,0.037037037037037035,0.16666666666666666,0.2962962962962963,1.0,0.25,0.0,0.0,1.0,0.0,0.0,0.0,0.0,0.0,0.0,0.0,0.0,0.0,0.0,0.0,0.0,1.0,0.0,0.0,0.0,1.0,0.0,0.0,1.0,0.6666666666666666,0.0,1.0,1.0,0.0,1.0,1.0,0.0
0.0,0.2962962962962963,0.25925925925925924,0.037037037037037035,0.07407407407407407,0.1111111111111111,0.0,0.0,0.0,0.0,0.0,0.25,0.25,0.0,0.0,0.0,0.0,0.0,0.0,0.0,0.0,0.0,0.0,1.0,0.0,0.0,0.0,1.0,0.0,0.0,0.8571428571428571,0.5714285714285714,0.0,1.0,1.0,0.0,1.0,1.0,0.0
0.5,0.1111111111111111,0.07407407407407407,0.037037037037037035,0.14814814814814814,0.25925925925925924,1.0,0.25,0.0,0.0,0.0,0.25,0.375,0.0,0.0,0.0,0.0,0.0,0.0,0.0,0.0,0.0,0.0,1.0,0.0,0.0,0.0,1.0,0.0,0.0,1.0,0.5,0.0,1.0,1.0,0.0,1.0,1.0,0.0
1.0,0.037037037037037035,0.0,0.07407407407407407,0.16666666666666666,0.25925925925925924,1.0,0.25,0.0,0.0,0.0,0.25,0.8125,0.0,0.0,0.0,0.0,0.0,0.0,0.0,0.0,0.0,1.0,0.0,0.0,0.0,0.0,1.0,0.0,0.0,0.0,0.0,0.0,1.0,1.0,0.0,1.0,1.0,0.0
0.0,0.25925925925925924,0.25925925925925924,0.07407407407407407,0.07407407407407407,0.07407407407407407,1.0,0.25,0.0,0.0,1.0,0.0,0.0,0.0,0.0,0.0,0.0,0.0,0.0,0.0,0.0,0.0,0.0,1.0,0.0,0.0,0.0,1.0,0.0,0.0,0.8571428571428571,0.5714285714285714,0.0,1.0,1.0,0.0,1.0,1.0,0.0
0.5,0.07407407407407407,0.07407407407407407,0.25925925925925924,0.25925925925925924,0.25925925925925924,1.0,0.25,0.0,0.0,1.0,0.0,0.0,0.0,0.0,0.0,0.0,0.0,0.0,0.0,0.0,0.0,0.0,1.0,0.0,0.0,0.0,0.0,0.0,0.0,1.0,0.5,0.0,1.0,1.0,0.0,1.0,1.0,0.0
0.0,0.25925925925925924,0.2222222222222222,0.07407407407407407,0.07407407407407407,0.07407407407407407,0.0,0.0,0.0,0.0,0.0,0.25,0.25,0.0,0.0,0.0,0.0,0.0,0.0,0.0,0.0,0.0,0.0,1.0,0.0,0.0,0.0,1.0,0.0,0.0,0.8333333333333334,0.5,0.0,1.0,1.0,0.0,1.0,1.0,0.0
0.5,0.07407407407407407,0.037037037037037035,0.2222222222222222,0.2222222222222222,0.2222222222222222,1.0,0.25,0.0,0.0,0.0,0.25,0.5,0.0,1.0,0.0,0.0,0.0,0.0,0.0,0.0,0.0,0.0,1.0,0.0,1.0,0.0,0.0,1.0,0.0,1.0,0.0,0.0,1.0,1.0,0.0,1.0,1.0,0.0
0.5,0.037037037037037035,0.0,0.2222222222222222,0.2222222222222222,0.2222222222222222,0.0,0.0,0.0,0.0,0.0,0.25,0.625,0.0,0.0,1.0,0.0,0.0,0.0,0.0,0.0,0.0,1.0,0.0,1.0,0.0,1.0,0.0,0.0,0.0,0.0,0.0,0.0,1.0,1.0,0.0,1.0,1.0,0.0
1.0,1.0,0.8148148148148148,1.0,1.0,1.0,0.0,0.0,0.0,0.0,0.0,1.25,0.4375,1.0,0.0,0.0,0.0,0.0,0.0,0.0,0.0,1.0,0.0,1.0,0.0,0.0,0.0,0.0,0.0,1.0,0.5454545454545454,0.36363636363636365,0.36363636363636365,0.0,1.0,1.0,1.0,1.0,0.0
0.0,1.037037037037037,0.8518518518518519,0.7777777777777778,0.7777777777777778,0.7777777777777778,1.0,1.25,0.0,0.0,0.0,1.25,0.75,0.0,1.0,1.0,0.0,0.0,0.0,0.0,0.0,1.0,0.0,1.0,0.0,0.0,0.0,0.0,1.0,0.0,0.5217391304347826,0.4782608695652174,0.2608695652173913,0.0,1.0,1.0,1.0,1.0,0.0
0.0,0.8518518518518519,0.7407407407407407,0.7777777777777778,0.7777777777777778,0.7777777777777778,0.0,0.0,0.0,0.0,0.0,0.75,0.3125,0.0,0.0,0.0,0.0,0.0,0.0,1.0,0.0,0.0,0.0,1.0,0.0,0.0,0.0,0.0,0.0,0.0,0.55,0.4,0.3,0.0,1.0,1.0,1.0,1.0,0.0
1.0,0.7777777777777778,0.6666666666666666,0.7407407407407407,0.7407407407407407,0.7407407407407407,1.0,0.75,0.0,0.0,0.0,0.75,0.375,0.0,0.0,0.0,0.0,0.0,0.0,1.0,0.0,0.0,0.0,1.0,0.0,0.0,0.0,0.0,0.0,0.0,0.6111111111111112,0.2222222222222222,0.4444444444444444,0.0,1.0,1.0,1.0,1.0,0.0
0.0,0.7407407407407407,0.6296296296296297,0.6666666666666666,0.6666666666666666,0.6666666666666666,1.0,0.75,0.0,0.0,0.0,0.75,0.75,0.0,0.0,0.0,0.0,0.0,0.0,1.0,0.0,0.0,0.0,1.0,0.0,0.0,0.0,0.0,0.0,0.0,0.5882352941176471,0.47058823529411764,0.35294117647058826,0.0,1.0,1.0,1.0,1.0,0.0
1.0,0.6666666666666666,0.6666666666666666,0.6296296296296297,0.6296296296296297,0.6296296296296297,1.0,0.75,0.0,0.0,1.0,0.0,0.0,0.0,0.0,0.0,0.0,0.0,0.0,0.0,0.0,0.0,0.0,1.0,0.0,0.0,0.0,0.0,0.0,0.0,0.6111111111111112,0.2222222222222222,0.4444444444444444,0.0,1.0,1.0,1.0,1.0,0.0
0.0,0.6296296296296297,0.5555555555555556,0.6666666666666666,0.6666666666666666,0.6666666666666666,0.0,0.0,0.0,0.0,0.0,0.5,0.4375,1.0,0.0,0.0,0.0,0.0,1.0,0.0,0.0,0.0,0.0,1.0,0.0,0.0,0.0,0.0,0.0,1.0,0.6,0.4,0.4,0.0,1.0,1.0,1.0,1.0,0.0
1.0,0.7407407407407407,0.6666666666666666,0.48148148148148145,0.48148148148148145,0.48148148148148145,1.0,0.5,0.0,0.0,0.0,0.5,0.5625,0.0,0.0,0.0,0.0,0.0,1.0,0.0,0.0,0.0,0.0,1.0,0.0,0.0,0.0,0.0,0.0,0.0,0.5555555555555556,0.3333333333333333,0.4444444444444444,0.0,1.0,1.0,1.0,1.0,0.0
0.0,0.48148148148148145,0.48148148148148145,0.6666666666666666,0.6666666666666666,0.6666666666666666,1.0,0.5,0.0,0.0,1.0,0.0,0.0,0.0,0.0,0.0,0.0,0.0,0.0,0.0,0.0,0.0,0.0,1.0,0.0,0.0,0.0,0.0,0.0,0.0,0.6153846153846154,0.3076923076923077,0.46153846153846156,0.0,1.0,1.0,1.0,1.0,0.0
1.0,0.6666666666666666,0.5555555555555556,0.48148148148148145,0.48148148148148145,0.48148148148148145,0.0,0.0,0.0,0.0,0.0,0.75,0.1875,0.0,0.0,0.0,0.0,0.0,0.0,1.0,0.0,0.0,0.0,1.0,0.0,0.0,0.0,0.0,0.0,0.0,0.6,0.2,0.5333333333333333,0.0,1.0,1.0,1.0,1.0,0.0
0.0,0.48148148148148145,0.48148148148148145,0.5555555555555556,0.5555555555555556,0.5555555555555556,1.0,0.75,0.0,0.0,1.0,0.0,0.0,0.0,0.0,0.0,0.0,0.0,0.0,0.0,0.0,0.0,0.0,1.0,0.0,0.0,0.0,0.0,0.0,0.0,0.6153846153846154,0.3076923076923077,0.46153846153846156,0.0,1.0,1.0,1.0,1.0,0.0
1.0,0.5555555555555556,0.4444444444444444,0.48148148148148145,0.48148148148148145,0.48148148148148145,0.0,0.0,0.0,0.0,0.0,0.75,0.6875,0.0,0.0,0.0,0.0,0.0,0.0,1.0,0.0,0.0,0.0,1.0,0.0,0.0,0.0,0.0,0.0,0.0,0.6666666666666666,0.25,0.6666666666666666,0.0,1.0,1.0,1.0,1.0,0.0
0.0,0.48148148148148145,0.48148148148148145,0.4444444444444444,0.4444444444444444,0.4444444444444444,1.0,0.75,0.0,0.0,1.0,0.0,0.0,0.0,0.0,0.0,0.0,0.0,0.0,0.0,0.0,0.0,0.0,1.0,0.0,0.0,0.0,0.0,0.0,0.0,0.6153846153846154,0.3076923076923077,0.46153846153846156,0.0,1.0,1.0,1.0,1.0,0.0
1.0,0.4444444444444444,0.3333333333333333,0.48148148148148145,0.48148148148148145,0.48148148148148145,0.0,0.0,0.0,0.0,0.0,0.75,0.9375,0.0,0.0,0.0,1.0,0.0,0.0,1.0,0.0,0.0,0.0,1.0,0.0,0.0,0.0,0.0,0.0,0.0,0.7777777777777778,0.3333333333333333,0.5555555555555556,0.0,1.0,1.0,1.0,1.0,0.0
0.0,0.48148148148148145,0.48148148148148145,0.3333333333333333,0.3333333333333333,0.3333333333333333,1.0,0.75,0.0,0.0,1.0,0.0,0.0,0.0,0.0,0.0,0.0,0.0,0.0,0.0,0.0,0.0,0.0,1.0,0.0,0.0,0.0,0.0,0.0,0.0,0.6153846153846154,0.3076923076923077,0.46153846153846156,0.0,1.0,1.0,1.0,1.0,0.0
1.0,0.3333333333333333,0.25925925925925924,0.48148148148148145,0.48148148148148145,0.48148148148148145,0.0,0.0,0.0,0.0,0.0,0.5,0.8125,0.0,0.0,0.0,0.0,0.0,1.0,0.0,0.0,0.0,0.0,1.0,0.0,0.0,0.0,0.0,0.0,0.0,0.8571428571428571,0.42857142857142855,0.42857142857142855,0.0,1.0,1.0,1.0,1.0,0.0
0.0,0.48148148148148145,0.4074074074074074,0.25925925925925924,0.25925925925925924,0.25925925925925924,1.0,0.5,0.0,0.0,0.0,0.5,0.875,0.0,0.0,0.0,0.0,0.0,1.0,0.0,0.0,0.0,0.0,1.0,0.0,0.0,0.0,0.0,0.0,0.0,0.6363636363636364,0.36363636363636365,0.36363636363636365,0.0,1.0,1.0,1.0,1.0,0.0
1.0,0.25925925925925924,0.25925925925925924,0.4074074074074074,0.4074074074074074,0.4074074074074074,1.0,0.5,0.0,0.0,1.0,0.0,0.0,0.0,0.0,0.0,0.0,0.0,0.0,0.0,0.0,0.0,0.0,1.0,0.0,0.0,0.0,0.0,0.0,0.0,0.8571428571428571,0.42857142857142855,0.42857142857142855,0.0,1.0,1.0,1.0,1.0,0.0
0.0,0.4074074074074074,0.3333333333333333,0.25925925925925924,0.25925925925925924,0.25925925925925924,0.0,0.0,0.0,0.0,0.0,0.5,0.25,0.0,0.0,0.0,0.0,0.0,1.0,0.0,0.0,0.0,0.0,1.0,0.0,0.0,0.0,0.0,0.0,0.0,0.6666666666666666,0.2222222222222222,0.4444444444444444,0.0,1.0,1.0,1.0,1.0,0.0
1.0,0.25925925925925924,0.18518518518518517,0.3333333333333333,0.3333333333333333,0.3333333333333333,1.0,0.5,0.0,0.0,0.0,0.5,0.875,0.0,0.0,0.0,0.0,0.0,1.0,0.0,0.0,0.0,0.0,1.0,0.0,0.0,0.0,0.0,0.0,0.0,1.0,0.6,0.2,0.0,1.0,1.0,1.0,1.0,0.0
0.0,0.3333333333333333,0.3333333333333333,0.18518518518518517,0.18518518518518517,0.18518518518518517,1.0,0.5,0.0,0.0,1.0,0.0,0.0,0.0,0.0,0.0,0.0,0.0,0.0,0.0,0.0,0.0,0.0,1.0,0.0,0.0,0.0,0.0,0.0,0.0,0.6666666666666666,0.2222222222222222,0.4444444444444444,0.0,1.0,1.0,1.0,1.0,0.0
1.0,0.18518518518518517,0.14814814814814814,0.3333333333333333,0.3333333333333333,0.3333333333333333,0.0,0.0,0.0,0.0,0.0,0.25,0.4375,1.0,0.0,0.0,0.0,0.0,0.0,0.0,0.0,0.0,0.0,1.0,0.0,0.0,0.0,0.0,0.0,1.0,1.0,0.5,0.25,0.0,1.0,1.0,1.0,1.0,0.0
0.0,0.37037037037037035,0.3333333333333333,0.1111111111111111,0.1111111111111111,0.1111111111111111,1.0,0.25,0.0,0.0,0.0,0.25,0.8125,0.0,0.0,0.0,0.0,0.0,0.0,0.0,0.0,0.0,0.0,1.0,0.0,0.0,0.0,0.0,0.0,0.0,0.7777777777777778,0.3333333333333333,0.3333333333333333,0.0,1.0,1.0,1.0,1.0,0.0
1.0,0.1111111111111111,0.07407407407407407,0.3333333333333333,0.3333333333333333,0.3333333333333333,1.0,0.25,0.0,0.0,0.0,0.25,1.0,0.0,0.0,0.0,0.0,1.0,0.0,0.0,0.0,0.0,0.0,1.0,0.0,0.0,0.0,0.0,0.0,0.0,1.0,0.5,0.0,0.0,1.0,1.0,1.0,1.0,0.0
0.0,0.3333333333333333,0.3333333333333333,0.07407407407407407,0.07407407407407407,0.07407407407407407,1.0,0.25,0.0,0.0,1.0,0.0,0.0,0.0,0.0,0.0,0.0,0.0,0.0,0.0,0.0,0.0,0.0,1.0,0.0,0.0,0.0,1.0,0.0,0.0,0.7777777777777778,0.3333333333333333,0.3333333333333333,0.0,1.0,1.0,1.0,1.0,0.0
1.0,0.07407407407407407,0.037037037037037035,0.3333333333333333,0.3333333333333333,0.3333333333333333,0.0,0.0,0.0,0.0,0.0,0.25,0.5,0.0,1.0,0.0,0.0,0.0,0.0,0.0,0.0,0.0,0.0,1.0,0.0,1.0,0.0,0.0,1.0,0.0,1.0,0.0,0.0,0.0,1.0,1.0,1.0,1.0,0.0
1.0,0.037037037037037035,0.0,0.3333333333333333,0.3333333333333333,0.3333333333333333,0.0,0.0,0.0,0.0,0.0,0.25,0.625,0.0,0.0,1.0,0.0,0.0,0.0,0.0,0.0,0.0,1.0,0.0,1.0,0.0,1.0,0.0,0.0,0.0,0.0,0.0,0.0,0.0,1.0,1.0,1.0,1.0,0.0
0.0,0.5185185185185185,0.48148148148148145,0.48148148148148145,0.48148148148148145,0.48148148148148145,0.0,0.0,0.0,0.0,0.0,0.25,0.75,0.0,0.0,0.0,0.0,0.0,0.0,0.0,0.0,0.0,0.0,0.0,0.0,0.0,0.0,0.0,0.0,0.0,0.6153846153846154,0.46153846153846156,0.3076923076923077,1.0,1.0,1.0,1.0,0.0,0.0
1.0,0.48148148148148145,0.4444444444444444,0.48148148148148145,0.48148148148148145,0.48148148148148145,1.0,0.25,0.0,0.0,0.0,0.25,0.8125,0.0,0.0,0.0,0.0,0.0,0.0,0.0,0.0,0.0,0.0,0.0,0.0,0.0,0.0,0.0,0.0,0.0,0.75,0.3333333333333333,0.16666666666666666,1.0,1.0,1.0,1.0,0.0,0.0
0.6666666666666666,0.48148148148148145,0.4444444444444444,0.4444444444444444,0.4691358024691358,0.48148148148148145,1.0,0.25,0.0,1.0,0.0,0.25,0.875,0.0,0.0,0.0,0.0,0.0,0.0,0.0,0.0,0.0,0.0,0.0,0.0,0.0,0.0,0.0,0.0,0.0,0.75,0.6666666666666666,0.08333333333333333,1.0,1.0,1.0,1.0,0.0,0.0
0.3333333333333333,0.48148148148148145,0.4444444444444444,0.4444444444444444,0.45679012345679015,0.48148148148148145,1.0,0.25,0.0,1.0,0.0,0.25,0.9375,0.0,0.0,0.0,1.0,0.0,0.0,0.0,0.0,0.0,0.0,0.0,0.0,0.0,0.0,0.0,0.0,0.0,0.75,0.5,0.25,1.0,1.0,1.0,1.0,0.0,0.0
0.0,0.48148148148148145,0.48148148148148145,0.4444444444444444,0.4444444444444444,0.4444444444444444,1.0,0.25,0.0,1.0,1.0,0.0,0.0,0.0,0.0,0.0,0.0,0.0,0.0,0.0,0.0,0.0,0.0,0.0,0.0,0.0,0.0,0.0,0.0,0.0,0.6153846153846154,0.46153846153846156,0.3076923076923077,1.0,1.0,1.0,1.0,0.0,0.0
1.0,0.4444444444444444,0.4074074074074074,0.4444444444444444,0.45679012345679015,0.48148148148148145,1.0,0.25,0.0,1.0,0.0,0.25,1.0,0.0,0.0,0.0,0.0,1.0,0.0,0.0,0.0,0.0,0.0,0.0,0.0,0.0,0.0,0.0,0.0,0.0,0.7272727272727273,0.36363636363636365,0.09090909090909091,1.0,1.0,1.0,1.0,0.0,0.0
0.6666666666666666,0.4444444444444444,0.4074074074074074,0.4074074074074074,0.4444444444444444,0.48148148148148145,1.0,0.25,0.0,1.0,0.0,0.25,0.1875,0.0,0.0,0.0,0.0,0.0,0.0,0.0,0.0,0.0,0.0,0.0,0.0,0.0,0.0,0.0,0.0,0.0,0.8181818181818182,0.6363636363636364,0.09090909090909091,1.0,1.0,1.0,1.0,0.0,0.0
0.3333333333333333,0.4444444444444444,0.4074074074074074,0.4074074074074074,0.43209876543209874,0.48148148148148145,1.0,0.25,0.0,1.0,0.0,0.25,0.4375,1.0,0.0,0.0,0.0,0.0,0.0,0.0,0.0,0.0,0.0,0.0,0.0,0.0,0.0,0.0,0.0,1.0,0.7272727272727273,0.45454545454545453,0.2727272727272727,1.0,1.0,1.0,1.0,0.0,0.0
1.0,0.4074074074074074,0.37037037037037035,0.37037037037037035,0.43209876543209874,0.5185185185185185,1.0,0.25,0.0,1.0,0.0,0.25,0.6875,0.0,0.0,0.0,0.0,0.0,0.0,0.0,0.0,0.0,0.0,0.0,0.0,0.0,0.0,0.0,0.0,0.0,0.7,0.4,0.1,1.0,1.0,1.0,1.0,0.0,0.0
0.6666666666666666,0.4074074074074074,0.4074074074074074,0.37037037037037035,0.4197530864197531,0.5185185185185185,1.0,0.25,0.0,1.0,1.0,0.0,0.0,0.0,0.0,0.0,0.0,0.0,0.0,0.0,0.0,0.0,0.0,0.0,0.0,0.0,0.0,0.0,0.0,0.0,0.8181818181818182,0.6363636363636364,0.09090909090909091,1.0,1.0,1.0,1.0,0.0,0.0
0.3333333333333333,0.37037037037037035,0.37037037037037035,0.37037037037037035,0.43209876543209874,0.5185185185185185,1.0,0.25,0.0,1.0,1.0,0.0,0.0,0.0,0.0,0.0,0.0,0.0,0.0,0.0,0.0,0.0,0.0,0.0,0.0,0.0,0.0,0.0,0.0,0.0,0.8,0.4,0.3,1.0,1.0,1.0,1.0,0.0,0.0
1.0,0.37037037037037035,0.2962962962962963,0.37037037037037035,0.43209876543209874,0.5185185185185185,0.0,0.0,0.0,0.0,0.0,0.5,0.4375,1.0,0.0,0.0,0.0,0.0,1.0,0.0,0.0,0.0,0.0,0.0,0.0,0.0,0.0,0.0,0.0,1.0,0.75,0.25,0.125,1.0,1.0,1.0,1.0,0.0,0.0
0.6666666666666666,0.48148148148148145,0.4074074074074074,0.2222222222222222,0.37037037037037035,0.5185185185185185,1.0,0.5,0.0,0.0,0.0,0.5,0.5,0.0,1.0,0.0,0.0,0.0,1.0,0.0,0.0,0.0,0.0,0.0,0.0,0.0,0.0,0.0,1.0,0.0,0.8181818181818182,0.6363636363636364,0.09090909090909091,1.0,1.0,1.0,1.0,0.0,0.0
0.6666666666666666,0.4074074074074074,0.2962962962962963,0.2222222222222222,0.37037037037037035,0.5185185185185185,0.0,0.0,0.0,0.0,0.0,0.75,0.375,0.0,0.0,0.0,0.0,0.0,0.0,0.0,0.0,1.0,0.0,0.0,0.0,0.0,0.0,0.0,0.0,0.0,1.0,0.5,0.125,1.0,1.0,1.0,1.0,0.0,0.0
0.3333333333333333,0.37037037037037035,0.37037037037037035,0.2222222222222222,0.34567901234567905,0.5185185185185185,1.0,0.75,0.0,0.0,1.0,0.0,0.0,0.0,0.0,0.0,0.0,0.0,0.0,0.0,0.0,0.0,0.0,0.0,0.0,0.0,0.0,0.0,0.0,0.0,0.8,0.4,0.3,1.0,1.0,1.0,1.0,0.0,0.0
0.0,0.5185185185185185,0.5185185185185185,0.2222222222222222,0.2962962962962963,0.37037037037037035,1.0,0.75,0.0,0.0,1.0,0.0,0.0,0.0,0.0,0.0,0.0,0.0,0.0,0.0,0.0,0.0,0.0,0.0,0.0,0.0,0.0,0.0,0.0,0.0,0.6428571428571429,0.5,0.2857142857142857,1.0,1.0,1.0,1.0,0.0,0.0
1.0,0.2222222222222222,0.2222222222222222,0.2962962962962963,0.3950617283950617,0.5185185185185185,1.0,0.75,0.0,0.0,1.0,0.0,0.0,0.0,0.0,0.0,0.0,0.0,0.0,0.0,0.0,0.0,0.0,0.0,0.0,0.0,0.0,0.0,0.0,0.0,0.6666666666666666,0.0,0.16666666666666666,1.0,1.0,1.0,1.0,0.0,0.0
0.6666666666666666,0.2962962962962963,0.25925925925925924,0.2222222222222222,0.37037037037037035,0.5185185185185185,0.0,0.0,0.0,0.0,0.0,0.25,0.1875,0.0,0.0,0.0,0.0,0.0,0.0,0.0,0.0,0.0,0.0,0.0,0.0,0.0,0.0,0.0,0.0,0.0,1.0,0.42857142857142855,0.14285714285714285,1.0,1.0,1.0,1.0,0.0,0.0
0.3333333333333333,0.37037037037037035,0.3333333333333333,0.2222222222222222,0.3333333333333333,0.5185185185185185,1.0,0.25,0.0,0.0,0.0,0.25,0.5,0.0,1.0,0.0,0.0,0.0,0.0,0.0,0.0,0.0,0.0,0.0,0.0,0.0,0.0,0.0,1.0,0.0,0.7777777777777778,0.3333333333333333,0.3333333333333333,1.0,1.0,1.0,1.0,0.0,0.0
0.3333333333333333,0.3333333333333333,0.2962962962962963,0.2222222222222222,0.3333333333333333,0.5185185185185185,0.0,0.0,0.0,0.0,0.0,0.25,0.875,0.0,0.0,0.0,0.0,0.0,0.0,0.0,0.0,0.0,0.0,0.0,0.0,0.0,0.0,0.0,0.0,0.0,0.875,0.375,0.25,1.0,1.0,1.0,1.0,0.0,0.0
0.0,0.5185185185185185,0.5185185185185185,0.2222222222222222,0.25925925925925924,0.2962962962962963,1.0,0.25,0.0,0.0,1.0,0.0,0.0,0.0,0.0,0.0,0.0,0.0,0.0,0.0,0.0,0.0,0.0,0.0,0.0,0.0,0.0,0.0,0.0,0.0,0.6428571428571429,0.5,0.2857142857142857,1.0,1.0,1.0,1.0,0.0,0.0
1.0,0.2222222222222222,0.2222222222222222,0.25925925925925924,0.35802469135802467,0.5185185185185185,1.0,0.25,0.0,0.0,1.0,0.0,0.0,0.0,0.0,0.0,0.0,0.0,0.0,0.0,0.0,0.0,0.0,0.0,0.0,0.0,0.0,0.0,0.0,0.0,0.6666666666666666,0.0,0.16666666666666666,1.0,1.0,1.0,1.0,0.0,0.0
0.6666666666666666,0.25925925925925924,0.2222222222222222,0.2222222222222222,0.34567901234567905,0.5185185185185185,1.0,0.25,0.0,0.0,0.0,0.25,0.9375,0.0,0.0,0.0,1.0,0.0,0.0,0.0,0.0,0.0,0.0,0.0,0.0,0.0,0.0,0.0,0.0,0.0,1.0,0.5,0.0,1.0,1.0,1.0,1.0,0.0,0.0
0.3333333333333333,0.2962962962962963,0.2962962962962963,0.2222222222222222,0.32098765432098764,0.5185185185185185,1.0,0.25,0.0,0.0,1.0,0.0,0.0,0.0,0.0,0.0,0.0,0.0,0.0,0.0,0.0,0.0,0.0,0.0,0.0,0.0,0.0,0.0,0.0,0.0,0.875,0.375,0.25,1.0,1.0,1.0,1.0,0.0,0.0
0.6666666666666666,0.2222222222222222,0.18518518518518517,0.2222222222222222,0.34567901234567905,0.5185185185185185,0.0,0.0,0.0,0.0,0.0,0.25,0.3125,0.0,0.0,0.0,0.0,0.0,0.0,0.0,0.0,0.0,0.0,0.0,0.0,0.0,0.0,0.0,0.0,0.0,1.0,0.4,0.0,1.0,1.0,1.0,1.0,0.0,0.0
0.3333333333333333,0.2962962962962963,0.25925925925925924,0.18518518518518517,0.308641975308642,0.5185185185185185,1.0,0.25,0.0,0.0,0.0,0.25,0.375,0.0,0.0,0.0,0.0,0.0,0.0,0.0,0.0,0.0,0.0,0.0,0.0,0.0,0.0,0.0,0.0,0.0,0.8571428571428571,0.2857142857142857,0.2857142857142857,1.0,1.0,1.0,1.0,0.0,0.0
0.0,0.5185185185185185,0.48148148148148145,0.18518518518518517,0.2222222222222222,0.25925925925925924,1.0,0.25,0.0,0.0,0.0,0.25,0.5,0.0,1.0,0.0,0.0,0.0,0.0,0.0,0.0,0.0,0.0,0.0,0.0,0.0,0.0,0.0,1.0,0.0,0.6153846153846154,0.46153846153846156,0.3076923076923077,1.0,1.0,1.0,1.0,0.0,0.0
0.0,0.48148148148148145,0.4444444444444444,0.18518518518518517,0.2222222222222222,0.25925925925925924,0.0,0.0,0.0,0.0,0.0,0.25,0.5625,0.0,0.0,0.0,0.0,0.0,0.0,0.0,0.0,0.0,0.0,0.0,0.0,0.0,0.0,0.0,0.0,0.0,0.5833333333333334,0.5,0.3333333333333333,1.0,1.0,1.0,1.0,0.0,0.0
1.0,0.2222222222222222,0.18518518518518517,0.18518518518518517,0.2962962962962963,0.4444444444444444,1.0,0.25,0.0,0.0,0.0,0.25,0.625,0.0,0.0,1.0,0.0,0.0,0.0,0.0,0.0,0.0,0.0,0.0,0.0,0.0,0.0,0.0,0.0,0.0,0.8,0.0,0.2,1.0,1.0,1.0,1.0,0.0,0.0
0.6666666666666666,0.18518518518518517,0.18518518518518517,0.18518518518518517,0.2962962962962963,0.4444444444444444,1.0,0.25,0.0,1.0,1.0,0.0,0.0,0.0,0.0,0.0,0.0,0.0,0.0,0.0,0.0,0.0,0.0,0.0,0.0,0.0,0.0,0.0,0.0,0.0,1.0,0.4,0.0,1.0,1.0,1.0,1.0,0.0,0.0
0.3333333333333333,0.25925925925925924,0.25925925925925924,0.18518518518518517,0.2716049382716049,0.4444444444444444,1.0,0.25,0.0,1.0,1.0,0.0,0.0,0.0,0.0,0.0,0.0,0.0,0.0,0.0,0.0,0.0,0.0,0.0,0.0,0.0,0.0,0.0,0.0,0.0,0.8571428571428571,0.2857142857142857,0.2857142857142857,1.0,1.0,1.0,1.0,0.0,0.0
0.0,0.4444444444444444,0.4444444444444444,0.18518518518518517,0.20987654320987656,0.25925925925925924,1.0,0.25,0.0,1.0,1.0,0.0,0.0,0.0,0.0,0.0,0.0,0.0,0.0,0.0,0.0,0.0,0.0,0.0,0.0,0.0,0.0,0.0,0.0,0.0,0.5833333333333334,0.5,0.3333333333333333,1.0,1.0,1.0,1.0,0.0,0.0
1.0,0.18518518518518517,0.1111111111111111,0.18518518518518517,0.2962962962962963,0.4444444444444444,0.0,0.0,0.0,0.0,0.0,0.5,0.5625,0.0,0.0,0.0,0.0,0.0,1.0,0.0,0.0,0.0,0.0,0.0,0.0,0.0,0.0,0.0,0.0,0.0,1.0,0.0,0.3333333333333333,1.0,1.0,1.0,1.0,0.0,0.0
0.6666666666666666,0.18518518518518517,0.18518518518518517,0.1111111111111111,0.2716049382716049,0.4444444444444444,1.0,0.5,0.0,0.0,1.0,0.0,0.0,0.0,0.0,0.0,0.0,0.0,0.0,0.0,0.0,0.0,0.0,0.0,0.0,0.0,0.0,0.0,0.0,0.0,1.0,0.4,0.0,1.0,1.0,1.0,1.0,0.0,0.0
0.3333333333333333,0.25925925925925924,0.25925925925925924,0.1111111111111111,0.2469135802469136,0.4444444444444444,1.0,0.5,0.0,0.0,1.0,0.0,0.0,0.0,0.0,0.0,0.0,0.0,0.0,0.0,0.0,0.0,0.0,0.0,0.0,0.0,0.0,0.0,0.0,0.0,0.8571428571428571,0.2857142857142857,0.2857142857142857,1.0,1.0,1.0,1.0,0.0,0.0
0.0,0.4444444444444444,0.37037037037037035,0.1111111111111111,0.18518518518518517,0.25925925925925924,1.0,0.5,0.0,0.0,0.0,0.5,0.8125,0.0,0.0,0.0,0.0,0.0,1.0,0.0,0.0,0.0,0.0,0.0,0.0,0.0,0.0,0.0,0.0,0.0,0.6,0.6,0.2,1.0,1.0,1.0,1.0,0.0,0.0
1.0,0.1111111111111111,0.1111111111111111,0.18518518518518517,0.2716049382716049,0.37037037037037035,1.0,0.5,0.0,0.0,1.0,0.0,0.0,0.0,0.0,0.0,0.0,0.0,0.0,0.0,0.0,0.0,0.0,0.0,0.0,0.0,0.0,0.0,0.0,0.0,1.0,0.0,0.3333333333333333,1.0,1.0,1.0,1.0,0.0,0.0
0.0,0.37037037037037035,0.3333333333333333,0.1111111111111111,0.18518518518518517,0.25925925925925924,0.0,0.0,0.0,0.0,0.0,0.25,0.1875,0.0,0.0,0.0,0.0,0.0,0.0,0.0,0.0,0.0,0.0,0.0,0.0,0.0,0.0,0.0,0.0,0.0,0.6666666666666666,0.5555555555555556,0.2222222222222222,1.0,1.0,1.0,1.0,0.0,0.0
1.0,0.1111111111111111,0.07407407407407407,0.18518518518518517,0.25925925925925924,0.3333333333333333,1.0,0.25,0.0,0.0,0.0,0.25,0.625,0.0,0.0,1.0,0.0,0.0,0.0,0.0,0.0,0.0,0.0,0.0,0.0,0.0,0.0,0.0,0.0,0.0,1.0,0.0,0.5,1.0,1.0,1.0,1.0,0.0,0.0
0.6666666666666666,0.18518518518518517,0.14814814814814814,0.07407407407407407,0.2222222222222222,0.3333333333333333,1.0,0.25,0.0,1.0,0.0,0.25,0.6875,0.0,0.0,0.0,0.0,0.0,0.0,0.0,0.0,0.0,0.0,0.0,0.0,0.0,0.0,1.0,0.0,0.0,1.0,0.5,0.0,1.0,1.0,1.0,1.0,0.0,0.0
0.3333333333333333,0.25925925925925924,0.2222222222222222,0.07407407407407407,0.18518518518518517,0.3333333333333333,1.0,0.25,0.0,1.0,0.0,0.25,0.8125,0.0,0.0,0.0,0.0,0.0,0.0,0.0,0.0,0.0,0.0,0.0,0.0,0.0,0.0,1.0,0.0,0.0,0.8333333333333334,0.3333333333333333,0.16666666666666666,1.0,1.0,1.0,1.0,0.0,0.0
0.0,0.3333333333333333,0.2962962962962963,0.07407407407407407,0.14814814814814814,0.2222222222222222,1.0,0.25,0.0,1.0,0.0,0.25,0.9375,0.0,0.0,0.0,1.0,0.0,0.0,0.0,0.0,0.0,0.0,0.0,0.0,0.0,0.0,1.0,0.0,0.0,0.75,0.625,0.125,1.0,1.0,1.0,1.0,0.0,0.0
1.0,0.07407407407407407,0.07407407407407407,0.14814814814814814,0.2222222222222222,0.2962962962962963,1.0,0.25,0.0,1.0,1.0,0.0,0.0,0.0,0.0,0.0,0.0,0.0,0.0,0.0,0.0,0.0,0.0,0.0,0.0,0.0,0.0,0.0,0.0,0.0,1.0,0.0,0.5,1.0,1.0,1.0,1.0,0.0,0.0
0.6666666666666666,0.14814814814814814,0.14814814814814814,0.07407407407407407,0.19753086419753085,0.2962962962962963,1.0,0.25,0.0,1.0,1.0,0.0,0.0,0.0,0.0,0.0,0.0,0.0,0.0,0.0,0.0,0.0,0.0,0.0,0.0,0.0,0.0,1.0,0.0,0.0,1.0,0.5,0.0,1.0,1.0,1.0,1.0,0.0,0.0
0.3333333333333333,0.2222222222222222,0.2222222222222222,0.07407407407407407,0.17283950617283952,0.2962962962962963,1.0,0.25,0.0,1.0,1.0,0.0,0.0,0.0,0.0,0.0,0.0,0.0,0.0,0.0,0.0,0.0,0.0,0.0,0.0,0.0,0.0,1.0,0.0,0.0,0.8333333333333334,0.3333333333333333,0.16666666666666666,1.0,1.0,1.0,1.0,0.0,0.0
0.0,0.2962962962962963,0.18518518518518517,0.07407407407407407,0.14814814814814814,0.2222222222222222,0.0,0.0,0.0,0.0,0.0,0.75,0.25,0.0,0.0,0.0,0.0,0.0,0.0,1.0,0.0,0.0,0.0,0.0,0.0,0.0,0.0,1.0,0.0,0.0,1.0,0.4,0.2,1.0,1.0,1.0,1.0,0.0,0.0
1.0,0.07407407407407407,0.07407407407407407,0.14814814814814814,0.18518518518518517,0.2222222222222222,1.0,0.75,0.0,0.0,1.0,0.0,0.0,0.0,0.0,0.0,0.0,0.0,0.0,0.0,0.0,0.0,0.0,0.0,0.0,0.0,0.0,0.0,0.0,0.0,1.0,0.0,0.5,1.0,1.0,1.0,1.0,0.0,0.0
0.6666666666666666,0.14814814814814814,0.14814814814814814,0.07407407407407407,0.16049382716049382,0.2222222222222222,1.0,0.75,0.0,0.0,1.0,0.0,0.0,0.0,0.0,0.0,0.0,0.0,0.0,0.0,0.0,0.0,0.0,0.0,0.0,0.0,0.0,1.0,0.0,0.0,1.0,0.5,0.0,1.0,1.0,1.0,1.0,0.0,0.0
0.3333333333333333,0.2222222222222222,0.2222222222222222,0.07407407407407407,0.13580246913580246,0.18518518518518517,1.0,0.75,0.0,0.0,1.0,0.0,0.0,0.0,0.0,0.0,0.0,0.0,0.0,0.0,0.0,0.0,0.0,0.0,0.0,0.0,0.0,1.0,0.0,0.0,0.8333333333333334,0.3333333333333333,0.16666666666666666,1.0,1.0,1.0,1.0,0.0,0.0
0.0,0.18518518518518517,0.14814814814814814,0.07407407407407407,0.14814814814814814,0.2222222222222222,0.0,0.0,0.0,0.0,0.0,0.25,0.6875,0.0,0.0,0.0,0.0,0.0,0.0,0.0,0.0,0.0,0.0,0.0,0.0,0.0,0.0,1.0,0.0,0.0,1.0,0.5,0.25,1.0,1.0,1.0,1.0,0.0,0.0
1.0,0.07407407407407407,0.037037037037037035,0.14814814814814814,0.17283950617283952,0.2222222222222222,1.0,0.25,0.0,0.0,0.0,0.25,0.75,0.0,0.0,0.0,0.0,0.0,0.0,0.0,0.0,0.0,0.0,0.0,0.0,0.0,0.0,0.0,0.0,0.0,1.0,0.0,1.0,1.0,1.0,1.0,1.0,0.0,0.0
0.6666666666666666,0.14814814814814814,0.14814814814814814,0.037037037037037035,0.13580246913580246,0.2222222222222222,1.0,0.25,0.0,0.0,1.0,0.0,0.0,0.0,0.0,0.0,0.0,0.0,0.0,0.0,0.0,0.0,0.0,0.0,0.0,0.0,0.0,1.0,0.0,0.0,1.0,0.5,0.0,1.0,1.0,1.0,1.0,0.0,0.0
0.3333333333333333,0.2222222222222222,0.18518518518518517,0.037037037037037035,0.1111111111111111,0.14814814814814814,1.0,0.25,0.0,0.0,0.0,0.25,0.875,0.0,0.0,0.0,0.0,0.0,0.0,0.0,0.0,0.0,0.0,0.0,0.0,0.0,0.0,1.0,0.0,0.0,0.8,0.4,0.0,1.0,1.0,1.0,1.0,0.0,0.0
0.0,0.14814814814814814,0.1111111111111111,0.037037037037037035,0.1234567901234568,0.18518518518518517,1.0,0.25,0.0,0.0,0.0,0.25,0.9375,0.0,0.0,0.0,1.0,0.0,0.0,0.0,0.0,0.0,0.0,0.0,0.0,0.0,0.0,1.0,0.0,0.0,1.0,0.6666666666666666,0.0,1.0,1.0,1.0,1.0,0.0,0.0
1.0,0.037037037037037035,0.037037037037037035,0.1111111111111111,0.14814814814814814,0.18518518518518517,1.0,0.25,0.0,0.0,1.0,0.0,0.0,0.0,0.0,0.0,0.0,0.0,0.0,0.0,0.0,0.0,0.0,0.0,0.0,0.0,0.0,0.0,0.0,0.0,1.0,0.0,1.0,1.0,1.0,1.0,1.0,0.0,0.0
0.3333333333333333,0.18518518518518517,0.18518518518518517,0.037037037037037035,0.09876543209876543,0.14814814814814814,1.0,0.25,0.0,0.0,1.0,0.0,0.0,0.0,0.0,0.0,0.0,0.0,0.0,0.0,0.0,0.0,0.0,0.0,0.0,0.0,0.0,1.0,0.0,0.0,0.8,0.4,0.0,1.0,1.0,1.0,1.0,0.0,0.0
0.0,0.1111111111111111,0.07407407407407407,0.037037037037037035,0.1234567901234568,0.18518518518518517,0.0,0.0,0.0,0.0,0.0,0.25,0.625,0.0,0.0,1.0,0.0,0.0,0.0,0.0,0.0,0.0,0.0,0.0,0.0,0.0,0.0,1.0,0.0,0.0,1.0,1.0,0.0,1.0,1.0,1.0,1.0,0.0,0.0
1.0,0.037037037037037035,0.0,0.07407407407407407,0.13580246913580246,0.18518518518518517,1.0,0.25,0.0,0.0,0.0,0.25,0.875,0.0,0.0,0.0,0.0,0.0,0.0,0.0,0.0,0.0,1.0,0.0,0.0,0.0,0.0,1.0,0.0,0.0,0.0,0.0,0.0,1.0,1.0,1.0,1.0,0.0,0.0
0.6666666666666666,0.14814814814814814,0.14814814814814814,0.07407407407407407,0.12962962962962962,0.18518518518518517,1.0,0.25,0.0,0.0,1.0,0.0,0.0,0.0,0.0,0.0,0.0,0.0,0.0,0.0,0.0,0.0,0.0,0.0,0.0,0.0,0.0,1.0,0.0,0.0,1.0,0.5,0.0,1.0,1.0,1.0,1.0,0.0,0.0
0.3333333333333333,0.18518518518518517,0.18518518518518517,0.07407407407407407,0.1111111111111111,0.14814814814814814,1.0,0.25,0.0,0.0,1.0,0.0,0.0,0.0,0.0,0.0,0.0,0.0,0.0,0.0,0.0,0.0,0.0,0.0,0.0,0.0,0.0,1.0,0.0,0.0,0.8,0.4,0.0,1.0,1.0,1.0,1.0,0.0,0.0
0.0,0.07407407407407407,0.07407407407407407,0.14814814814814814,0.16666666666666666,0.18518518518518517,1.0,0.25,0.0,0.0,1.0,0.0,0.0,0.0,0.0,0.0,0.0,0.0,0.0,0.0,0.0,0.0,0.0,0.0,0.0,0.0,0.0,0.0,0.0,0.0,1.0,1.0,0.0,1.0,1.0,1.0,1.0,0.0,0.0
0.6666666666666666,0.14814814814814814,0.1111111111111111,0.07407407407407407,0.12962962962962962,0.18518518518518517,0.0,0.0,0.0,0.0,0.0,0.25,0.375,0.0,0.0,0.0,0.0,0.0,0.0,0.0,0.0,0.0,0.0,0.0,0.0,0.0,0.0,1.0,0.0,0.0,1.0,0.3333333333333333,0.0,1.0,1.0,1.0,1.0,0.0,0.0
0.3333333333333333,0.18518518518518517,0.14814814814814814,0.07407407407407407,0.09259259259259259,0.1111111111111111,1.0,0.25,0.0,0.0,0.0,0.25,0.75,0.0,0.0,0.0,0.0,0.0,0.0,0.0,0.0,0.0,0.0,0.0,0.0,0.0,0.0,1.0,0.0,0.0,0.75,0.5,0.0,1.0,1.0,1.0,1.0,0.0,0.0
0.0,0.07407407407407407,0.07407407407407407,0.1111111111111111,0.12962962962962962,0.14814814814814814,1.0,0.25,0.0,0.0,1.0,0.0,0.0,0.0,0.0,0.0,0.0,0.0,0.0,0.0,0.0,0.0,0.0,0.0,0.0,0.0,0.0,0.0,0.0,0.0,1.0,1.0,0.0,1.0,1.0,1.0,1.0,0.0,0.0
0.6666666666666666,0.1111111111111111,0.1111111111111111,0.07407407407407407,0.1111111111111111,0.14814814814814814,1.0,0.25,0.0,0.0,1.0,0.0,0.0,0.0,0.0,0.0,0.0,0.0,0.0,0.0,0.0,0.0,0.0,0.0,0.0,0.0,0.0,1.0,0.0,0.0,1.0,0.3333333333333333,0.0,1.0,1.0,1.0,1.0,0.0,0.0
0.3333333333333333,0.14814814814814814,0.07407407407407407,0.07407407407407407,0.09259259259259259,0.1111111111111111,0.0,0.0,0.0,0.0,0.0,0.5,0.3125,0.0,0.0,0.0,0.0,0.0,1.0,0.0,0.0,0.0,0.0,0.0,0.0,0.0,0.0,1.0,0.0,0.0,1.0,0.0,0.0,1.0,1.0,1.0,1.0,0.0,0.0
0.0,0.07407407407407407,0.07407407407407407,0.07407407407407407,0.09259259259259259,0.1111111111111111,1.0,0.5,0.0,0.0,1.0,0.0,0.0,0.0,0.0,0.0,0.0,0.0,0.0,0.0,0.0,0.0,0.0,0.0,0.0,0.0,0.0,1.0,0.0,0.0,1.0,1.0,0.0,1.0,1.0,1.0,1.0,0.0,0.0
0.6666666666666666,0.1111111111111111,0.1111111111111111,0.07407407407407407,0.07407407407407407,0.07407407407407407,1.0,0.5,0.0,0.0,1.0,0.0,0.0,0.0,0.0,0.0,0.0,0.0,0.0,0.0,0.0,0.0,0.0,0.0,0.0,0.0,0.0,1.0,0.0,0.0,1.0,0.3333333333333333,0.0,1.0,1.0,1.0,1.0,0.0,0.0
0.3333333333333333,0.07407407407407407,0.037037037037037035,0.07407407407407407,0.09259259259259259,0.1111111111111111,0.0,0.0,0.0,0.0,0.0,0.25,0.6875,0.0,0.0,0.0,0.0,0.0,0.0,0.0,0.0,0.0,0.0,0.0,0.0,0.0,0.0,1.0,0.0,0.0,1.0,0.0,0.0,1.0,1.0,1.0,1.0,0.0,0.0
0.0,0.07407407407407407,0.07407407407407407,0.037037037037037035,0.07407407407407407,0.1111111111111111,1.0,0.25,0.0,0.0,1.0,0.0,0.0,0.0,0.0,0.0,0.0,0.0,0.0,0.0,0.0,0.0,0.0,0.0,0.0,0.0,0.0,1.0,0.0,0.0,1.0,1.0,0.0,1.0,1.0,1.0,1.0,0.0,0.0
0.6666666666666666,0.1111111111111111,0.07407407407407407,0.037037037037037035,0.05555555555555555,0.07407407407407407,1.0,0.25,0.0,0.0,0.0,0.25,0.75,0.0,0.0,0.0,0.0,0.0,0.0,0.0,0.0,0.0,0.0,0.0,0.0,0.0,0.0,1.0,0.0,0.0,1.0,0.5,0.0,1.0,1.0,1.0,1.0,0.0,0.0
0.3333333333333333,0.037037037037037035,0.037037037037037035,0.07407407407407407,0.07407407407407407,0.07407407407407407,1.0,0.25,0.0,1.0,1.0,0.0,0.0,0.0,0.0,0.0,0.0,0.0,0.0,0.0,0.0,0.0,0.0,0.0,0.0,0.0,0.0,1.0,0.0,0.0,1.0,0.0,0.0,1.0,1.0,1.0,1.0,0.0,0.0
0.6666666666666666,0.07407407407407407,0.037037037037037035,0.037037037037037035,0.05555555555555555,0.07407407407407407,0.0,0.0,0.0,0.0,0.0,0.25,0.4375,1.0,0.0,0.0,0.0,0.0,0.0,0.0,0.0,0.0,0.0,0.0,0.0,0.0,0.0,1.0,0.0,1.0,1.0,0.0,0.0,1.0,1.0,1.0,1.0,0.0,0.0
0.3333333333333333,0.07407407407407407,0.037037037037037035,0.07407407407407407,0.07407407407407407,0.07407407407407407,1.0,0.25,0.0,0.0,0.0,0.25,0.625,0.0,0.0,1.0,0.0,0.0,0.0,0.0,0.0,0.0,0.0,0.0,0.0,0.0,0.0,1.0,0.0,0.0,1.0,0.0,0.0,1.0,1.0,1.0,1.0,0.0,0.0
0.0,0.07407407407407407,0.07407407407407407,0.037037037037037035,0.037037037037037035,0.037037037037037035,1.0,0.25,0.0,0.0,1.0,0.0,0.0,0.0,0.0,0.0,0.0,0.0,0.0,0.0,0.0,0.0,0.0,0.0,0.0,0.0,0.0,1.0,0.0,0.0,1.0,1.0,0.0,1.0,1.0,1.0,1.0,0.0,0.0
0.3333333333333333,0.037037037037037035,0.0,0.07407407407407407,0.07407407407407407,0.07407407407407407,0.0,0.0,0.0,0.0,0.0,0.25,0.5625,0.0,0.0,0.0,0.0,0.0,0.0,0.0,0.0,0.0,1.0,0.0,0.0,0.0,0.0,1.0,0.0,0.0,0.0,0.0,0.0,1.0,1.0,1.0,1.0,0.0,0.0
0.5,0.6296296296296297,0.5185185185185185,0.6296296296296297,0.6481481481481481,0.6666666666666666,0.0,0.0,0.0,0.0,0.0,0.75,0.1875,0.0,0.0,0.0,0.0,0.0,0.0,1.0,0.0,0.0,0.0,1.0,0.0,0.0,0.0,0.0,0.0,0.0,0.6428571428571429,0.42857142857142855,0.2857142857142857,1.0,1.0,1.0,0.0,1.0,0.0
0.0,0.6666666666666666,0.6666666666666666,0.5185185185185185,0.5740740740740741,0.6296296296296297,1.0,0.75,0.0,0.0,1.0,0.0,0.0,0.0,0.0,0.0,0.0,0.0,0.0,0.0,0.0,0.0,0.0,1.0,0.0,0.0,0.0,0.0,0.0,0.0,0.7222222222222222,0.4444444444444444,0.16666666666666666,1.0,1.0,1.0,0.0,1.0,0.0
1.0,0.6296296296296297,0.5185185185185185,0.5185185185185185,0.5925925925925926,0.6666666666666666,1.0,0.75,0.0,0.0,0.0,0.75,0.8125,0.0,0.0,0.0,0.0,0.0,0.0,1.0,0.0,0.0,0.0,1.0,0.0,0.0,0.0,0.0,0.0,0.0,0.7142857142857143,0.5,0.14285714285714285,1.0,1.0,1.0,0.0,1.0,0.0
0.5,0.5185185185185185,0.5185185185185185,0.5185185185185185,0.5925925925925926,0.6666666666666666,1.0,0.75,0.0,0.0,1.0,0.0,0.0,0.0,0.0,0.0,0.0,0.0,0.0,0.0,0.0,0.0,0.0,1.0,0.0,0.0,0.0,0.0,0.0,0.0,0.6428571428571429,0.42857142857142855,0.2857142857142857,1.0,1.0,1.0,0.0,1.0,0.0
1.0,0.5185185185185185,0.48148148148148145,0.5185185185185185,0.5925925925925926,0.6666666666666666,0.0,0.0,0.0,0.0,0.0,0.25,0.75,0.0,0.0,0.0,0.0,0.0,0.0,0.0,0.0,0.0,0.0,1.0,0.0,0.0,0.0,0.0,0.0,0.0,0.7692307692307693,0.5384615384615384,0.15384615384615385,1.0,1.0,1.0,0.0,1.0,0.0
0.5,0.5185185185185185,0.48148148148148145,0.48148148148148145,0.5740740740740741,0.6666666666666666,1.0,0.25,0.0,0.0,0.0,0.25,0.875,0.0,0.0,0.0,0.0,0.0,0.0,0.0,0.0,0.0,0.0,1.0,0.0,0.0,0.0,0.0,0.0,0.0,0.6923076923076923,0.46153846153846156,0.23076923076923078,1.0,1.0,1.0,0.0,1.0,0.0
0.0,0.6666666666666666,0.6296296296296297,0.48148148148148145,0.48148148148148145,0.48148148148148145,1.0,0.25,0.0,0.0,0.0,0.25,0.9375,0.0,0.0,0.0,1.0,0.0,0.0,0.0,0.0,0.0,0.0,1.0,0.0,0.0,0.0,0.0,0.0,0.0,0.7058823529411765,0.47058823529411764,0.11764705882352941,1.0,1.0,1.0,0.0,1.0,0.0
1.0,0.48148148148148145,0.48148148148148145,0.48148148148148145,0.5555555555555556,0.6296296296296297,1.0,0.25,0.0,1.0,1.0,0.0,0.0,0.0,0.0,0.0,0.0,0.0,0.0,0.0,0.0,0.0,0.0,1.0,0.0,0.0,0.0,0.0,0.0,0.0,0.7692307692307693,0.5384615384615384,0.15384615384615385,1.0,1.0,1.0,0.0,1.0,0.0
0.5,0.48148148148148145,0.48148148148148145,0.48148148148148145,0.5555555555555556,0.6296296296296297,1.0,0.25,0.0,1.0,1.0,0.0,0.0,0.0,0.0,0.0,0.0,0.0,0.0,0.0,0.0,0.0,0.0,1.0,0.0,0.0,0.0,0.0,0.0,0.0,0.6923076923076923,0.46153846153846156,0.23076923076923078,1.0,1.0,1.0,0.0,1.0,0.0
0.0,0.6296296296296297,0.48148148148148145,0.48148148148148145,0.48148148148148145,0.48148148148148145,0.0,0.0,0.0,0.0,0.0,1.0,0.875,0.0,0.0,0.0,0.0,0.0,0.0,0.0,0.0,1.0,0.0,1.0,0.0,0.0,0.0,0.0,0.0,0.0,0.7692307692307693,0.6153846153846154,0.0,1.0,1.0,1.0,0.0,1.0,0.0
1.0,0.48148148148148145,0.48148148148148145,0.48148148148148145,0.48148148148148145,0.48148148148148145,1.0,1.0,0.0,0.0,1.0,0.0,0.0,0.0,0.0,0.0,0.0,0.0,0.0,0.0,0.0,0.0,0.0,1.0,0.0,0.0,0.0,0.0,0.0,0.0,0.7692307692307693,0.5384615384615384,0.15384615384615385,1.0,1.0,1.0,0.0,1.0,0.0
0.5,0.48148148148148145,0.48148148148148145,0.48148148148148145,0.48148148148148145,0.48148148148148145,1.0,1.0,0.0,0.0,1.0,0.0,0.0,0.0,0.0,0.0,0.0,0.0,0.0,0.0,0.0,0.0,0.0,1.0,0.0,0.0,0.0,0.0,0.0,0.0,0.6923076923076923,0.46153846153846156,0.23076923076923078,1.0,1.0,1.0,0.0,1.0,0.0
0.0,0.48148148148148145,0.4074074074074074,0.48148148148148145,0.48148148148148145,0.48148148148148145,0.0,0.0,0.0,0.0,0.0,0.5,0.3125,0.0,0.0,0.0,0.0,0.0,1.0,0.0,0.0,0.0,0.0,1.0,0.0,0.0,0.0,0.0,0.0,0.0,0.8181818181818182,0.5454545454545454,0.0,1.0,1.0,1.0,0.0,1.0,0.0
1.0,0.48148148148148145,0.4074074074074074,0.4074074074074074,0.4444444444444444,0.48148148148148145,1.0,0.5,0.0,0.0,0.0,0.5,0.375,0.0,0.0,0.0,0.0,0.0,1.0,0.0,0.0,0.0,0.0,1.0,0.0,0.0,0.0,0.0,0.0,0.0,0.9090909090909091,0.45454545454545453,0.18181818181818182,1.0,1.0,1.0,0.0,1.0,0.0
0.5,0.48148148148148145,0.4074074074074074,0.4074074074074074,0.4074074074074074,0.4074074074074074,1.0,0.5,0.0,0.0,0.0,0.5,0.4375,1.0,0.0,0.0,0.0,0.0,1.0,0.0,0.0,0.0,0.0,1.0,0.0,0.0,0.0,0.0,0.0,0.0,0.7272727272727273,0.36363636363636365,0.2727272727272727,1.0,1.0,1.0,0.0,1.0,0.0
0.0,0.4074074074074074,0.4074074074074074,0.4074074074074074,0.4074074074074074,0.4074074074074074,1.0,0.5,0.0,0.0,1.0,0.0,0.0,0.0,0.0,0.0,0.0,0.0,0.0,0.0,0.0,0.0,0.0,1.0,0.0,0.0,0.0,0.0,0.0,0.0,0.8181818181818182,0.5454545454545454,0.0,1.0,1.0,1.0,0.0,1.0,0.0
1.0,0.4074074074074074,0.4074074074074074,0.4074074074074074,0.4074074074074074,0.4074074074074074,1.0,0.5,0.0,0.0,1.0,0.0,0.0,0.0,0.0,0.0,0.0,0.0,0.0,0.0,0.0,0.0,0.0,1.0,0.0,0.0,0.0,0.0,0.0,0.0,0.9090909090909091,0.45454545454545453,0.18181818181818182,1.0,1.0,1.0,0.0,1.0,0.0
0.5,0.4074074074074074,0.3333333333333333,0.4074074074074074,0.4074074074074074,0.4074074074074074,0.0,0.0,0.0,0.0,0.0,0.5,0.25,0.0,0.0,0.0,0.0,0.0,1.0,0.0,0.0,0.0,0.0,1.0,0.0,0.0,0.0,0.0,0.0,0.0,0.7777777777777778,0.2222222222222222,0.3333333333333333,1.0,1.0,1.0,0.0,1.0,0.0
0.0,0.4074074074074074,0.3333333333333333,0.3333333333333333,0.37037037037037035,0.4074074074074074,1.0,0.5,0.0,0.0,0.0,0.5,0.5625,0.0,0.0,0.0,0.0,0.0,1.0,0.0,0.0,0.0,0.0,1.0,0.0,0.0,0.0,0.0,0.0,0.0,0.8888888888888888,0.6666666666666666,0.0,1.0,1.0,1.0,0.0,1.0,0.0
1.0,0.4074074074074074,0.4074074074074074,0.3333333333333333,0.3333333333333333,0.3333333333333333,1.0,0.5,0.0,0.0,1.0,0.0,0.0,0.0,0.0,0.0,0.0,0.0,0.0,0.0,0.0,0.0,0.0,1.0,0.0,0.0,0.0,0.0,0.0,0.0,0.9090909090909091,0.45454545454545453,0.18181818181818182,1.0,1.0,1.0,0.0,1.0,0.0
0.5,0.3333333333333333,0.25925925925925924,0.3333333333333333,0.37037037037037035,0.4074074074074074,1.0,0.5,0.0,0.0,0.0,0.5,0.9375,0.0,0.0,0.0,1.0,0.0,1.0,0.0,0.0,0.0,0.0,1.0,0.0,0.0,0.0,0.0,0.0,0.0,0.8571428571428571,0.2857142857142857,0.14285714285714285,1.0,1.0,1.0,0.0,1.0,0.0
0.0,0.3333333333333333,0.3333333333333333,0.25925925925925924,0.3333333333333333,0.4074074074074074,1.0,0.5,0.0,0.0,1.0,0.0,0.0,0.0,0.0,0.0,0.0,0.0,0.0,0.0,0.0,0.0,0.0,1.0,0.0,0.0,0.0,0.0,0.0,0.0,0.8888888888888888,0.6666666666666666,0.0,1.0,1.0,1.0,0.0,1.0,0.0
0.5,0.25925925925925924,0.2222222222222222,0.3333333333333333,0.37037037037037035,0.4074074074074074,0.0,0.0,0.0,0.0,0.0,0.25,0.6875,0.0,0.0,0.0,0.0,0.0,0.0,0.0,0.0,0.0,0.0,1.0,0.0,0.0,0.0,0.0,0.0,0.0,0.8333333333333334,0.3333333333333333,0.16666666666666666,1.0,1.0,1.0,0.0,1.0,0.0
0.0,0.3333333333333333,0.2962962962962963,0.2222222222222222,0.3148148148148148,0.4074074074074074,1.0,0.25,0.0,0.0,0.0,0.25,0.75,0.0,0.0,0.0,0.0,0.0,0.0,0.0,0.0,0.0,0.0,1.0,0.0,0.0,0.0,0.0,0.0,0.0,0.875,0.75,0.0,1.0,1.0,1.0,0.0,1.0,0.0
1.0,0.4074074074074074,0.37037037037037035,0.2222222222222222,0.25925925925925924,0.2962962962962963,1.0,0.25,0.0,0.0,0.0,0.25,0.875,0.0,0.0,0.0,0.0,0.0,0.0,0.0,0.0,0.0,0.0,1.0,0.0,0.0,0.0,0.0,0.0,0.0,0.9,0.5,0.1,1.0,1.0,1.0,0.0,1.0,0.0
0.5,0.2222222222222222,0.2222222222222222,0.2962962962962963,0.3333333333333333,0.37037037037037035,1.0,0.25,0.0,0.0,1.0,0.0,0.0,0.0,0.0,0.0,0.0,0.0,0.0,0.0,0.0,0.0,0.0,1.0,0.0,0.0,0.0,0.0,0.0,0.0,0.8333333333333334,0.3333333333333333,0.16666666666666666,1.0,1.0,1.0,0.0,1.0,0.0
0.0,0.2962962962962963,0.2962962962962963,0.2222222222222222,0.2962962962962963,0.37037037037037035,1.0,0.25,0.0,0.0,1.0,0.0,0.0,0.0,0.0,0.0,0.0,0.0,0.0,0.0,0.0,0.0,0.0,1.0,0.0,0.0,0.0,0.0,0.0,0.0,0.875,0.75,0.0,1.0,1.0,1.0,0.0,1.0,0.0
1.0,0.37037037037037035,0.3333333333333333,0.2222222222222222,0.25925925925925924,0.2962962962962963,0.0,0.0,0.0,0.0,0.0,0.25,0.25,0.0,0.0,0.0,0.0,0.0,0.0,0.0,0.0,0.0,0.0,1.0,0.0,0.0,0.0,0.0,0.0,0.0,0.8888888888888888,0.4444444444444444,0.1111111111111111,1.0,1.0,1.0,0.0,1.0,0.0
0.5,0.2222222222222222,0.18518518518518517,0.2962962962962963,0.3148148148148148,0.3333333333333333,1.0,0.25,0.0,0.0,0.0,0.25,0.875,0.0,0.0,0.0,0.0,0.0,0.0,0.0,0.0,0.0,0.0,1.0,0.0,0.0,0.0,0.0,0.0,0.0,0.8,0.4,0.0,1.0,1.0,1.0,0.0,1.0,0.0
0.0,0.2962962962962963,0.2962962962962963,0.18518518518518517,0.25925925925925924,0.3333333333333333,1.0,0.25,0.0,0.0,1.0,0.0,0.0,0.0,0.0,0.0,0.0,0.0,0.0,0.0,0.0,0.0,0.0,1.0,0.0,0.0,0.0,0.0,0.0,0.0,0.875,0.75,0.0,1.0,1.0,1.0,0.0,1.0,0.0
1.0,0.3333333333333333,0.2962962962962963,0.18518518518518517,0.24074074074074073,0.2962962962962963,1.0,0.25,0.0,0.0,0.0,0.25,0.9375,0.0,0.0,0.0,1.0,0.0,0.0,0.0,0.0,0.0,0.0,1.0,0.0,0.0,0.0,0.0,0.0,0.0,0.875,0.5,0.0,1.0,1.0,1.0,0.0,1.0,0.0
0.5,0.18518518518518517,0.18518518518518517,0.2962962962962963,0.2962962962962963,0.2962962962962963,1.0,0.25,0.0,0.0,1.0,0.0,0.0,0.0,0.0,0.0,0.0,0.0,0.0,0.0,0.0,0.0,0.0,1.0,0.0,0.0,0.0,0.0,0.0,0.0,0.8,0.4,0.0,1.0,1.0,1.0,0.0,1.0,0.0
1.0,0.2962962962962963,0.25925925925925924,0.18518518518518517,0.24074074074074073,0.2962962962962963,0.0,0.0,0.0,0.0,0.0,0.25,0.3125,0.0,0.0,0.0,0.0,0.0,0.0,0.0,0.0,0.0,0.0,1.0,0.0,0.0,0.0,0.0,0.0,0.0,0.8571428571428571,0.42857142857142855,0.0,1.0,1.0,1.0,0.0,1.0,0.0
0.5,0.18518518518518517,0.14814814814814814,0.25925925925925924,0.2777777777777778,0.2962962962962963,1.0,0.25,0.0,0.0,0.0,0.25,0.5625,0.0,0.0,0.0,0.0,0.0,0.0,0.0,0.0,0.0,0.0,1.0,0.0,0.0,0.0,0.0,0.0,0.0,1.0,0.5,0.0,1.0,1.0,1.0,0.0,1.0,0.0
0.0,0.2962962962962963,0.2962962962962963,0.14814814814814814,0.2037037037037037,0.25925925925925924,1.0,0.25,0.0,0.0,1.0,0.0,0.0,0.0,0.0,0.0,0.0,0.0,0.0,0.0,0.0,0.0,0.0,1.0,0.0,0.0,0.0,0.0,0.0,0.0,0.875,0.75,0.0,1.0,1.0,1.0,0.0,1.0,0.0
1.0,0.25925925925925924,0.2222222222222222,0.14814814814814814,0.2222222222222222,0.2962962962962963,1.0,0.25,0.0,0.0,0.0,0.25,0.75,0.0,0.0,0.0,0.0,0.0,0.0,0.0,0.0,0.0,0.0,1.0,0.0,0.0,0.0,0.0,0.0,0.0,0.8333333333333334,0.5,0.0,1.0,1.0,1.0,0.0,1.0,0.0
0.5,0.14814814814814814,0.14814814814814814,0.2222222222222222,0.25925925925925924,0.2962962962962963,1.0,0.25,0.0,0.0,1.0,0.0,0.0,0.0,0.0,0.0,0.0,0.0,0.0,0.0,0.0,0.0,0.0,1.0,0.0,0.0,0.0,0.0,0.0,0.0,1.0,0.5,0.0,1.0,1.0,1.0,0.0,1.0,0.0
1.0,0.2222222222222222,0.18518518518518517,0.14814814814814814,0.2222222222222222,0.2962962962962963,0.0,0.0,0.0,0.0,0.0,0.25,0.375,0.0,0.0,0.0,0.0,0.0,0.0,0.0,0.0,0.0,0.0,1.0,0.0,0.0,0.0,0.0,0.0,0.0,0.8,0.4,0.0,1.0,1.0,1.0,0.0,1.0,0.0
0.5,0.14814814814814814,0.1111111111111111,0.18518518518518517,0.24074074074074073,0.2962962962962963,1.0,0.25,0.0,0.0,0.0,0.25,0.5625,0.0,0.0,0.0,0.0,0.0,0.0,0.0,0.0,0.0,0.0,1.0,0.0,0.0,0.0,0.0,0.0,0.0,1.0,0.6666666666666666,0.0,1.0,1.0,1.0,0.0,1.0,0.0
0.0,0.2962962962962963,0.25925925925925924,0.1111111111111111,0.14814814814814814,0.18518518518518517,1.0,0.25,0.0,0.0,0.0,0.25,0.6875,0.0,0.0,0.0,0.0,0.0,0.0,0.0,0.0,0.0,0.0,1.0,0.0,0.0,0.0,0.0,0.0,0.0,0.8571428571428571,0.8571428571428571,0.0,1.0,1.0,1.0,0.0,1.0,0.0
1.0,0.18518518518518517,0.18518518518518517,0.1111111111111111,0.18518518518518517,0.25925925925925924,1.0,0.25,0.0,1.0,1.0,0.0,0.0,0.0,0.0,0.0,0.0,0.0,0.0,0.0,0.0,0.0,0.0,1.0,0.0,0.0,0.0,0.0,0.0,0.0,0.8,0.4,0.0,1.0,1.0,1.0,0.0,1.0,0.0
0.5,0.1111111111111111,0.1111111111111111,0.18518518518518517,0.2222222222222222,0.25925925925925924,1.0,0.25,0.0,1.0,1.0,0.0,0.0,0.0,0.0,0.0,0.0,0.0,0.0,0.0,0.0,0.0,0.0,1.0,0.0,0.0,0.0,0.0,0.0,0.0,1.0,0.6666666666666666,0.0,1.0,1.0,1.0,0.0,1.0,0.0
0.0,0.25925925925925924,0.2222222222222222,0.1111111111111111,0.14814814814814814,0.18518518518518517,0.0,0.0,0.0,0.0,0.0,0.25,0.5,0.0,1.0,0.0,0.0,0.0,0.0,0.0,0.0,0.0,0.0,1.0,0.0,0.0,0.0,0.0,1.0,0.0,1.0,0.8333333333333334,0.0,1.0,1.0,1.0,0.0,1.0,0.0
0.0,0.2222222222222222,0.18518518518518517,0.1111111111111111,0.14814814814814814,0.18518518518518517,0.0,0.0,0.0,0.0,0.0,0.25,0.4375,1.0,0.0,0.0,0.0,0.0,0.0,0.0,0.0,0.0,0.0,1.0,0.0,0.0,0.0,0.0,0.0,0.0,1.0,0.8,0.0,1.0,1.0,1.0,0.0,1.0,0.0
1.0,0.18518518518518517,0.14814814814814814,0.1111111111111111,0.14814814814814814,0.18518518518518517,1.0,0.25,0.0,0.0,0.0,0.25,0.6875,0.0,0.0,0.0,0.0,0.0,0.0,0.0,0.0,0.0,0.0,1.0,0.0,0.0,0.0,0.0,0.0,0.0,0.75,0.5,0.0,1.0,1.0,1.0,0.0,1.0,0.0
0.5,0.1111111111111111,0.1111111111111111,0.14814814814814814,0.16666666666666666,0.18518518518518517,1.0,0.25,0.0,1.0,1.0,0.0,0.0,0.0,0.0,0.0,0.0,0.0,0.0,0.0,0.0,0.0,0.0,1.0,0.0,0.0,0.0,0.0,0.0,0.0,1.0,0.6666666666666666,0.0,1.0,1.0,1.0,0.0,1.0,0.0
0.0,0.18518518518518517,0.18518518518518517,0.1111111111111111,0.12962962962962962,0.14814814814814814,1.0,0.25,0.0,1.0,1.0,0.0,0.0,0.0,0.0,0.0,0.0,0.0,0.0,0.0,0.0,0.0,0.0,1.0,0.0,0.0,0.0,0.0,0.0,0.0,1.0,0.8,0.0,1.0,1.0,1.0,0.0,1.0,0.0
1.0,0.14814814814814814,0.1111111111111111,0.1111111111111111,0.14814814814814814,0.18518518518518517,0.0,0.0,0.0,0.0,0.0,0.25,0.4375,1.0,0.0,0.0,0.0,0.0,0.0,0.0,0.0,0.0,0.0,1.0,0.0,0.0,0.0,0.0,0.0,0.0,0.6666666666666666,0.3333333333333333,0.0,1.0,1.0,1.0,0.0,1.0,0.0
0.5,0.1111111111111111,0.1111111111111111,0.1111111111111111,0.14814814814814814,0.18518518518518517,1.0,0.25,0.0,0.0,1.0,0.0,0.0,0.0,0.0,0.0,0.0,0.0,0.0,0.0,0.0,0.0,0.0,1.0,0.0,0.0,0.0,0.0,0.0,0.0,1.0,0.6666666666666666,0.0,1.0,1.0,1.0,0.0,1.0,0.0
0.0,0.18518518518518517,0.18518518518518517,0.1111111111111111,0.1111111111111111,0.1111111111111111,1.0,0.25,0.0,0.0,1.0,0.0,0.0,0.0,0.0,0.0,0.0,0.0,0.0,0.0,0.0,0.0,0.0,1.0,0.0,0.0,0.0,0.0,0.0,0.0,1.0,0.8,0.0,1.0,1.0,1.0,0.0,1.0,0.0
1.0,0.1111111111111111,0.07407407407407407,0.1111111111111111,0.14814814814814814,0.18518518518518517,0.0,0.0,0.0,0.0,0.0,0.25,0.625,0.0,0.0,1.0,0.0,0.0,0.0,0.0,0.0,0.0,0.0,1.0,0.0,0.0,0.0,0.0,0.0,0.0,1.0,0.5,0.0,1.0,1.0,1.0,0.0,1.0,0.0
0.5,0.1111111111111111,0.1111111111111111,0.07407407407407407,0.12962962962962962,0.18518518518518517,1.0,0.25,0.0,0.0,1.0,0.0,0.0,0.0,0.0,0.0,0.0,0.0,0.0,0.0,0.0,0.0,0.0,1.0,0.0,0.0,0.0,1.0,0.0,0.0,1.0,0.6666666666666666,0.0,1.0,1.0,1.0,0.0,1.0,0.0
0.0,0.18518518518518517,0.18518518518518517,0.07407407407407407,0.09259259259259259,0.1111111111111111,1.0,0.25,0.0,0.0,1.0,0.0,0.0,0.0,0.0,0.0,0.0,0.0,0.0,0.0,0.0,0.0,0.0,1.0,0.0,0.0,0.0,1.0,0.0,0.0,1.0,0.8,0.0,1.0,1.0,1.0,0.0,1.0,0.0
1.0,0.07407407407407407,0.037037037037037035,0.1111111111111111,0.14814814814814814,0.18518518518518517,0.0,0.0,0.0,0.0,0.0,0.25,0.5,0.0,1.0,0.0,0.0,0.0,0.0,0.0,0.0,0.0,0.0,1.0,0.0,1.0,0.0,0.0,1.0,0.0,1.0,0.0,0.0,1.0,1.0,1.0,0.0,1.0,0.0
1.0,0.037037037037037035,0.0,0.1111111111111111,0.14814814814814814,0.18518518518518517,0.0,0.0,0.0,0.0,0.0,0.25,0.625,0.0,0.0,1.0,0.0,0.0,0.0,0.0,0.0,0.0,1.0,0.0,1.0,0.0,1.0,0.0,0.0,0.0,0.0,0.0,0.0,1.0,1.0,1.0,0.0,1.0,0.0
0.5,0.1111111111111111,0.1111111111111111,0.18518518518518517,0.18518518518518517,0.18518518518518517,1.0,0.25,0.0,0.0,1.0,0.0,0.0,0.0,0.0,0.0,0.0,0.0,0.0,0.0,0.0,0.0,0.0,1.0,0.0,0.0,0.0,0.0,0.0,0.0,1.0,0.6666666666666666,0.0,1.0,1.0,1.0,0.0,1.0,0.0
0.0,0.18518518518518517,0.18518518518518517,0.1111111111111111,0.1111111111111111,0.1111111111111111,1.0,0.25,0.0,0.0,1.0,0.0,0.0,0.0,0.0,0.0,0.0,0.0,0.0,0.0,0.0,0.0,0.0,1.0,0.0,0.0,0.0,0.0,0.0,0.0,1.0,0.8,0.0,1.0,1.0,1.0,0.0,1.0,0.0
0.5,0.1111111111111111,0.07407407407407407,0.18518518518518517,0.18518518518518517,0.18518518518518517,0.0,0.0,0.0,0.0,0.0,0.25,0.3125,0.0,0.0,0.0,0.0,0.0,0.0,0.0,0.0,0.0,0.0,1.0,0.0,0.0,0.0,0.0,0.0,0.0,1.0,0.5,0.0,1.0,1.0,1.0,0.0,1.0,0.0
0.0,0.18518518518518517,0.18518518518518517,0.07407407407407407,0.07407407407407407,0.07407407407407407,1.0,0.25,0.0,0.0,1.0,0.0,0.0,0.0,0.0,0.0,0.0,0.0,0.0,0.0,0.0,0.0,0.0,1.0,0.0,0.0,0.0,1.0,0.0,0.0,1.0,0.8,0.0,1.0,1.0,1.0,0.0,1.0,0.0
0.5,0.07407407407407407,0.037037037037037035,0.18518518518518517,0.18518518518518517,0.18518518518518517,0.0,0.0,0.0,0.0,0.0,0.25,0.5,0.0,1.0,0.0,0.0,0.0,0.0,0.0,0.0,0.0,0.0,1.0,0.0,1.0,0.0,0.0,1.0,0.0,1.0,0.0,0.0,1.0,1.0,1.0,0.0,1.0,0.0
0.5,0.037037037037037035,0.0,0.18518518518518517,0.18518518518518517,0.18518518518518517,0.0,0.0,0.0,0.0,0.0,0.25,0.625,0.0,0.0,1.0,0.0,0.0,0.0,0.0,0.0,0.0,1.0,0.0,1.0,0.0,1.0,0.0,0.0,0.0,0.0,0.0,0.0,1.0,1.0,1.0,0.0,1.0,0.0
0.0,0.9629629629629629,0.7777777777777778,0.9629629629629629,0.9629629629629629,0.9629629629629629,0.0,0.0,0.0,0.0,0.0,1.25,0.4375,1.0,0.0,0.0,0.0,0.0,0.0,0.0,0.0,1.0,0.0,0.0,0.0,0.0,0.0,0.0,0.0,1.0,0.5714285714285714,0.47619047619047616,0.2857142857142857,0.0,1.0,1.0,1.0,1.0,0.0
1.0,1.0,1.0,0.7407407407407407,0.7407407407407407,0.7407407407407407,1.0,1.25,0.0,0.0,1.0,0.0,0.0,0.0,0.0,0.0,0.0,0.0,0.0,0.0,0.0,0.0,0.0,1.0,0.0,0.0,0.0,0.0,0.0,0.0,0.48148148148148145,0.37037037037037035,0.2222222222222222,0.0,1.0,1.0,1.0,1.0,0.0
0.0,0.7407407407407407,0.6296296296296297,1.0,1.0,1.0,0.0,0.0,0.0,0.0,0.0,0.75,0.5625,1.0,1.0,0.0,0.0,0.0,0.0,0.0,0.0,1.0,0.0,0.0,0.0,0.0,0.0,0.0,1.0,1.0,0.7058823529411765,0.4117647058823529,0.35294117647058826,0.0,1.0,1.0,1.0,1.0,0.0
0.0,0.5925925925925926,0.48148148148148145,1.037037037037037,1.037037037037037,1.037037037037037,0.0,0.0,0.0,0.0,0.0,0.75,0.875,0.0,0.0,0.0,0.0,0.0,0.0,1.0,0.0,0.0,0.0,0.0,0.0,0.0,0.0,0.0,0.0,0.0,0.7692307692307693,0.46153846153846156,0.23076923076923078,0.0,1.0,1.0,1.0,1.0,0.0
1.0,1.037037037037037,0.9259259259259259,0.48148148148148145,0.48148148148148145,0.48148148148148145,1.0,0.75,0.0,0.0,0.0,0.75,0.9375,0.0,0.0,0.0,1.0,0.0,0.0,1.0,0.0,0.0,0.0,1.0,0.0,0.0,0.0,0.0,0.0,0.0,0.48,0.44,0.12,0.0,1.0,1.0,1.0,1.0,0.0
0.0,0.48148148148148145,0.48148148148148145,0.9259259259259259,0.9259259259259259,0.9259259259259259,1.0,0.75,0.0,0.0,1.0,0.0,0.0,0.0,0.0,0.0,0.0,0.0,0.0,0.0,0.0,0.0,0.0,0.0,0.0,0.0,0.0,0.0,0.0,0.0,0.7692307692307693,0.46153846153846156,0.23076923076923078,0.0,1.0,1.0,1.0,1.0,0.0
1.0,0.9259259259259259,0.8888888888888888,0.48148148148148145,0.48148148148148145,0.48148148148148145,0.0,0.0,0.0,0.0,0.0,0.25,0.5625,0.0,0.0,0.0,0.0,0.0,0.0,0.0,0.0,0.0,0.0,1.0,0.0,0.0,0.0,0.0,0.0,0.0,0.5,0.4583333333333333,0.125,0.0,1.0,1.0,1.0,1.0,0.0
0.0,0.48148148148148145,0.4444444444444444,0.8888888888888888,0.8888888888888888,0.8888888888888888,1.0,0.25,0.0,0.0,0.0,0.25,0.6875,0.0,0.0,0.0,0.0,0.0,0.0,0.0,0.0,0.0,0.0,0.0,0.0,0.0,0.0,0.0,0.0,0.0,0.75,0.5,0.25,0.0,1.0,1.0,1.0,1.0,0.0
1.0,0.8888888888888888,0.8518518518518519,0.4444444444444444,0.4444444444444444,0.4444444444444444,1.0,0.25,0.0,0.0,0.0,0.25,0.75,0.0,0.0,0.0,0.0,0.0,0.0,0.0,0.0,0.0,0.0,1.0,0.0,0.0,0.0,0.0,0.0,0.0,0.5217391304347826,0.4782608695652174,0.13043478260869565,0.0,1.0,1.0,1.0,1.0,0.0
0.0,0.4444444444444444,0.4074074074074074,0.8518518518518519,0.8518518518518519,0.8518518518518519,1.0,0.25,0.0,1.0,0.0,0.25,0.8125,0.0,0.0,0.0,0.0,0.0,0.0,0.0,0.0,0.0,0.0,0.0,0.0,0.0,0.0,0.0,0.0,0.0,0.8181818181818182,0.5454545454545454,0.18181818181818182,0.0,1.0,1.0,1.0,1.0,0.0
1.0,0.8518518518518519,0.8148148148148148,0.4074074074074074,0.4074074074074074,0.4074074074074074,1.0,0.25,0.0,1.0,0.0,0.25,0.875,0.0,0.0,0.0,0.0,0.0,0.0,0.0,0.0,0.0,0.0,1.0,0.0,0.0,0.0,0.0,0.0,0.0,0.5,0.5,0.09090909090909091,0.0,1.0,1.0,1.0,1.0,0.0
0.0,0.4074074074074074,0.4074074074074074,0.8148148148148148,0.8148148148148148,0.8148148148148148,1.0,0.25,0.0,1.0,1.0,0.0,0.0,0.0,0.0,0.0,0.0,0.0,0.0,0.0,0.0,0.0,0.0,0.0,0.0,0.0,0.0,0.0,0.0,0.0,0.8181818181818182,0.5454545454545454,0.18181818181818182,0.0,1.0,1.0,1.0,1.0,0.0
1.0,0.8148148148148148,0.6666666666666666,0.4074074074074074,0.4074074074074074,0.4074074074074074,0.0,0.0,0.0,0.0,0.0,1.0,0.375,0.0,0.0,0.0,0.0,0.0,0.0,0.0,0.0,1.0,0.0,1.0,0.0,0.0,0.0,0.0,0.0,0.0,0.6111111111111112,0.3888888888888889,0.1111111111111111,0.0,1.0,1.0,1.0,1.0,0.0
0.0,0.4074074074074074,0.4074074074074074,0.6666666666666666,0.6666666666666666,0.6666666666666666,1.0,1.0,0.0,0.0,1.0,0.0,0.0,0.0,0.0,0.0,0.0,0.0,0.0,0.0,0.0,0.0,0.0,0.0,0.0,0.0,0.0,0.0,0.0,0.0,0.8181818181818182,0.5454545454545454,0.18181818181818182,0.0,1.0,1.0,1.0,1.0,0.0
1.0,0.6666666666666666,0.5555555555555556,0.4074074074074074,0.4074074074074074,0.4074074074074074,0.0,0.0,0.0,0.0,0.0,0.75,0.625,0.0,0.0,1.0,0.0,0.0,0.0,1.0,0.0,0.0,0.0,1.0,0.0,0.0,0.0,0.0,0.0,0.0,0.7333333333333333,0.4666666666666667,0.13333333333333333,0.0,1.0,1.0,1.0,1.0,0.0
0.0,0.4074074074074074,0.4074074074074074,0.5555555555555556,0.5555555555555556,0.5555555555555556,1.0,0.75,0.0,0.0,1.0,0.0,0.0,0.0,0.0,0.0,0.0,0.0,0.0,0.0,0.0,0.0,0.0,0.0,0.0,0.0,0.0,0.0,0.0,0.0,0.8181818181818182,0.5454545454545454,0.18181818181818182,0.0,1.0,1.0,1.0,1.0,0.0
1.0,0.5555555555555556,0.4444444444444444,0.4074074074074074,0.4074074074074074,0.4074074074074074,0.0,0.0,0.0,0.0,0.0,0.75,0.6875,0.0,0.0,0.0,0.0,0.0,0.0,1.0,0.0,0.0,0.0,1.0,0.0,0.0,0.0,0.0,0.0,0.0,0.8333333333333334,0.5833333333333334,0.16666666666666666,0.0,1.0,1.0,1.0,1.0,0.0
0.0,0.4074074074074074,0.4074074074074074,0.4444444444444444,0.4444444444444444,0.4444444444444444,1.0,0.75,0.0,0.0,1.0,0.0,0.0,0.0,0.0,0.0,0.0,0.0,0.0,0.0,0.0,0.0,0.0,0.0,0.0,0.0,0.0,0.0,0.0,0.0,0.8181818181818182,0.5454545454545454,0.18181818181818182,0.0,1.0,1.0,1.0,1.0,0.0
1.0,0.4444444444444444,0.37037037037037035,0.4074074074074074,0.4074074074074074,0.4074074074074074,0.0,0.0,0.0,0.0,0.0,0.5,0.1875,0.0,0.0,0.0,0.0,0.0,1.0,0.0,0.0,0.0,0.0,1.0,0.0,0.0,0.0,0.0,0.0,0.0,0.9,0.5,0.2,0.0,1.0,1.0,1.0,1.0,0.0
0.0,0.4074074074074074,0.3333333333333333,0.37037037037037035,0.37037037037037035,0.37037037037037035,1.0,0.5,0.0,0.0,0.0,0.5,0.5,0.0,1.0,0.0,0.0,0.0,1.0,0.0,0.0,0.0,0.0,0.0,0.0,0.0,0.0,0.0,1.0,0.0,0.8888888888888888,0.4444444444444444,0.2222222222222222,0.0,1.0,1.0,1.0,1.0,0.0
0.0,0.3333333333333333,0.25925925925925924,0.37037037037037035,0.37037037037037035,0.37037037037037035,0.0,0.0,0.0,0.0,0.0,0.5,0.75,0.0,0.0,0.0,0.0,0.0,1.0,0.0,0.0,0.0,0.0,0.0,0.0,0.0,0.0,0.0,0.0,0.0,1.0,0.5714285714285714,0.2857142857142857,0.0,1.0,1.0,1.0,1.0,0.0
1.0,0.37037037037037035,0.2962962962962963,0.25925925925925924,0.25925925925925924,0.25925925925925924,1.0,0.5,0.0,0.0,0.0,0.5,0.8125,0.0,0.0,0.0,0.0,0.0,1.0,0.0,0.0,0.0,0.0,1.0,0.0,0.0,0.0,0.0,0.0,0.0,1.0,0.625,0.0,0.0,1.0,1.0,1.0,1.0,0.0
0.0,0.25925925925925924,0.25925925925925924,0.2962962962962963,0.2962962962962963,0.2962962962962963,1.0,0.5,0.0,0.0,1.0,0.0,0.0,0.0,0.0,0.0,0.0,0.0,0.0,0.0,0.0,0.0,0.0,0.0,0.0,0.0,0.0,0.0,0.0,0.0,1.0,0.5714285714285714,0.2857142857142857,0.0,1.0,1.0,1.0,1.0,0.0
1.0,0.2962962962962963,0.25925925925925924,0.25925925925925924,0.25925925925925924,0.25925925925925924,0.0,0.0,0.0,0.0,0.0,0.25,0.4375,1.0,0.0,0.0,0.0,0.0,0.0,0.0,0.0,0.0,0.0,1.0,0.0,0.0,0.0,0.0,0.0,1.0,1.0,0.5714285714285714,0.0,0.0,1.0,1.0,1.0,1.0,0.0
0.0,0.2962962962962963,0.25925925925925924,0.2222222222222222,0.2222222222222222,0.2222222222222222,1.0,0.25,0.0,0.0,0.0,0.25,0.5625,0.0,0.0,0.0,0.0,0.0,0.0,0.0,0.0,0.0,0.0,0.0,0.0,0.0,0.0,0.0,0.0,0.0,0.8571428571428571,0.7142857142857143,0.2857142857142857,0.0,1.0,1.0,1.0,1.0,0.0
1.0,0.2222222222222222,0.2222222222222222,0.25925925925925924,0.25925925925925924,0.25925925925925924,1.0,0.25,0.0,1.0,1.0,0.0,0.0,0.0,0.0,0.0,0.0,0.0,0.0,0.0,0.0,0.0,0.0,1.0,0.0,0.0,0.0,0.0,0.0,0.0,1.0,0.5,0.0,0.0,1.0,1.0,1.0,1.0,0.0
0.0,0.25925925925925924,0.18518518518518517,0.2222222222222222,0.2222222222222222,0.2222222222222222,0.0,0.0,0.0,0.0,0.0,0.5,0.25,0.0,0.0,0.0,0.0,0.0,1.0,0.0,0.0,0.0,0.0,0.0,0.0,0.0,0.0,0.0,0.0,0.0,1.0,0.6,0.4,0.0,1.0,1.0,1.0,1.0,0.0
1.0,0.2222222222222222,0.2222222222222222,0.18518518518518517,0.18518518518518517,0.18518518518518517,1.0,0.5,0.0,0.0,1.0,0.0,0.0,0.0,0.0,0.0,0.0,0.0,0.0,0.0,0.0,0.0,0.0,1.0,0.0,0.0,0.0,0.0,0.0,0.0,1.0,0.5,0.0,0.0,1.0,1.0,1.0,1.0,0.0
0.0,0.18518518518518517,0.14814814814814814,0.2222222222222222,0.2222222222222222,0.2222222222222222,0.0,0.0,0.0,0.0,0.0,0.25,0.4375,1.0,0.0,0.0,0.0,0.0,0.0,0.0,0.0,0.0,0.0,0.0,0.0,0.0,0.0,0.0,0.0,1.0,1.0,0.5,0.5,0.0,1.0,1.0,1.0,1.0,0.0
1.0,0.25925925925925924,0.2222222222222222,0.1111111111111111,0.1111111111111111,0.1111111111111111,1.0,0.25,0.0,0.0,0.0,0.25,0.5625,0.0,0.0,0.0,0.0,0.0,0.0,0.0,0.0,0.0,0.0,1.0,0.0,0.0,0.0,0.0,0.0,0.0,0.8333333333333334,0.6666666666666666,0.0,0.0,1.0,1.0,1.0,1.0,0.0
0.0,0.1111111111111111,0.07407407407407407,0.2222222222222222,0.2222222222222222,0.2222222222222222,1.0,0.25,0.0,0.0,0.0,0.25,0.8125,0.0,0.0,0.0,0.0,0.0,0.0,0.0,0.0,0.0,0.0,0.0,0.0,0.0,0.0,0.0,0.0,0.0,1.0,0.5,0.5,0.0,1.0,1.0,1.0,1.0,0.0
1.0,0.2222222222222222,0.2222222222222222,0.07407407407407407,0.07407407407407407,0.07407407407407407,1.0,0.25,0.0,0.0,1.0,0.0,0.0,0.0,0.0,0.0,0.0,0.0,0.0,0.0,0.0,0.0,0.0,1.0,0.0,0.0,0.0,1.0,0.0,0.0,0.8333333333333334,0.6666666666666666,0.0,0.0,1.0,1.0,1.0,1.0,0.0
0.0,0.07407407407407407,0.037037037037037035,0.2222222222222222,0.2222222222222222,0.2222222222222222,0.0,0.0,0.0,0.0,0.0,0.25,0.375,0.0,0.0,0.0,0.0,0.0,0.0,0.0,0.0,0.0,0.0,0.0,0.0,0.0,0.0,0.0,0.0,0.0,1.0,0.0,1.0,0.0,1.0,1.0,1.0,1.0,0.0
1.0,0.2222222222222222,0.2222222222222222,0.037037037037037035,0.037037037037037035,0.037037037037037035,1.0,0.25,0.0,0.0,1.0,0.0,0.0,0.0,0.0,0.0,0.0,0.0,0.0,0.0,0.0,0.0,0.0,1.0,0.0,0.0,0.0,1.0,0.0,0.0,0.8333333333333334,0.6666666666666666,0.0,0.0,1.0,1.0,1.0,1.0,0.0
0.0,0.037037037037037035,0.0,0.2222222222222222,0.2222222222222222,0.2222222222222222,0.0,0.0,0.0,0.0,0.0,0.25,0.9375,0.0,0.0,0.0,1.0,0.0,0.0,0.0,0.0,0.0,1.0,0.0,0.0,0.0,0.0,0.0,0.0,0.0,0.0,0.0,0.0,0.0,1.0,1.0,1.0,1.0,1.0
0.5,0.6666666666666666,0.5555555555555556,0.6666666666666666,0.6666666666666666,0.6666666666666666,0.0,0.0,0.0,0.0,0.0,0.75,0.1875,0.0,0.0,0.0,0.0,0.0,0.0,1.0,0.0,0.0,0.0,1.0,0.0,0.0,0.0,0.0,0.0,0.0,0.6666666666666666,0.26666666666666666,0.2,1.0,0.0,0.0,0.0,1.0,0.0
0.0,0.6666666666666666,0.5555555555555556,0.5555555555555556,0.6111111111111112,0.6666666666666666,1.0,0.75,0.0,0.0,0.0,0.75,0.25,0.0,0.0,0.0,0.0,0.0,0.0,1.0,0.0,0.0,0.0,1.0,0.0,0.0,0.0,0.0,0.0,0.0,0.8,0.4666666666666667,0.4,1.0,0.0,0.0,0.0,1.0,0.0
1.0,0.6666666666666666,0.5555555555555556,0.5555555555555556,0.5555555555555556,0.5555555555555556,1.0,0.75,0.0,0.0,0.0,0.75,0.4375,1.0,0.0,0.0,0.0,0.0,0.0,1.0,0.0,0.0,0.0,1.0,0.0,0.0,0.0,0.0,0.0,0.0,0.6,0.26666666666666666,0.3333333333333333,1.0,0.0,0.0,0.0,1.0,0.0
0.5,0.5555555555555556,0.5555555555555556,0.5555555555555556,0.5555555555555556,0.5555555555555556,1.0,0.75,0.0,0.0,1.0,0.0,0.0,0.0,0.0,0.0,0.0,0.0,0.0,0.0,0.0,0.0,0.0,1.0,0.0,0.0,0.0,0.0,0.0,0.0,0.6666666666666666,0.26666666666666666,0.2,1.0,0.0,0.0,0.0,1.0,0.0
0.0,0.5555555555555556,0.5555555555555556,0.5555555555555556,0.5555555555555556,0.5555555555555556,1.0,0.75,0.0,0.0,1.0,0.0,0.0,0.0,0.0,0.0,0.0,0.0,0.0,0.0,0.0,0.0,0.0,1.0,0.0,0.0,0.0,0.0,0.0,0.0,0.8,0.4666666666666667,0.4,1.0,0.0,0.0,0.0,1.0,0.0
1.0,0.5555555555555556,0.4444444444444444,0.5555555555555556,0.5555555555555556,0.5555555555555556,0.0,0.0,0.0,0.0,0.0,0.75,0.625,0.0,1.0,1.0,0.0,0.0,0.0,0.0,0.0,1.0,0.0,1.0,0.0,0.0,0.0,0.0,0.0,0.0,0.6666666666666666,0.25,0.4166666666666667,1.0,0.0,0.0,0.0,1.0,0.0
0.5,0.5555555555555556,0.5555555555555556,0.4444444444444444,0.5,0.5555555555555556,1.0,0.75,0.0,0.0,1.0,0.0,0.0,0.0,0.0,0.0,0.0,0.0,0.0,0.0,0.0,0.0,0.0,1.0,0.0,0.0,0.0,0.0,0.0,0.0,0.6666666666666666,0.26666666666666666,0.2,1.0,0.0,0.0,0.0,1.0,0.0
0.0,0.5555555555555556,0.5555555555555556,0.4444444444444444,0.5,0.5555555555555556,1.0,0.75,0.0,0.0,1.0,0.0,0.0,0.0,0.0,0.0,0.0,0.0,0.0,0.0,0.0,0.0,0.0,1.0,0.0,0.0,0.0,0.0,0.0,0.0,0.8,0.4666666666666667,0.4,1.0,0.0,0.0,0.0,1.0,0.0
1.0,0.4444444444444444,0.3333333333333333,0.5555555555555556,0.5555555555555556,0.5555555555555556,0.0,0.0,0.0,0.0,0.0,0.75,0.9375,0.0,0.0,0.0,1.0,0.0,0.0,0.0,0.0,1.0,0.0,1.0,0.0,0.0,0.0,0.0,0.0,0.0,0.7777777777777778,0.3333333333333333,0.2222222222222222,1.0,0.0,0.0,0.0,1.0,0.0
0.5,0.5555555555555556,0.5555555555555556,0.3333333333333333,0.4444444444444444,0.5555555555555556,1.0,0.75,0.0,0.0,1.0,0.0,0.0,0.0,0.0,0.0,0.0,0.0,0.0,0.0,0.0,0.0,0.0,1.0,0.0,0.0,0.0,0.0,0.0,0.0,0.6666666666666666,0.26666666666666666,0.2,1.0,0.0,0.0,0.0,1.0,0.0
0.0,0.5555555555555556,0.5555555555555556,0.3333333333333333,0.4444444444444444,0.5555555555555556,1.0,0.75,0.0,0.0,1.0,0.0,0.0,0.0,0.0,0.0,0.0,0.0,0.0,0.0,0.0,0.0,0.0,1.0,0.0,0.0,0.0,0.0,0.0,0.0,0.8,0.4666666666666667,0.4,1.0,0.0,0.0,0.0,1.0,0.0
1.0,0.3333333333333333,0.25925925925925924,0.5555555555555556,0.5555555555555556,0.5555555555555556,0.0,0.0,0.0,0.0,0.0,0.5,0.3125,0.0,0.0,0.0,0.0,0.0,1.0,0.0,0.0,0.0,0.0,1.0,0.0,0.0,0.0,0.0,0.0,0.0,0.8571428571428571,0.14285714285714285,0.2857142857142857,1.0,0.0,0.0,0.0,1.0,0.0
0.5,0.5555555555555556,0.48148148148148145,0.25925925925925924,0.4074074074074074,0.5555555555555556,1.0,0.5,0.0,0.0,0.0,0.5,0.6875,0.0,0.0,0.0,0.0,0.0,1.0,0.0,0.0,0.0,0.0,1.0,0.0,0.0,0.0,0.0,0.0,0.0,0.7692307692307693,0.3076923076923077,0.23076923076923078,1.0,0.0,0.0,0.0,1.0,0.0
0.0,0.5555555555555556,0.5555555555555556,0.25925925925925924,0.37037037037037035,0.48148148148148145,1.0,0.5,0.0,0.0,1.0,0.0,0.0,0.0,0.0,0.0,0.0,0.0,0.0,0.0,0.0,0.0,0.0,1.0,0.0,0.0,0.0,0.0,0.0,0.0,0.8,0.4666666666666667,0.4,1.0,0.0,0.0,0.0,1.0,0.0
1.0,0.25925925925925924,0.18518518518518517,0.48148148148148145,0.5185185185185185,0.5555555555555556,1.0,0.5,0.0,0.0,0.0,0.5,0.75,0.0,0.0,0.0,0.0,0.0,1.0,0.0,0.0,0.0,0.0,1.0,0.0,0.0,0.0,0.0,0.0,0.0,1.0,0.2,0.4,1.0,0.0,0.0,0.0,1.0,0.0
0.5,0.48148148148148145,0.48148148148148145,0.18518518518518517,0.37037037037037035,0.5555555555555556,1.0,0.5,0.0,0.0,1.0,0.0,0.0,0.0,0.0,0.0,0.0,0.0,0.0,0.0,0.0,0.0,0.0,1.0,0.0,0.0,0.0,0.0,0.0,0.0,0.7692307692307693,0.3076923076923077,0.23076923076923078,1.0,0.0,0.0,0.0,1.0,0.0
1.0,0.18518518518518517,0.14814814814814814,0.48148148148148145,0.5185185185185185,0.5555555555555556,0.0,0.0,0.0,0.0,0.0,0.25,0.6875,0.0,0.0,0.0,0.0,0.0,0.0,0.0,0.0,0.0,0.0,1.0,0.0,0.0,0.0,0.0,0.0,0.0,1.0,0.25,0.5,1.0,0.0,0.0,0.0,1.0,0.0
0.5,0.48148148148148145,0.4444444444444444,0.14814814814814814,0.35185185185185186,0.5555555555555556,1.0,0.25,0.0,0.0,0.0,0.25,0.75,0.0,0.0,0.0,0.0,0.0,0.0,0.0,0.0,0.0,0.0,1.0,0.0,0.0,0.0,0.0,0.0,0.0,0.75,0.3333333333333333,0.25,1.0,0.0,0.0,0.0,1.0,0.0
0.0,0.5555555555555556,0.5185185185185185,0.14814814814814814,0.2962962962962963,0.4444444444444444,1.0,0.25,0.0,0.0,0.0,0.25,0.8125,0.0,0.0,0.0,0.0,0.0,0.0,0.0,0.0,0.0,0.0,1.0,0.0,0.0,0.0,0.0,0.0,0.0,0.8571428571428571,0.5,0.35714285714285715,1.0,0.0,0.0,0.0,1.0,0.0
1.0,0.14814814814814814,0.1111111111111111,0.4444444444444444,0.48148148148148145,0.5185185185185185,1.0,0.25,0.0,0.0,0.0,0.25,0.875,0.0,0.0,0.0,0.0,0.0,0.0,0.0,0.0,0.0,0.0,1.0,0.0,0.0,0.0,0.0,0.0,0.0,1.0,0.3333333333333333,0.3333333333333333,1.0,0.0,0.0,0.0,1.0,0.0
0.5,0.4444444444444444,0.4444444444444444,0.1111111111111111,0.3148148148148148,0.5185185185185185,1.0,0.25,0.0,0.0,1.0,0.0,0.0,0.0,0.0,0.0,0.0,0.0,0.0,0.0,0.0,0.0,0.0,1.0,0.0,0.0,0.0,0.0,0.0,0.0,0.75,0.3333333333333333,0.25,1.0,0.0,0.0,0.0,1.0,0.0
0.0,0.5185185185185185,0.48148148148148145,0.1111111111111111,0.2777777777777778,0.4444444444444444,1.0,0.25,0.0,0.0,0.0,0.25,0.9375,0.0,0.0,0.0,1.0,0.0,0.0,0.0,0.0,0.0,0.0,1.0,0.0,0.0,0.0,0.0,0.0,0.0,0.8461538461538461,0.5384615384615384,0.3076923076923077,1.0,0.0,0.0,0.0,1.0,0.0
1.0,0.1111111111111111,0.1111111111111111,0.4444444444444444,0.46296296296296297,0.48148148148148145,1.0,0.25,0.0,0.0,1.0,0.0,0.0,0.0,0.0,0.0,0.0,0.0,0.0,0.0,0.0,0.0,0.0,1.0,0.0,0.0,0.0,0.0,0.0,0.0,1.0,0.3333333333333333,0.3333333333333333,1.0,0.0,0.0,0.0,1.0,0.0
0.0,0.48148148148148145,0.4444444444444444,0.1111111111111111,0.2777777777777778,0.4444444444444444,0.0,0.0,0.0,0.0,0.0,0.25,0.4375,1.0,0.0,0.0,0.0,0.0,0.0,0.0,0.0,0.0,0.0,1.0,0.0,0.0,0.0,0.0,0.0,0.0,0.8333333333333334,0.5,0.3333333333333333,1.0,0.0,0.0,0.0,1.0,0.0
1.0,0.1111111111111111,0.07407407407407407,0.4444444444444444,0.4444444444444444,0.4444444444444444,1.0,0.25,0.0,0.0,0.0,0.25,0.9375,0.0,0.0,0.0,1.0,0.0,0.0,0.0,0.0,0.0,0.0,1.0,0.0,0.0,0.0,0.0,0.0,0.0,1.0,0.5,0.0,1.0,0.0,0.0,0.0,1.0,0.0
0.5,0.4444444444444444,0.4074074074074074,0.07407407407407407,0.25925925925925924,0.4444444444444444,1.0,0.25,0.0,0.0,0.0,0.25,1.0,0.0,0.0,0.0,0.0,1.0,0.0,0.0,0.0,0.0,0.0,1.0,0.0,0.0,0.0,1.0,0.0,0.0,0.7272727272727273,0.36363636363636365,0.18181818181818182,1.0,0.0,0.0,0.0,1.0,0.0
0.0,0.4444444444444444,0.4444444444444444,0.07407407407407407,0.24074074074074073,0.4074074074074074,1.0,0.25,0.0,0.0,1.0,0.0,0.0,0.0,0.0,0.0,0.0,0.0,0.0,0.0,0.0,0.0,0.0,1.0,0.0,0.0,0.0,1.0,0.0,0.0,0.8333333333333334,0.5,0.3333333333333333,1.0,0.0,0.0,0.0,1.0,0.0
1.0,0.07407407407407407,0.07407407407407407,0.4074074074074074,0.42592592592592593,0.4444444444444444,1.0,0.25,0.0,0.0,1.0,0.0,0.0,0.0,0.0,0.0,0.0,0.0,0.0,0.0,0.0,0.0,0.0,1.0,0.0,0.0,0.0,0.0,0.0,0.0,1.0,0.5,0.0,1.0,0.0,0.0,0.0,1.0,0.0
0.5,0.4074074074074074,0.2962962962962963,0.07407407407407407,0.25925925925925924,0.4444444444444444,0.0,0.0,0.0,0.0,0.0,0.75,0.5625,0.0,0.0,0.0,0.0,0.0,0.0,1.0,0.0,0.0,0.0,1.0,0.0,0.0,0.0,1.0,0.0,0.0,0.875,0.5,0.25,1.0,0.0,0.0,0.0,1.0,0.0
0.0,0.4444444444444444,0.4444444444444444,0.07407407407407407,0.18518518518518517,0.2962962962962963,1.0,0.75,0.0,0.0,1.0,0.0,0.0,0.0,0.0,0.0,0.0,0.0,0.0,0.0,0.0,0.0,0.0,1.0,0.0,0.0,0.0,1.0,0.0,0.0,0.8333333333333334,0.5,0.3333333333333333,1.0,0.0,0.0,0.0,1.0,0.0
1.0,0.07407407407407407,0.07407407407407407,0.2962962962962963,0.37037037037037035,0.4444444444444444,1.0,0.75,0.0,0.0,1.0,0.0,0.0,0.0,0.0,0.0,0.0,0.0,0.0,0.0,0.0,0.0,0.0,1.0,0.0,0.0,0.0,0.0,0.0,0.0,1.0,0.5,0.0,1.0,0.0,0.0,0.0,1.0,0.0
0.5,0.2962962962962963,0.25925925925925924,0.07407407407407407,0.25925925925925924,0.4444444444444444,0.0,0.0,0.0,0.0,0.0,0.25,0.375,0.0,0.0,0.0,0.0,0.0,0.0,0.0,0.0,0.0,0.0,1.0,0.0,0.0,0.0,1.0,0.0,0.0,1.0,0.42857142857142855,0.2857142857142857,1.0,0.0,0.0,0.0,1.0,0.0
0.0,0.4444444444444444,0.4444444444444444,0.07407407407407407,0.16666666666666666,0.25925925925925924,1.0,0.25,0.0,0.0,1.0,0.0,0.0,0.0,0.0,0.0,0.0,0.0,0.0,0.0,0.0,0.0,0.0,1.0,0.0,0.0,0.0,1.0,0.0,0.0,0.8333333333333334,0.5,0.3333333333333333,1.0,0.0,0.0,0.0,1.0,0.0
1.0,0.07407407407407407,0.037037037037037035,0.25925925925925924,0.35185185185185186,0.4444444444444444,1.0,0.25,0.0,0.0,0.0,0.25,0.5,0.0,1.0,0.0,0.0,0.0,0.0,0.0,0.0,0.0,0.0,1.0,0.0,1.0,0.0,0.0,0.0,0.0,1.0,0.0,0.0,1.0,0.0,0.0,0.0,1.0,0.0
0.5,0.25925925925925924,0.2222222222222222,0.037037037037037035,0.24074074074074073,0.4444444444444444,1.0,0.25,0.0,0.0,0.0,0.25,0.8125,0.0,0.0,0.0,0.0,0.0,0.0,0.0,0.0,0.0,0.0,1.0,0.0,0.0,0.0,1.0,0.0,0.0,1.0,0.5,0.16666666666666666,1.0,0.0,0.0,0.0,1.0,0.0
1.0,0.037037037037037035,0.037037037037037035,0.2222222222222222,0.3333333333333333,0.4444444444444444,1.0,0.25,0.0,0.0,1.0,0.0,0.0,0.0,0.0,0.0,0.0,0.0,0.0,0.0,0.0,0.0,0.0,0.0,1.0,0.0,0.0,0.0,0.0,0.0,1.0,0.0,0.0,1.0,0.0,0.0,0.0,1.0,0.0
0.5,0.2222222222222222,0.18518518518518517,0.037037037037037035,0.24074074074074073,0.4444444444444444,0.0,0.0,0.0,0.0,0.0,0.25,0.6875,0.0,0.0,0.0,0.0,0.0,0.0,0.0,0.0,0.0,0.0,1.0,0.0,0.0,0.0,1.0,0.0,0.0,1.0,0.6,0.2,1.0,0.0,0.0,0.0,1.0,0.0
0.0,0.4444444444444444,0.4444444444444444,0.037037037037037035,0.1111111111111111,0.18518518518518517,1.0,0.25,0.0,0.0,1.0,0.0,0.0,0.0,0.0,0.0,0.0,0.0,0.0,0.0,0.0,0.0,0.0,1.0,0.0,0.0,0.0,1.0,0.0,0.0,0.8333333333333334,0.5,0.3333333333333333,1.0,0.0,0.0,0.0,1.0,0.0
1.0,0.037037037037037035,0.037037037037037035,0.18518518518518517,0.3148148148148148,0.4444444444444444,1.0,0.25,0.0,0.0,1.0,0.0,0.0,0.0,0.0,0.0,0.0,0.0,0.0,0.0,0.0,0.0,0.0,0.0,1.0,0.0,0.0,0.0,0.0,0.0,1.0,0.0,0.0,1.0,0.0,0.0,0.0,1.0,0.0
0.5,0.18518518518518517,0.14814814814814814,0.037037037037037035,0.24074074074074073,0.4444444444444444,0.0,0.0,0.0,0.0,0.0,0.25,0.3125,0.0,0.0,0.0,0.0,0.0,0.0,0.0,0.0,0.0,0.0,1.0,0.0,0.0,0.0,1.0,0.0,0.0,1.0,0.5,0.25,1.0,0.0,0.0,0.0,1.0,0.0
0.0,0.4444444444444444,0.4074074074074074,0.037037037037037035,0.09259259259259259,0.14814814814814814,1.0,0.25,0.0,0.0,0.0,0.25,0.8125,0.0,0.0,0.0,0.0,0.0,0.0,0.0,0.0,0.0,0.0,1.0,0.0,0.0,0.0,1.0,0.0,0.0,0.8181818181818182,0.5454545454545454,0.2727272727272727,1.0,0.0,0.0,0.0,1.0,0.0
1.0,0.037037037037037035,0.037037037037037035,0.14814814814814814,0.2777777777777778,0.4074074074074074,1.0,0.25,0.0,0.0,1.0,0.0,0.0,0.0,0.0,0.0,0.0,0.0,0.0,0.0,0.0,0.0,0.0,0.0,1.0,0.0,0.0,0.0,0.0,0.0,1.0,0.0,0.0,1.0,0.0,0.0,0.0,1.0,0.0
0.5,0.14814814814814814,0.1111111111111111,0.037037037037037035,0.2222222222222222,0.4074074074074074,1.0,0.25,0.0,0.0,0.0,0.25,0.9375,0.0,0.0,0.0,1.0,0.0,0.0,0.0,0.0,0.0,0.0,1.0,0.0,0.0,0.0,1.0,0.0,0.0,1.0,0.6666666666666666,0.0,1.0,0.0,0.0,0.0,1.0,0.0
0.0,0.4074074074074074,0.37037037037037035,0.037037037037037035,0.07407407407407407,0.1111111111111111,1.0,0.25,0.0,0.0,0.0,0.25,1.0,0.0,0.0,0.0,0.0,1.0,0.0,0.0,0.0,0.0,0.0,1.0,0.0,0.0,0.0,1.0,0.0,0.0,0.8,0.6,0.2,1.0,0.0,0.0,0.0,1.0,0.0
0.5,0.1111111111111111,0.1111111111111111,0.037037037037037035,0.2037037037037037,0.37037037037037035,1.0,0.25,0.0,0.0,1.0,0.0,0.0,0.0,0.0,0.0,0.0,0.0,0.0,0.0,0.0,0.0,0.0,1.0,0.0,0.0,0.0,1.0,0.0,0.0,1.0,0.6666666666666666,0.0,1.0,0.0,0.0,0.0,1.0,0.0
0.0,0.37037037037037035,0.2962962962962963,0.037037037037037035,0.07407407407407407,0.1111111111111111,0.0,0.0,0.0,0.0,0.0,0.5,0.875,0.0,0.0,0.0,0.0,0.0,1.0,0.0,0.0,0.0,0.0,1.0,0.0,0.0,0.0,1.0,0.0,0.0,0.875,0.75,0.0,1.0,0.0,0.0,0.0,1.0,0.0
1.0,0.037037037037037035,0.037037037037037035,0.1111111111111111,0.2037037037037037,0.2962962962962963,1.0,0.5,0.0,0.0,1.0,0.0,0.0,0.0,0.0,0.0,0.0,0.0,0.0,0.0,0.0,0.0,0.0,0.0,1.0,0.0,0.0,0.0,0.0,0.0,1.0,0.0,0.0,1.0,0.0,0.0,0.0,1.0,0.0
0.5,0.1111111111111111,0.1111111111111111,0.037037037037037035,0.16666666666666666,0.2962962962962963,1.0,0.5,0.0,0.0,1.0,0.0,0.0,0.0,0.0,0.0,0.0,0.0,0.0,0.0,0.0,0.0,0.0,1.0,0.0,0.0,0.0,1.0,0.0,0.0,1.0,0.6666666666666666,0.0,1.0,0.0,0.0,0.0,1.0,0.0
0.0,0.2962962962962963,0.2222222222222222,0.037037037037037035,0.07407407407407407,0.1111111111111111,0.0,0.0,0.0,0.0,0.0,0.5,0.375,0.0,0.0,0.0,0.0,0.0,1.0,0.0,0.0,0.0,0.0,1.0,0.0,0.0,0.0,1.0,0.0,0.0,1.0,0.6666666666666666,0.0,1.0,0.0,0.0,0.0,1.0,0.0
1.0,0.037037037037037035,0.037037037037037035,0.1111111111111111,0.16666666666666666,0.2222222222222222,1.0,0.5,0.0,0.0,1.0,0.0,0.0,0.0,0.0,0.0,0.0,0.0,0.0,0.0,0.0,0.0,0.0,0.0,1.0,0.0,0.0,0.0,0.0,0.0,1.0,0.0,0.0,1.0,0.0,0.0,0.0,1.0,0.0
0.5,0.1111111111111111,0.1111111111111111,0.037037037037037035,0.12962962962962962,0.2222222222222222,1.0,0.5,0.0,0.0,1.0,0.0,0.0,0.0,0.0,0.0,0.0,0.0,0.0,0.0,0.0,0.0,0.0,1.0,0.0,0.0,0.0,1.0,0.0,0.0,1.0,0.6666666666666666,0.0,1.0,0.0,0.0,0.0,1.0,0.0
0.0,0.2222222222222222,0.18518518518518517,0.037037037037037035,0.07407407407407407,0.1111111111111111,0.0,0.0,0.0,0.0,0.0,0.25,0.25,0.0,0.0,0.0,0.0,0.0,0.0,0.0,0.0,0.0,0.0,1.0,0.0,0.0,0.0,1.0,0.0,0.0,1.0,0.6,0.0,1.0,0.0,0.0,0.0,1.0,0.0
1.0,0.037037037037037035,0.0,0.1111111111111111,0.14814814814814814,0.18518518518518517,1.0,0.25,0.0,0.0,0.0,0.25,0.625,0.0,0.0,1.0,0.0,0.0,0.0,0.0,0.0,0.0,1.0,0.0,1.0,0.0,1.0,0.0,0.0,0.0,0.0,0.0,0.0,1.0,0.0,0.0,0.0,1.0,0.0
0.5,0.1111111111111111,0.1111111111111111,0.18518518518518517,0.18518518518518517,0.18518518518518517,1.0,0.25,0.0,0.0,1.0,0.0,0.0,0.0,0.0,0.0,0.0,0.0,0.0,0.0,0.0,0.0,0.0,1.0,0.0,0.0,0.0,0.0,0.0,0.0,1.0,0.6666666666666666,0.0,1.0,0.0,0.0,0.0,1.0,0.0
0.0,0.18518518518518517,0.14814814814814814,0.1111111111111111,0.1111111111111111,0.1111111111111111,1.0,0.25,0.0,0.0,0.0,0.25,0.75,0.0,0.0,0.0,0.0,0.0,0.0,0.0,0.0,0.0,0.0,1.0,0.0,0.0,0.0,0.0,0.0,0.0,1.0,0.75,0.0,1.0,0.0,0.0,0.0,1.0,0.0
0.0,0.14814814814814814,0.1111111111111111,0.1111111111111111,0.1111111111111111,0.1111111111111111,0.0,0.0,0.0,0.0,0.0,0.25,0.1875,0.0,0.0,0.0,0.0,0.0,0.0,0.0,0.0,0.0,0.0,1.0,0.0,0.0,0.0,0.0,0.0,0.0,1.0,0.6666666666666666,0.0,1.0,0.0,0.0,0.0,1.0,0.0
0.5,0.1111111111111111,0.1111111111111111,0.1111111111111111,0.1111111111111111,0.1111111111111111,1.0,0.25,0.0,0.0,1.0,0.0,0.0,0.0,0.0,0.0,0.0,0.0,0.0,0.0,0.0,0.0,0.0,1.0,0.0,0.0,0.0,0.0,0.0,0.0,1.0,0.6666666666666666,0.0,1.0,0.0,0.0,0.0,1.0,0.0
0.0,0.1111111111111111,0.07407407407407407,0.1111111111111111,0.1111111111111111,0.1111111111111111,0.0,0.0,0.0,0.0,0.0,0.25,0.3125,0.0,0.0,0.0,0.0,0.0,0.0,0.0,0.0,0.0,0.0,1.0,0.0,0.0,0.0,0.0,0.0,0.0,1.0,0.5,0.0,1.0,0.0,0.0,0.0,1.0,0.0
0.5,0.1111111111111111,0.07407407407407407,0.07407407407407407,0.07407407407407407,0.07407407407407407,1.0,0.25,0.0,0.0,0.0,0.25,0.375,0.0,0.0,0.0,0.0,0.0,0.0,0.0,0.0,0.0,0.0,1.0,0.0,0.0,0.0,1.0,0.0,0.0,1.0,0.5,0.0,1.0,0.0,0.0,0.0,1.0,0.0
0.0,0.07407407407407407,0.07407407407407407,0.07407407407407407,0.07407407407407407,0.07407407407407407,1.0,0.25,0.0,0.0,1.0,0.0,0.0,0.0,0.0,0.0,0.0,0.0,0.0,0.0,0.0,0.0,0.0,1.0,0.0,0.0,0.0,1.0,0.0,0.0,1.0,0.5,0.0,1.0,0.0,0.0,0.0,1.0,0.0
0.5,0.07407407407407407,0.037037037037037035,0.07407407407407407,0.07407407407407407,0.07407407407407407,0.0,0.0,0.0,0.0,0.0,0.25,0.5,0.0,1.0,0.0,0.0,0.0,0.0,0.0,0.0,0.0,0.0,1.0,0.0,1.0,0.0,1.0,0.0,0.0,1.0,0.0,0.0,1.0,0.0,0.0,0.0,1.0,0.0
0.0,0.07407407407407407,0.07407407407407407,0.037037037037037035,0.037037037037037035,0.037037037037037035,1.0,0.25,0.0,0.0,1.0,0.0,0.0,0.0,0.0,0.0,0.0,0.0,0.0,0.0,0.0,0.0,0.0,1.0,0.0,0.0,0.0,1.0,0.0,0.0,1.0,0.5,0.0,1.0,0.0,0.0,0.0,1.0,0.0
0.5,0.037037037037037035,0.0,0.07407407407407407,0.07407407407407407,0.07407407407407407,0.0,0.0,0.0,0.0,0.0,0.25,0.625,0.0,0.0,1.0,0.0,0.0,0.0,0.0,0.0,0.0,1.0,0.0,1.0,0.0,1.0,1.0,0.0,0.0,0.0,0.0,0.0,1.0,0.0,0.0,0.0,1.0,0.0
0.3333333333333333,0.48148148148148145,0.4074074074074074,0.48148148148148145,0.4938271604938272,0.5185185185185185,0.0,0.0,0.0,0.0,0.0,0.5,0.375,0.0,0.0,0.0,0.0,0.0,1.0,0.0,0.0,0.0,0.0,0.0,0.0,0.0,0.0,0.0,0.0,0.0,0.8181818181818182,0.2727272727272727,0.2727272727272727,1.0,1.0,1.0,1.0,0.0,0.0
1.0,0.48148148148148145,0.4074074074074074,0.4074074074074074,0.4691358024691358,0.5185185185185185,1.0,0.5,0.0,0.0,0.0,0.5,0.75,0.0,0.0,0.0,0.0,0.0,1.0,0.0,0.0,0.0,0.0,0.0,0.0,0.0,0.0,0.0,0.0,0.0,0.7272727272727273,0.8181818181818182,0.09090909090909091,1.0,1.0,1.0,1.0,0.0,0.0
0.6666666666666666,0.48148148148148145,0.4074074074074074,0.4074074074074074,0.4444444444444444,0.5185185185185185,1.0,0.5,0.0,0.0,0.0,0.5,0.875,0.0,0.0,0.0,0.0,0.0,1.0,0.0,0.0,0.0,0.0,0.0,0.0,0.0,0.0,0.0,0.0,0.0,0.8181818181818182,0.36363636363636365,0.2727272727272727,1.0,1.0,1.0,1.0,0.0,0.0
0.0,0.5185185185185185,0.5185185185185185,0.4074074074074074,0.4074074074074074,0.4074074074074074,1.0,0.5,0.0,0.0,1.0,0.0,0.0,0.0,0.0,0.0,0.0,0.0,0.0,0.0,0.0,0.0,0.0,0.0,0.0,0.0,0.0,0.0,0.0,0.0,0.8571428571428571,0.42857142857142855,0.2857142857142857,1.0,1.0,1.0,1.0,0.0,0.0
0.3333333333333333,0.4074074074074074,0.4074074074074074,0.4074074074074074,0.4444444444444444,0.5185185185185185,1.0,0.5,0.0,0.0,1.0,0.0,0.0,0.0,0.0,0.0,0.0,0.0,0.0,0.0,0.0,0.0,0.0,0.0,0.0,0.0,0.0,0.0,0.0,0.0,0.8181818181818182,0.2727272727272727,0.2727272727272727,1.0,1.0,1.0,1.0,0.0,0.0
1.0,0.4074074074074074,0.4074074074074074,0.4074074074074074,0.4444444444444444,0.5185185185185185,1.0,0.5,0.0,0.0,1.0,0.0,0.0,0.0,0.0,0.0,0.0,0.0,0.0,0.0,0.0,0.0,0.0,0.0,0.0,0.0,0.0,0.0,0.0,0.0,0.7272727272727273,0.8181818181818182,0.09090909090909091,1.0,1.0,1.0,1.0,0.0,0.0
0.6666666666666666,0.4074074074074074,0.3333333333333333,0.4074074074074074,0.4444444444444444,0.5185185185185185,0.0,0.0,0.0,0.0,0.0,0.5,0.6875,0.0,0.0,0.0,0.0,0.0,1.0,0.0,0.0,0.0,0.0,0.0,0.0,0.0,0.0,0.0,0.0,0.0,0.8888888888888888,0.4444444444444444,0.3333333333333333,1.0,1.0,1.0,1.0,0.0,0.0
0.0,0.5185185185185185,0.4444444444444444,0.3333333333333333,0.3827160493827161,0.4074074074074074,1.0,0.5,0.0,0.0,0.0,0.5,0.8125,0.0,0.0,0.0,0.0,0.0,1.0,0.0,0.0,0.0,0.0,0.0,0.0,0.0,0.0,0.0,0.0,0.0,0.9166666666666666,0.5,0.16666666666666666,1.0,1.0,1.0,1.0,0.0,0.0
0.3333333333333333,0.4074074074074074,0.4074074074074074,0.3333333333333333,0.3950617283950617,0.4444444444444444,1.0,0.5,0.0,0.0,1.0,0.0,0.0,0.0,0.0,0.0,0.0,0.0,0.0,0.0,0.0,0.0,0.0,0.0,0.0,0.0,0.0,0.0,0.0,0.0,0.8181818181818182,0.2727272727272727,0.2727272727272727,1.0,1.0,1.0,1.0,0.0,0.0
1.0,0.4074074074074074,0.4074074074074074,0.3333333333333333,0.3950617283950617,0.4444444444444444,1.0,0.5,0.0,0.0,1.0,0.0,0.0,0.0,0.0,0.0,0.0,0.0,0.0,0.0,0.0,0.0,0.0,0.0,0.0,0.0,0.0,0.0,0.0,0.0,0.7272727272727273,0.8181818181818182,0.09090909090909091,1.0,1.0,1.0,1.0,0.0,0.0
0.6666666666666666,0.3333333333333333,0.25925925925925924,0.4074074074074074,0.4197530864197531,0.4444444444444444,1.0,0.5,0.0,0.0,0.0,0.5,0.9375,0.0,0.0,0.0,1.0,0.0,1.0,0.0,0.0,0.0,0.0,0.0,0.0,0.0,0.0,0.0,0.0,0.0,1.0,0.5714285714285714,0.14285714285714285,1.0,1.0,1.0,1.0,0.0,0.0
0.0,0.4444444444444444,0.4444444444444444,0.25925925925925924,0.35802469135802467,0.4074074074074074,1.0,0.5,0.0,0.0,1.0,0.0,0.0,0.0,0.0,0.0,0.0,0.0,0.0,0.0,0.0,0.0,0.0,0.0,0.0,0.0,0.0,0.0,0.0,0.0,0.9166666666666666,0.5,0.16666666666666666,1.0,1.0,1.0,1.0,0.0,0.0
0.6666666666666666,0.25925925925925924,0.2222222222222222,0.4074074074074074,0.4197530864197531,0.4444444444444444,0.0,0.0,0.0,0.0,0.0,0.25,0.5,0.0,1.0,0.0,0.0,0.0,0.0,0.0,0.0,0.0,0.0,0.0,0.0,0.0,0.0,0.0,1.0,0.0,1.0,0.5,0.16666666666666666,1.0,1.0,1.0,1.0,0.0,0.0
0.6666666666666666,0.2222222222222222,0.18518518518518517,0.4074074074074074,0.4197530864197531,0.4444444444444444,0.0,0.0,0.0,0.0,0.0,0.25,0.1875,0.0,0.0,0.0,0.0,0.0,0.0,0.0,0.0,0.0,0.0,0.0,0.0,0.0,0.0,0.0,0.0,0.0,1.0,0.4,0.2,1.0,1.0,1.0,1.0,0.0,0.0
0.0,0.4444444444444444,0.4074074074074074,0.18518518518518517,0.3333333333333333,0.4074074074074074,1.0,0.25,0.0,0.0,0.0,0.25,0.4375,1.0,0.0,0.0,0.0,0.0,0.0,0.0,0.0,0.0,0.0,0.0,0.0,0.0,0.0,0.0,0.0,1.0,1.0,0.45454545454545453,0.18181818181818182,1.0,1.0,1.0,1.0,0.0,0.0
0.3333333333333333,0.4444444444444444,0.4074074074074074,0.18518518518518517,0.32098765432098764,0.4074074074074074,1.0,0.25,0.0,0.0,0.0,0.25,0.5625,0.0,0.0,0.0,0.0,0.0,0.0,0.0,0.0,0.0,0.0,0.0,0.0,0.0,0.0,0.0,0.0,0.0,0.8181818181818182,0.36363636363636365,0.2727272727272727,1.0,1.0,1.0,1.0,0.0,0.0
1.0,0.4074074074074074,0.4074074074074074,0.18518518518518517,0.32098765432098764,0.4074074074074074,1.0,0.25,0.0,1.0,1.0,0.0,0.0,0.0,0.0,0.0,0.0,0.0,0.0,0.0,0.0,0.0,0.0,0.0,0.0,0.0,0.0,0.0,0.0,0.0,0.7272727272727273,0.8181818181818182,0.09090909090909091,1.0,1.0,1.0,1.0,0.0,0.0
0.6666666666666666,0.18518518518518517,0.18518518518518517,0.37037037037037035,0.3950617283950617,0.4074074074074074,1.0,0.25,0.0,1.0,1.0,0.0,0.0,0.0,0.0,0.0,0.0,0.0,0.0,0.0,0.0,0.0,0.0,0.0,0.0,0.0,0.0,0.0,0.0,0.0,1.0,0.4,0.2,1.0,1.0,1.0,1.0,0.0,0.0
0.0,0.37037037037037035,0.3333333333333333,0.18518518518518517,0.3333333333333333,0.4074074074074074,1.0,0.25,0.0,1.0,0.0,0.25,0.75,0.0,0.0,0.0,0.0,0.0,0.0,0.0,0.0,0.0,0.0,0.0,0.0,0.0,0.0,0.0,0.0,0.0,1.0,0.4444444444444444,0.2222222222222222,1.0,1.0,1.0,1.0,0.0,0.0
0.3333333333333333,0.4074074074074074,0.4074074074074074,0.18518518518518517,0.308641975308642,0.4074074074074074,1.0,0.25,0.0,1.0,1.0,0.0,0.0,0.0,0.0,0.0,0.0,0.0,0.0,0.0,0.0,0.0,0.0,0.0,0.0,0.0,0.0,0.0,0.0,0.0,0.8181818181818182,0.36363636363636365,0.2727272727272727,1.0,1.0,1.0,1.0,0.0,0.0
0.0,0.3333333333333333,0.2222222222222222,0.18518518518518517,0.3333333333333333,0.4074074074074074,0.0,0.0,0.0,0.0,0.0,0.75,0.6875,0.0,0.0,1.0,0.0,0.0,0.0,0.0,0.0,1.0,0.0,0.0,0.0,0.0,0.0,0.0,0.0,0.0,1.0,0.6666666666666666,0.3333333333333333,1.0,1.0,1.0,1.0,0.0,0.0
0.3333333333333333,0.4074074074074074,0.4074074074074074,0.18518518518518517,0.2716049382716049,0.4074074074074074,1.0,0.75,0.0,0.0,1.0,0.0,0.0,0.0,0.0,0.0,0.0,0.0,0.0,0.0,0.0,0.0,0.0,0.0,0.0,0.0,0.0,0.0,0.0,0.0,0.8181818181818182,0.36363636363636365,0.2727272727272727,1.0,1.0,1.0,1.0,0.0,0.0
1.0,0.4074074074074074,0.4074074074074074,0.18518518518518517,0.2716049382716049,0.4074074074074074,1.0,0.75,0.0,0.0,1.0,0.0,0.0,0.0,0.0,0.0,0.0,0.0,0.0,0.0,0.0,0.0,0.0,0.0,0.0,0.0,0.0,0.0,0.0,0.0,0.7272727272727273,0.8181818181818182,0.09090909090909091,1.0,1.0,1.0,1.0,0.0,0.0
0.6666666666666666,0.18518518518518517,0.18518518518518517,0.2222222222222222,0.34567901234567905,0.4074074074074074,1.0,0.75,0.0,0.0,1.0,0.0,0.0,0.0,0.0,0.0,0.0,0.0,0.0,0.0,0.0,0.0,0.0,0.0,0.0,0.0,0.0,0.0,0.0,0.0,1.0,0.4,0.2,1.0,1.0,1.0,1.0,0.0,0.0
0.0,0.2222222222222222,0.18518518518518517,0.18518518518518517,0.3333333333333333,0.4074074074074074,0.0,0.0,0.0,0.0,0.0,0.25,0.25,0.0,0.0,0.0,0.0,0.0,0.0,0.0,0.0,0.0,0.0,0.0,0.0,0.0,0.0,0.0,0.0,0.0,1.0,0.6,0.4,1.0,1.0,1.0,1.0,0.0,0.0
0.3333333333333333,0.4074074074074074,0.37037037037037035,0.18518518518518517,0.25925925925925924,0.4074074074074074,1.0,0.25,0.0,0.0,0.0,0.25,0.5,0.0,1.0,0.0,0.0,0.0,0.0,0.0,0.0,0.0,0.0,0.0,0.0,0.0,0.0,0.0,1.0,0.0,0.9,0.3,0.3,1.0,1.0,1.0,1.0,0.0,0.0
0.3333333333333333,0.37037037037037035,0.2962962962962963,0.18518518518518517,0.25925925925925924,0.4074074074074074,0.0,0.0,0.0,0.0,0.0,0.5,0.625,0.0,0.0,1.0,0.0,0.0,1.0,0.0,0.0,0.0,0.0,0.0,0.0,0.0,0.0,0.0,0.0,0.0,1.0,0.375,0.375,1.0,1.0,1.0,1.0,0.0,0.0
1.0,0.4074074074074074,0.4074074074074074,0.18518518518518517,0.2222222222222222,0.2962962962962963,1.0,0.5,0.0,0.0,1.0,0.0,0.0,0.0,0.0,0.0,0.0,0.0,0.0,0.0,0.0,0.0,0.0,0.0,0.0,0.0,0.0,0.0,0.0,0.0,0.7272727272727273,0.8181818181818182,0.09090909090909091,1.0,1.0,1.0,1.0,0.0,0.0
0.6666666666666666,0.18518518518518517,0.18518518518518517,0.18518518518518517,0.2962962962962963,0.4074074074074074,1.0,0.5,0.0,0.0,1.0,0.0,0.0,0.0,0.0,0.0,0.0,0.0,0.0,0.0,0.0,0.0,0.0,0.0,0.0,0.0,0.0,0.0,0.0,0.0,1.0,0.4,0.2,1.0,1.0,1.0,1.0,0.0,0.0
0.0,0.18518518518518517,0.18518518518518517,0.18518518518518517,0.2962962962962963,0.4074074074074074,1.0,0.5,0.0,0.0,1.0,0.0,0.0,0.0,0.0,0.0,0.0,0.0,0.0,0.0,0.0,0.0,0.0,0.0,0.0,0.0,0.0,0.0,0.0,0.0,1.0,0.6,0.4,1.0,1.0,1.0,1.0,0.0,0.0
0.3333333333333333,0.2962962962962963,0.25925925925925924,0.18518518518518517,0.25925925925925924,0.4074074074074074,0.0,0.0,0.0,0.0,0.0,0.25,0.4375,1.0,0.0,0.0,0.0,0.0,0.0,0.0,0.0,0.0,0.0,0.0,0.0,0.0,0.0,0.0,0.0,1.0,1.0,0.2857142857142857,0.42857142857142855,1.0,1.0,1.0,1.0,0.0,0.0
1.0,0.4444444444444444,0.4074074074074074,0.18518518518518517,0.19753086419753085,0.2222222222222222,1.0,0.25,0.0,0.0,0.0,0.25,0.5,0.0,1.0,0.0,0.0,0.0,0.0,0.0,0.0,0.0,0.0,0.0,0.0,0.0,0.0,0.0,1.0,0.0,0.6363636363636364,0.8181818181818182,0.09090909090909091,1.0,1.0,1.0,1.0,0.0,0.0
1.0,0.4074074074074074,0.2962962962962963,0.18518518518518517,0.19753086419753085,0.2222222222222222,0.0,0.0,0.0,0.0,0.0,0.75,0.375,0.0,0.0,0.0,0.0,0.0,0.0,0.0,0.0,1.0,0.0,0.0,0.0,0.0,0.0,0.0,0.0,0.0,0.75,0.75,0.125,1.0,1.0,1.0,1.0,0.0,0.0
0.6666666666666666,0.18518518518518517,0.18518518518518517,0.18518518518518517,0.2345679012345679,0.2962962962962963,1.0,0.75,0.0,0.0,1.0,0.0,0.0,0.0,0.0,0.0,0.0,0.0,0.0,0.0,0.0,0.0,0.0,0.0,0.0,0.0,0.0,0.0,0.0,0.0,1.0,0.4,0.2,1.0,1.0,1.0,1.0,0.0,0.0
0.0,0.18518518518518517,0.18518518518518517,0.18518518518518517,0.2345679012345679,0.2962962962962963,1.0,0.75,0.0,0.0,1.0,0.0,0.0,0.0,0.0,0.0,0.0,0.0,0.0,0.0,0.0,0.0,0.0,0.0,0.0,0.0,0.0,0.0,0.0,0.0,1.0,0.6,0.4,1.0,1.0,1.0,1.0,0.0,0.0
0.3333333333333333,0.2222222222222222,0.2222222222222222,0.18518518518518517,0.2222222222222222,0.2962962962962963,1.0,0.75,0.0,0.0,1.0,0.0,0.0,0.0,0.0,0.0,0.0,0.0,0.0,0.0,0.0,0.0,0.0,0.0,0.0,0.0,0.0,0.0,0.0,0.0,1.0,0.16666666666666666,0.5,1.0,1.0,1.0,1.0,0.0,0.0
1.0,0.2962962962962963,0.18518518518518517,0.18518518518518517,0.19753086419753085,0.2222222222222222,0.0,0.0,0.0,0.0,0.0,0.75,0.1875,0.0,0.0,0.0,0.0,0.0,0.0,1.0,0.0,0.0,0.0,0.0,0.0,0.0,0.0,0.0,0.0,0.0,1.0,0.6,0.2,1.0,1.0,1.0,1.0,0.0,0.0
0.6666666666666666,0.18518518518518517,0.18518518518518517,0.18518518518518517,0.19753086419753085,0.2222222222222222,1.0,0.75,0.0,0.0,1.0,0.0,0.0,0.0,0.0,0.0,0.0,0.0,0.0,0.0,0.0,0.0,0.0,0.0,0.0,0.0,0.0,0.0,0.0,0.0,1.0,0.4,0.2,1.0,1.0,1.0,1.0,0.0,0.0
0.0,0.18518518518518517,0.18518518518518517,0.18518518518518517,0.19753086419753085,0.2222222222222222,1.0,0.75,0.0,0.0,1.0,0.0,0.0,0.0,0.0,0.0,0.0,0.0,0.0,0.0,0.0,0.0,0.0,0.0,0.0,0.0,0.0,0.0,0.0,0.0,1.0,0.6,0.4,1.0,1.0,1.0,1.0,0.0,0.0
0.3333333333333333,0.2222222222222222,0.2222222222222222,0.18518518518518517,0.18518518518518517,0.18518518518518517,1.0,0.75,0.0,0.0,1.0,0.0,0.0,0.0,0.0,0.0,0.0,0.0,0.0,0.0,0.0,0.0,0.0,0.0,0.0,0.0,0.0,0.0,0.0,0.0,1.0,0.16666666666666666,0.5,1.0,1.0,1.0,1.0,0.0,0.0
1.0,0.18518518518518517,0.14814814814814814,0.18518518518518517,0.19753086419753085,0.2222222222222222,0.0,0.0,0.0,0.0,0.0,0.25,0.25,0.0,0.0,0.0,0.0,0.0,0.0,0.0,0.0,0.0,0.0,0.0,0.0,0.0,0.0,0.0,0.0,0.0,1.0,0.5,0.25,1.0,1.0,1.0,1.0,0.0,0.0
0.6666666666666666,0.18518518518518517,0.14814814814814814,0.14814814814814814,0.18518518518518517,0.2222222222222222,1.0,0.25,0.0,0.0,0.0,0.25,0.3125,0.0,0.0,0.0,0.0,0.0,0.0,0.0,0.0,0.0,0.0,0.0,0.0,0.0,0.0,0.0,0.0,0.0,1.0,0.25,0.25,1.0,1.0,1.0,1.0,0.0,0.0
0.0,0.18518518518518517,0.14814814814814814,0.14814814814814814,0.17283950617283952,0.2222222222222222,1.0,0.25,0.0,0.0,0.0,0.25,0.375,0.0,0.0,0.0,0.0,0.0,0.0,0.0,0.0,0.0,0.0,0.0,0.0,0.0,0.0,0.0,0.0,0.0,1.0,0.5,0.5,1.0,1.0,1.0,1.0,0.0,0.0
0.3333333333333333,0.2222222222222222,0.18518518518518517,0.14814814814814814,0.14814814814814814,0.14814814814814814,1.0,0.25,0.0,1.0,0.0,0.25,0.5625,0.0,0.0,0.0,0.0,0.0,0.0,0.0,0.0,0.0,0.0,0.0,0.0,0.0,0.0,0.0,0.0,0.0,1.0,0.2,0.6,1.0,1.0,1.0,1.0,0.0,0.0
1.0,0.14814814814814814,0.1111111111111111,0.14814814814814814,0.16049382716049382,0.18518518518518517,1.0,0.25,0.0,1.0,0.0,0.25,0.625,0.0,0.0,1.0,0.0,0.0,0.0,0.0,0.0,0.0,0.0,0.0,0.0,0.0,0.0,0.0,0.0,0.0,1.0,0.6666666666666666,0.3333333333333333,1.0,1.0,1.0,1.0,0.0,0.0
0.6666666666666666,0.14814814814814814,0.1111111111111111,0.1111111111111111,0.14814814814814814,0.18518518518518517,1.0,0.25,0.0,1.0,0.0,0.25,0.875,0.0,0.0,0.0,0.0,0.0,0.0,0.0,0.0,0.0,0.0,0.0,0.0,0.0,0.0,0.0,0.0,0.0,1.0,0.3333333333333333,0.0,1.0,1.0,1.0,1.0,0.0,0.0
0.0,0.14814814814814814,0.1111111111111111,0.1111111111111111,0.13580246913580246,0.18518518518518517,1.0,0.25,0.0,1.0,0.0,0.25,1.0,0.0,0.0,0.0,0.0,1.0,0.0,0.0,0.0,0.0,0.0,0.0,0.0,0.0,0.0,0.0,0.0,0.0,1.0,0.6666666666666666,0.3333333333333333,1.0,1.0,1.0,1.0,0.0,0.0
0.3333333333333333,0.18518518518518517,0.18518518518518517,0.1111111111111111,0.1111111111111111,0.1111111111111111,1.0,0.25,0.0,1.0,1.0,0.0,0.0,0.0,0.0,0.0,0.0,0.0,0.0,0.0,0.0,0.0,0.0,0.0,0.0,0.0,0.0,0.0,0.0,0.0,1.0,0.2,0.6,1.0,1.0,1.0,1.0,0.0,0.0
1.0,0.1111111111111111,0.1111111111111111,0.1111111111111111,0.13580246913580246,0.18518518518518517,1.0,0.25,0.0,1.0,1.0,0.0,0.0,0.0,0.0,0.0,0.0,0.0,0.0,0.0,0.0,0.0,0.0,0.0,0.0,0.0,0.0,0.0,0.0,0.0,1.0,0.6666666666666666,0.3333333333333333,1.0,1.0,1.0,1.0,0.0,0.0
0.6666666666666666,0.1111111111111111,0.1111111111111111,0.1111111111111111,0.13580246913580246,0.18518518518518517,1.0,0.25,0.0,1.0,1.0,0.0,0.0,0.0,0.0,0.0,0.0,0.0,0.0,0.0,0.0,0.0,0.0,0.0,0.0,0.0,0.0,0.0,0.0,0.0,1.0,0.3333333333333333,0.0,1.0,1.0,1.0,1.0,0.0,0.0
0.0,0.1111111111111111,0.07407407407407407,0.1111111111111111,0.13580246913580246,0.18518518518518517,0.0,0.0,0.0,0.0,0.0,0.25,0.4375,1.0,0.0,0.0,0.0,0.0,0.0,0.0,0.0,0.0,0.0,0.0,0.0,0.0,0.0,0.0,0.0,1.0,1.0,0.5,0.5,1.0,1.0,1.0,1.0,0.0,0.0
0.3333333333333333,0.2222222222222222,0.18518518518518517,0.037037037037037035,0.08641975308641976,0.1111111111111111,1.0,0.25,0.0,0.0,0.0,0.25,0.5,0.0,1.0,0.0,0.0,0.0,0.0,0.0,0.0,0.0,0.0,0.0,0.0,0.0,0.0,1.0,1.0,0.0,1.0,0.2,0.6,1.0,1.0,1.0,1.0,0.0,0.0
0.3333333333333333,0.18518518518518517,0.14814814814814814,0.037037037037037035,0.08641975308641976,0.1111111111111111,0.0,0.0,0.0,0.0,0.0,0.25,0.875,0.0,0.0,0.0,0.0,0.0,0.0,0.0,0.0,0.0,0.0,0.0,0.0,0.0,0.0,1.0,0.0,0.0,1.0,0.25,0.5,1.0,1.0,1.0,1.0,0.0,0.0
1.0,0.1111111111111111,0.1111111111111111,0.037037037037037035,0.09876543209876543,0.14814814814814814,1.0,0.25,0.0,0.0,1.0,0.0,0.0,0.0,0.0,0.0,0.0,0.0,0.0,0.0,0.0,0.0,0.0,0.0,0.0,0.0,0.0,1.0,0.0,0.0,1.0,0.6666666666666666,0.3333333333333333,1.0,1.0,1.0,1.0,0.0,0.0
0.6666666666666666,0.1111111111111111,0.1111111111111111,0.037037037037037035,0.09876543209876543,0.14814814814814814,1.0,0.25,0.0,0.0,1.0,0.0,0.0,0.0,0.0,0.0,0.0,0.0,0.0,0.0,0.0,0.0,0.0,0.0,0.0,0.0,0.0,1.0,0.0,0.0,1.0,0.3333333333333333,0.0,1.0,1.0,1.0,1.0,0.0,0.0
0.0,0.037037037037037035,0.037037037037037035,0.1111111111111111,0.1234567901234568,0.14814814814814814,1.0,0.25,0.0,0.0,1.0,0.0,0.0,0.0,0.0,0.0,0.0,0.0,0.0,0.0,0.0,0.0,0.0,0.0,0.0,0.0,0.0,0.0,0.0,0.0,1.0,0.0,1.0,1.0,1.0,1.0,1.0,0.0,0.0
0.3333333333333333,0.14814814814814814,0.1111111111111111,0.037037037037037035,0.08641975308641976,0.1111111111111111,0.0,0.0,0.0,0.0,0.0,0.25,0.3125,0.0,0.0,0.0,0.0,0.0,0.0,0.0,0.0,0.0,0.0,0.0,0.0,0.0,0.0,1.0,0.0,0.0,1.0,0.0,0.6666666666666666,1.0,1.0,1.0,1.0,0.0,0.0
1.0,0.1111111111111111,0.07407407407407407,0.037037037037037035,0.08641975308641976,0.1111111111111111,1.0,0.25,0.0,0.0,0.0,0.25,0.4375,1.0,0.0,0.0,0.0,0.0,0.0,0.0,0.0,0.0,0.0,0.0,0.0,0.0,0.0,1.0,0.0,1.0,1.0,0.5,0.5,1.0,1.0,1.0,1.0,0.0,0.0
0.6666666666666666,0.14814814814814814,0.1111111111111111,0.037037037037037035,0.0617283950617284,0.1111111111111111,1.0,0.25,0.0,0.0,0.0,0.25,0.5625,0.0,0.0,0.0,0.0,0.0,0.0,0.0,0.0,0.0,0.0,0.0,0.0,0.0,0.0,1.0,0.0,0.0,1.0,0.6666666666666666,0.0,1.0,1.0,1.0,1.0,0.0,0.0
0.0,0.037037037037037035,0.037037037037037035,0.037037037037037035,0.08641975308641976,0.1111111111111111,1.0,0.25,0.0,0.0,1.0,0.0,0.0,0.0,0.0,0.0,0.0,0.0,0.0,0.0,0.0,0.0,0.0,0.0,0.0,0.0,0.0,1.0,0.0,0.0,1.0,0.0,1.0,1.0,1.0,1.0,1.0,0.0,0.0
0.3333333333333333,0.1111111111111111,0.07407407407407407,0.037037037037037035,0.0617283950617284,0.1111111111111111,1.0,0.25,0.0,0.0,0.0,0.25,0.8125,0.0,0.0,0.0,0.0,0.0,0.0,0.0,0.0,0.0,0.0,0.0,0.0,0.0,0.0,1.0,0.0,0.0,1.0,0.0,0.5,1.0,1.0,1.0,1.0,0.0,0.0
1.0,0.037037037037037035,0.037037037037037035,0.037037037037037035,0.07407407407407407,0.1111111111111111,1.0,0.25,0.0,0.0,1.0,0.0,0.0,0.0,0.0,0.0,0.0,0.0,0.0,0.0,0.0,0.0,0.0,0.0,0.0,0.0,0.0,1.0,0.0,0.0,1.0,0.0,1.0,1.0,1.0,1.0,1.0,0.0,0.0
0.6666666666666666,0.1111111111111111,0.1111111111111111,0.037037037037037035,0.04938271604938271,0.07407407407407407,1.0,0.25,0.0,0.0,1.0,0.0,0.0,0.0,0.0,0.0,0.0,0.0,0.0,0.0,0.0,0.0,0.0,0.0,0.0,0.0,0.0,1.0,0.0,0.0,1.0,0.6666666666666666,0.0,1.0,1.0,1.0,1.0,0.0,0.0
0.3333333333333333,0.07407407407407407,0.037037037037037035,0.037037037037037035,0.0617283950617284,0.1111111111111111,0.0,0.0,0.0,0.0,0.0,0.25,0.6875,0.0,0.0,0.0,0.0,0.0,0.0,0.0,0.0,0.0,0.0,0.0,0.0,0.0,0.0,1.0,0.0,0.0,1.0,0.0,1.0,1.0,1.0,1.0,1.0,0.0,0.0
1.0,0.037037037037037035,0.0,0.037037037037037035,0.0617283950617284,0.1111111111111111,1.0,0.25,0.0,0.0,0.0,0.25,0.8125,0.0,0.0,0.0,0.0,0.0,0.0,0.0,0.0,0.0,1.0,0.0,0.0,0.0,0.0,1.0,0.0,0.0,0.0,0.0,0.0,1.0,1.0,1.0,1.0,0.0,0.0
0.6666666666666666,0.1111111111111111,0.1111111111111111,0.037037037037037035,0.037037037037037035,0.037037037037037035,1.0,0.25,0.0,0.0,1.0,0.0,0.0,0.0,0.0,0.0,0.0,0.0,0.0,0.0,0.0,0.0,0.0,0.0,0.0,0.0,0.0,1.0,0.0,0.0,1.0,0.6666666666666666,0.0,1.0,1.0,1.0,1.0,0.0,0.0
0.0,0.037037037037037035,0.037037037037037035,0.037037037037037035,0.07407407407407407,0.1111111111111111,1.0,0.25,0.0,0.0,1.0,0.0,0.0,0.0,0.0,0.0,0.0,0.0,0.0,0.0,0.0,0.0,0.0,0.0,0.0,0.0,0.0,1.0,0.0,0.0,1.0,0.0,1.0,1.0,1.0,1.0,1.0,0.0,0.0
0.3333333333333333,0.037037037037037035,0.037037037037037035,0.037037037037037035,0.07407407407407407,0.1111111111111111,1.0,0.25,0.0,0.0,1.0,0.0,0.0,0.0,0.0,0.0,0.0,0.0,0.0,0.0,0.0,0.0,0.0,0.0,0.0,0.0,0.0,1.0,0.0,0.0,1.0,0.0,1.0,1.0,1.0,1.0,1.0,0.0,0.0
0.6666666666666666,0.1111111111111111,0.07407407407407407,0.037037037037037035,0.037037037037037035,0.037037037037037035,0.0,0.0,0.0,0.0,0.0,0.25,0.3125,0.0,0.0,0.0,0.0,0.0,0.0,0.0,0.0,0.0,0.0,0.0,0.0,0.0,0.0,1.0,0.0,0.0,1.0,0.5,0.0,1.0,1.0,1.0,1.0,0.0,0.0
0.0,0.037037037037037035,0.037037037037037035,0.037037037037037035,0.05555555555555555,0.07407407407407407,1.0,0.25,0.0,0.0,1.0,0.0,0.0,0.0,0.0,0.0,0.0,0.0,0.0,0.0,0.0,0.0,0.0,0.0,0.0,0.0,0.0,1.0,0.0,0.0,1.0,0.0,1.0,1.0,1.0,1.0,1.0,0.0,0.0
0.3333333333333333,0.037037037037037035,0.037037037037037035,0.037037037037037035,0.05555555555555555,0.07407407407407407,1.0,0.25,0.0,0.0,1.0,0.0,0.0,0.0,0.0,0.0,0.0,0.0,0.0,0.0,0.0,0.0,0.0,0.0,0.0,0.0,0.0,1.0,0.0,0.0,1.0,0.0,1.0,1.0,1.0,1.0,1.0,0.0,0.0
0.6666666666666666,0.07407407407407407,0.037037037037037035,0.037037037037037035,0.037037037037037035,0.037037037037037035,0.0,0.0,0.0,0.0,0.0,0.25,0.25,0.0,0.0,0.0,0.0,0.0,0.0,0.0,0.0,0.0,0.0,0.0,0.0,0.0,0.0,1.0,0.0,0.0,1.0,0.0,0.0,1.0,1.0,1.0,1.0,0.0,0.0
0.0,0.037037037037037035,0.0,0.037037037037037035,0.037037037037037035,0.037037037037037035,1.0,0.25,0.0,0.0,0.0,0.25,0.9375,0.0,0.0,0.0,1.0,0.0,0.0,0.0,0.0,0.0,1.0,0.0,0.0,0.0,0.0,1.0,0.0,0.0,0.0,0.0,0.0,1.0,1.0,1.0,1.0,0.0,1.0
0.3333333333333333,0.037037037037037035,0.037037037037037035,0.037037037037037035,0.037037037037037035,0.037037037037037035,1.0,0.25,0.0,0.0,1.0,0.0,0.0,0.0,0.0,0.0,0.0,0.0,0.0,0.0,0.0,0.0,0.0,0.0,0.0,0.0,0.0,1.0,0.0,0.0,1.0,0.0,1.0,1.0,1.0,1.0,1.0,0.0,0.0
0.6666666666666666,0.037037037037037035,0.037037037037037035,0.037037037037037035,0.037037037037037035,0.037037037037037035,1.0,0.25,0.0,0.0,1.0,0.0,0.0,0.0,0.0,0.0,0.0,0.0,0.0,0.0,0.0,0.0,0.0,0.0,0.0,0.0,0.0,1.0,0.0,0.0,1.0,0.0,0.0,1.0,1.0,1.0,1.0,0.0,0.0
0.3333333333333333,0.037037037037037035,0.0,0.037037037037037035,0.037037037037037035,0.037037037037037035,0.0,0.0,0.0,0.0,0.0,0.25,0.9375,0.0,0.0,0.0,1.0,0.0,0.0,0.0,0.0,0.0,1.0,0.0,0.0,0.0,0.0,1.0,0.0,0.0,0.0,0.0,0.0,1.0,1.0,1.0,1.0,0.0,1.0
1.0,0.9629629629629629,0.9259259259259259,1.0,1.0,1.0,0.0,0.0,0.0,0.0,0.0,0.25,0.375,0.0,0.0,0.0,0.0,0.0,0.0,0.0,0.0,0.0,0.0,0.0,0.0,0.0,0.0,0.0,0.0,0.0,0.48,0.52,0.28,1.0,0.0,0.0,1.0,0.0,0.0
0.0,1.0,0.9629629629629629,0.9259259259259259,0.9259259259259259,0.9259259259259259,1.0,0.25,0.0,0.0,0.0,0.25,0.6875,0.0,0.0,0.0,0.0,0.0,0.0,0.0,0.0,0.0,0.0,0.0,0.0,0.0,0.0,0.0,0.0,0.0,0.46153846153846156,0.38461538461538464,0.23076923076923078,1.0,0.0,0.0,1.0,0.0,0.0
1.0,0.9259259259259259,0.8888888888888888,0.9629629629629629,0.9629629629629629,0.9629629629629629,1.0,0.25,0.0,0.0,0.0,0.25,0.75,0.0,0.0,0.0,0.0,0.0,0.0,0.0,0.0,0.0,0.0,0.0,0.0,0.0,0.0,0.0,0.0,0.0,0.5,0.5416666666666666,0.2916666666666667,1.0,0.0,0.0,1.0,0.0,0.0
0.0,0.9629629629629629,0.9259259259259259,0.8888888888888888,0.8888888888888888,0.8888888888888888,1.0,0.25,0.0,0.0,0.0,0.25,0.875,0.0,0.0,0.0,0.0,0.0,0.0,0.0,0.0,0.0,0.0,0.0,0.0,0.0,0.0,0.0,0.0,0.0,0.48,0.4,0.2,1.0,0.0,0.0,1.0,0.0,0.0
1.0,0.8888888888888888,0.8518518518518519,0.9259259259259259,0.9259259259259259,0.9259259259259259,1.0,0.25,0.0,0.0,0.0,0.25,0.9375,0.0,0.0,0.0,1.0,0.0,0.0,0.0,0.0,0.0,0.0,0.0,0.0,0.0,0.0,0.0,0.0,0.0,0.5217391304347826,0.5652173913043478,0.2608695652173913,1.0,0.0,0.0,1.0,0.0,0.0
0.0,0.9259259259259259,0.9259259259259259,0.8518518518518519,0.8518518518518519,0.8518518518518519,1.0,0.25,0.0,0.0,1.0,0.0,0.0,0.0,0.0,0.0,0.0,0.0,0.0,0.0,0.0,0.0,0.0,0.0,0.0,0.0,0.0,0.0,0.0,0.0,0.48,0.4,0.2,1.0,0.0,0.0,1.0,0.0,0.0
1.0,0.8518518518518519,0.7037037037037037,0.9259259259259259,0.9259259259259259,0.9259259259259259,0.0,0.0,0.0,0.0,0.0,1.0,0.8125,0.0,0.0,0.0,0.0,0.0,0.0,0.0,1.0,0.0,0.0,0.0,0.0,0.0,0.0,0.0,0.0,0.0,0.5789473684210527,0.6842105263157895,0.10526315789473684,1.0,0.0,0.0,1.0,0.0,0.0
0.0,0.9259259259259259,0.9259259259259259,0.7037037037037037,0.7037037037037037,0.7037037037037037,1.0,1.0,1.0,0.0,1.0,0.0,0.0,0.0,0.0,0.0,0.0,0.0,0.0,0.0,0.0,0.0,0.0,0.0,0.0,0.0,0.0,0.0,0.0,0.0,0.48,0.4,0.2,1.0,0.0,0.0,1.0,0.0,0.0
1.0,0.7037037037037037,0.5925925925925926,0.9259259259259259,0.9259259259259259,0.9259259259259259,0.0,0.0,1.0,0.0,0.0,0.75,0.5,1.0,1.0,0.0,0.0,0.0,0.0,0.0,0.0,1.0,0.0,0.0,0.0,0.0,0.0,0.0,0.0,1.0,0.625,0.625,0.125,1.0,0.0,0.0,1.0,0.0,0.0
0.0,0.9629629629629629,0.8518518518518519,0.5555555555555556,0.5555555555555556,0.5555555555555556,1.0,0.75,1.0,0.0,0.0,0.75,0.3125,0.0,0.0,0.0,0.0,0.0,0.0,0.0,0.0,1.0,0.0,0.0,0.0,0.0,0.0,0.0,0.0,0.0,0.4782608695652174,0.34782608695652173,0.21739130434782608,1.0,0.0,0.0,1.0,0.0,0.0
1.0,0.5555555555555556,0.5555555555555556,0.8518518518518519,0.8518518518518519,0.8518518518518519,1.0,0.75,1.0,0.0,1.0,0.0,0.0,0.0,0.0,0.0,0.0,0.0,0.0,0.0,0.0,0.0,0.0,0.0,0.0,0.0,0.0,0.0,0.0,0.0,0.6666666666666666,0.6,0.13333333333333333,1.0,0.0,0.0,1.0,0.0,0.0
0.0,0.8518518518518519,0.6666666666666666,0.5555555555555556,0.5555555555555556,0.5555555555555556,0.0,0.0,1.0,0.0,0.0,1.25,0.6875,1.0,1.0,1.0,0.0,0.0,0.0,0.0,0.0,1.0,0.0,0.0,0.0,0.0,0.0,0.0,0.0,1.0,0.5555555555555556,0.3333333333333333,0.2777777777777778,1.0,0.0,0.0,1.0,0.0,0.0
1.0,0.5925925925925926,0.5925925925925926,0.6296296296296297,0.6296296296296297,0.6296296296296297,1.0,1.25,1.0,0.0,1.0,0.0,0.0,0.0,0.0,0.0,0.0,0.0,0.0,0.0,0.0,0.0,0.0,0.0,0.0,0.0,0.0,0.0,0.0,0.0,0.625,0.625,0.125,1.0,0.0,0.0,1.0,0.0,0.0
0.0,0.6296296296296297,0.5185185185185185,0.5925925925925926,0.5925925925925926,0.5925925925925926,0.0,0.0,1.0,0.0,0.0,0.75,0.875,0.0,0.0,0.0,0.0,0.0,0.0,1.0,0.0,0.0,0.0,0.0,0.0,0.0,0.0,0.0,0.0,0.0,0.6428571428571429,0.35714285714285715,0.14285714285714285,1.0,0.0,0.0,1.0,0.0,0.0
1.0,0.5925925925925926,0.5925925925925926,0.5185185185185185,0.5185185185185185,0.5185185185185185,1.0,0.75,1.0,0.0,1.0,0.0,0.0,0.0,0.0,0.0,0.0,0.0,0.0,0.0,0.0,0.0,0.0,0.0,0.0,0.0,0.0,0.0,0.0,0.0,0.625,0.625,0.125,1.0,0.0,0.0,1.0,0.0,0.0
0.0,0.5185185185185185,0.4074074074074074,0.5925925925925926,0.5925925925925926,0.5925925925925926,0.0,0.0,1.0,0.0,0.0,0.75,0.625,0.0,0.0,1.0,0.0,0.0,0.0,1.0,0.0,0.0,0.0,0.0,0.0,0.0,0.0,0.0,0.0,0.0,0.7272727272727273,0.45454545454545453,0.18181818181818182,1.0,0.0,0.0,1.0,0.0,0.0
1.0,0.5925925925925926,0.48148148148148145,0.4074074074074074,0.4074074074074074,0.4074074074074074,1.0,0.75,1.0,0.0,0.0,0.75,0.3125,0.0,0.0,0.0,0.0,0.0,0.0,1.0,0.0,0.0,0.0,0.0,0.0,0.0,0.0,0.0,0.0,0.0,0.6923076923076923,0.5384615384615384,0.15384615384615385,1.0,0.0,0.0,1.0,0.0,0.0
0.0,0.4074074074074074,0.4074074074074074,0.48148148148148145,0.48148148148148145,0.48148148148148145,1.0,0.75,1.0,0.0,1.0,0.0,0.0,0.0,0.0,0.0,0.0,0.0,0.0,0.0,0.0,0.0,0.0,0.0,0.0,0.0,0.0,0.0,0.0,0.0,0.7272727272727273,0.45454545454545453,0.18181818181818182,1.0,0.0,0.0,1.0,0.0,0.0
1.0,0.48148148148148145,0.37037037037037035,0.4074074074074074,0.4074074074074074,0.4074074074074074,0.0,0.0,1.0,0.0,0.0,0.75,0.5625,1.0,1.0,0.0,0.0,0.0,0.0,0.0,0.0,1.0,0.0,0.0,0.0,0.0,0.0,0.0,0.0,1.0,0.8,0.5,0.2,1.0,0.0,0.0,1.0,0.0,0.0
0.0,0.4444444444444444,0.4444444444444444,0.3333333333333333,0.3333333333333333,0.3333333333333333,1.0,0.75,1.0,0.0,1.0,0.0,0.0,0.0,0.0,0.0,0.0,0.0,0.0,0.0,0.0,0.0,0.0,0.0,0.0,0.0,0.0,0.0,0.0,0.0,0.6666666666666666,0.5,0.16666666666666666,1.0,0.0,0.0,1.0,0.0,0.0
1.0,0.3333333333333333,0.25925925925925924,0.4444444444444444,0.4444444444444444,0.4444444444444444,0.0,0.0,1.0,0.0,0.0,0.5,0.25,0.0,0.0,0.0,0.0,0.0,1.0,0.0,0.0,0.0,0.0,0.0,0.0,0.0,0.0,0.0,0.0,0.0,1.0,0.2857142857142857,0.2857142857142857,1.0,0.0,0.0,1.0,0.0,0.0
0.0,0.4444444444444444,0.37037037037037035,0.25925925925925924,0.25925925925925924,0.25925925925925924,1.0,0.5,1.0,0.0,0.0,0.5,0.1875,0.0,0.0,0.0,0.0,0.0,1.0,0.0,0.0,0.0,0.0,0.0,0.0,0.0,0.0,0.0,0.0,0.0,0.7,0.4,0.2,1.0,0.0,0.0,1.0,0.0,0.0
1.0,0.25925925925925924,0.25925925925925924,0.37037037037037035,0.37037037037037035,0.37037037037037035,1.0,0.5,1.0,0.0,1.0,0.0,0.0,0.0,0.0,0.0,0.0,0.0,0.0,0.0,0.0,0.0,0.0,0.0,0.0,0.0,0.0,0.0,0.0,0.0,1.0,0.2857142857142857,0.2857142857142857,1.0,0.0,0.0,1.0,0.0,0.0
0.0,0.37037037037037035,0.3333333333333333,0.25925925925925924,0.25925925925925924,0.25925925925925924,0.0,0.0,1.0,0.0,0.0,0.25,0.375,0.0,0.0,0.0,0.0,0.0,0.0,0.0,0.0,0.0,0.0,0.0,0.0,0.0,0.0,0.0,0.0,0.0,0.7777777777777778,0.3333333333333333,0.2222222222222222,1.0,0.0,0.0,1.0,0.0,0.0
1.0,0.25925925925925924,0.2222222222222222,0.3333333333333333,0.3333333333333333,0.3333333333333333,1.0,0.25,1.0,0.0,0.0,0.25,0.1875,0.0,0.0,0.0,0.0,0.0,0.0,0.0,0.0,0.0,0.0,0.0,0.0,0.0,0.0,0.0,0.0,0.0,1.0,0.16666666666666666,0.3333333333333333,1.0,0.0,0.0,1.0,0.0,0.0
0.0,0.3333333333333333,0.3333333333333333,0.2222222222222222,0.2222222222222222,0.2222222222222222,1.0,0.25,1.0,0.0,1.0,0.0,0.0,0.0,0.0,0.0,0.0,0.0,0.0,0.0,0.0,0.0,0.0,0.0,0.0,0.0,0.0,0.0,0.0,0.0,0.7777777777777778,0.3333333333333333,0.2222222222222222,1.0,0.0,0.0,1.0,0.0,0.0
1.0,0.2222222222222222,0.18518518518518517,0.3333333333333333,0.3333333333333333,0.3333333333333333,0.0,0.0,1.0,0.0,0.0,0.25,0.75,0.0,0.0,0.0,0.0,0.0,0.0,0.0,0.0,0.0,0.0,0.0,0.0,0.0,0.0,0.0,0.0,0.0,1.0,0.2,0.4,1.0,0.0,0.0,1.0,0.0,0.0
0.0,0.3333333333333333,0.2962962962962963,0.18518518518518517,0.18518518518518517,0.18518518518518517,1.0,0.25,1.0,0.0,0.0,0.25,0.5,0.0,1.0,0.0,0.0,0.0,0.0,0.0,0.0,0.0,0.0,0.0,0.0,0.0,0.0,0.0,0.0,0.0,0.75,0.25,0.25,1.0,0.0,0.0,1.0,0.0,0.0
1.0,0.18518518518518517,0.14814814814814814,0.2962962962962963,0.2962962962962963,0.2962962962962963,1.0,0.25,1.0,0.0,0.0,0.25,0.4375,1.0,0.0,0.0,0.0,0.0,0.0,0.0,0.0,0.0,0.0,0.0,0.0,0.0,0.0,0.0,0.0,1.0,1.0,0.0,0.5,1.0,0.0,0.0,1.0,0.0,0.0
0.0,0.3333333333333333,0.3333333333333333,0.1111111111111111,0.1111111111111111,0.1111111111111111,1.0,0.25,1.0,0.0,1.0,0.0,0.0,0.0,0.0,0.0,0.0,0.0,0.0,0.0,0.0,0.0,0.0,0.0,0.0,0.0,0.0,0.0,0.0,0.0,0.6666666666666666,0.2222222222222222,0.2222222222222222,1.0,0.0,0.0,1.0,0.0,0.0
1.0,0.1111111111111111,0.07407407407407407,0.3333333333333333,0.3333333333333333,0.3333333333333333,0.0,0.0,1.0,0.0,0.0,0.25,0.6875,0.0,0.0,0.0,0.0,0.0,0.0,0.0,0.0,0.0,0.0,0.0,0.0,0.0,0.0,0.0,0.0,0.0,1.0,0.0,1.0,1.0,0.0,0.0,1.0,0.0,0.0
0.0,0.3333333333333333,0.2962962962962963,0.07407407407407407,0.07407407407407407,0.07407407407407407,1.0,0.25,1.0,0.0,0.0,0.25,0.25,0.0,0.0,0.0,0.0,0.0,0.0,0.0,0.0,0.0,0.0,0.0,0.0,0.0,0.0,1.0,0.0,0.0,0.625,0.125,0.25,1.0,0.0,0.0,1.0,0.0,0.0
1.0,0.07407407407407407,0.037037037037037035,0.2962962962962963,0.2962962962962963,0.2962962962962963,1.0,0.25,1.0,0.0,0.0,0.25,1.0,0.0,0.0,0.0,0.0,1.0,0.0,0.0,0.0,0.0,0.0,0.0,0.0,0.0,0.0,0.0,0.0,0.0,1.0,0.0,1.0,1.0,0.0,0.0,1.0,0.0,0.0
0.0,0.2962962962962963,0.2962962962962963,0.037037037037037035,0.037037037037037035,0.037037037037037035,1.0,0.25,1.0,0.0,1.0,0.0,0.0,0.0,0.0,0.0,0.0,0.0,0.0,0.0,0.0,0.0,0.0,0.0,0.0,0.0,0.0,1.0,0.0,0.0,0.625,0.125,0.25,1.0,0.0,0.0,1.0,0.0,0.0
1.0,0.037037037037037035,0.0,0.2962962962962963,0.2962962962962963,0.2962962962962963,0.0,0.0,1.0,0.0,0.0,0.25,0.9375,0.0,0.0,0.0,1.0,0.0,0.0,0.0,0.0,0.0,1.0,0.0,0.0,0.0,0.0,0.0,0.0,0.0,0.0,0.0,0.0,1.0,0.0,0.0,1.0,0.0,0.0
0.6666666666666666,0.48148148148148145,0.4074074074074074,0.48148148148148145,0.4938271604938272,0.5185185185185185,0.0,0.0,0.0,0.0,0.0,0.5,0.1875,0.0,0.0,0.0,0.0,0.0,1.0,0.0,0.0,0.0,0.0,1.0,0.0,0.0,0.0,0.0,0.0,0.0,0.8181818181818182,0.45454545454545453,0.36363636363636365,1.0,1.0,1.0,1.0,1.0,0.0
0.3333333333333333,0.5185185185185185,0.4444444444444444,0.4074074074074074,0.45679012345679015,0.48148148148148145,1.0,0.5,0.0,0.0,0.0,0.5,0.3125,0.0,0.0,0.0,0.0,0.0,1.0,0.0,0.0,0.0,0.0,1.0,0.0,0.0,0.0,0.0,0.0,0.0,0.8333333333333334,0.4166666666666667,0.16666666666666666,1.0,1.0,1.0,1.0,1.0,0.0
0.0,0.48148148148148145,0.4074074074074074,0.4074074074074074,0.4444444444444444,0.48148148148148145,1.0,0.5,0.0,0.0,0.0,0.5,0.375,0.0,0.0,0.0,0.0,0.0,1.0,0.0,0.0,0.0,0.0,0.0,0.0,0.0,0.0,0.0,0.0,0.0,0.5454545454545454,0.18181818181818182,0.36363636363636365,1.0,1.0,1.0,1.0,1.0,0.0
1.0,0.48148148148148145,0.4074074074074074,0.4074074074074074,0.4197530864197531,0.4444444444444444,1.0,0.5,0.0,0.0,0.0,0.5,0.8125,0.0,0.0,0.0,0.0,0.0,1.0,0.0,0.0,0.0,0.0,1.0,0.0,0.0,0.0,0.0,0.0,0.0,0.7272727272727273,0.5454545454545454,0.09090909090909091,1.0,1.0,1.0,1.0,1.0,0.0
0.6666666666666666,0.4074074074074074,0.3333333333333333,0.4074074074074074,0.4197530864197531,0.4444444444444444,1.0,0.5,0.0,0.0,0.0,0.5,0.875,0.0,0.0,0.0,0.0,0.0,1.0,0.0,0.0,0.0,0.0,1.0,0.0,0.0,0.0,0.0,0.0,0.0,0.8888888888888888,0.5555555555555556,0.2222222222222222,1.0,1.0,1.0,1.0,1.0,0.0
0.3333333333333333,0.4444444444444444,0.4444444444444444,0.3333333333333333,0.3827160493827161,0.4074074074074074,1.0,0.5,0.0,0.0,1.0,0.0,0.0,0.0,0.0,0.0,0.0,0.0,0.0,0.0,0.0,0.0,0.0,1.0,0.0,0.0,0.0,0.0,0.0,0.0,0.8333333333333334,0.4166666666666667,0.16666666666666666,1.0,1.0,1.0,1.0,1.0,0.0
0.0,0.4074074074074074,0.3333333333333333,0.3333333333333333,0.3950617283950617,0.4444444444444444,1.0,0.5,0.0,0.0,0.0,0.5,0.9375,0.0,0.0,0.0,1.0,0.0,1.0,0.0,0.0,0.0,0.0,0.0,0.0,0.0,0.0,0.0,0.0,0.0,0.6666666666666666,0.2222222222222222,0.2222222222222222,1.0,1.0,1.0,1.0,1.0,0.0
1.0,0.4074074074074074,0.4074074074074074,0.3333333333333333,0.37037037037037035,0.4444444444444444,1.0,0.5,0.0,0.0,1.0,0.0,0.0,0.0,0.0,0.0,0.0,0.0,0.0,0.0,0.0,0.0,0.0,1.0,0.0,0.0,0.0,0.0,0.0,0.0,0.7272727272727273,0.5454545454545454,0.09090909090909091,1.0,1.0,1.0,1.0,1.0,0.0
0.6666666666666666,0.3333333333333333,0.3333333333333333,0.3333333333333333,0.3950617283950617,0.4444444444444444,1.0,0.5,0.0,0.0,1.0,0.0,0.0,0.0,0.0,0.0,0.0,0.0,0.0,0.0,0.0,0.0,0.0,1.0,0.0,0.0,0.0,0.0,0.0,0.0,0.8888888888888888,0.5555555555555556,0.2222222222222222,1.0,1.0,1.0,1.0,1.0,0.0
0.0,0.3333333333333333,0.2222222222222222,0.3333333333333333,0.3950617283950617,0.4444444444444444,0.0,0.0,0.0,0.0,0.0,0.75,0.75,0.0,0.0,0.0,0.0,0.0,0.0,1.0,0.0,0.0,0.0,0.0,0.0,0.0,0.0,0.0,0.0,0.0,0.8333333333333334,0.3333333333333333,0.3333333333333333,1.0,1.0,1.0,1.0,1.0,0.0
1.0,0.4074074074074074,0.4074074074074074,0.2222222222222222,0.3333333333333333,0.4444444444444444,1.0,0.75,0.0,0.0,1.0,0.0,0.0,0.0,0.0,0.0,0.0,0.0,0.0,0.0,0.0,0.0,0.0,1.0,0.0,0.0,0.0,0.0,0.0,0.0,0.7272727272727273,0.5454545454545454,0.09090909090909091,1.0,1.0,1.0,1.0,1.0,0.0
0.6666666666666666,0.3333333333333333,0.3333333333333333,0.2222222222222222,0.35802469135802467,0.4444444444444444,1.0,0.75,0.0,0.0,1.0,0.0,0.0,0.0,0.0,0.0,0.0,0.0,0.0,0.0,0.0,0.0,0.0,1.0,0.0,0.0,0.0,0.0,0.0,0.0,0.8888888888888888,0.5555555555555556,0.2222222222222222,1.0,1.0,1.0,1.0,1.0,0.0
0.3333333333333333,0.4444444444444444,0.4444444444444444,0.2222222222222222,0.32098765432098764,0.4074074074074074,1.0,0.75,0.0,0.0,1.0,0.0,0.0,0.0,0.0,0.0,0.0,0.0,0.0,0.0,0.0,0.0,0.0,1.0,0.0,0.0,0.0,0.0,0.0,0.0,0.8333333333333334,0.4166666666666667,0.16666666666666666,1.0,1.0,1.0,1.0,1.0,0.0
0.0,0.2222222222222222,0.14814814814814814,0.3333333333333333,0.3950617283950617,0.4444444444444444,0.0,0.0,0.0,0.0,0.0,0.5,0.4375,1.0,0.0,0.0,0.0,0.0,1.0,0.0,0.0,0.0,0.0,0.0,0.0,0.0,0.0,0.0,0.0,1.0,1.0,0.0,0.5,1.0,1.0,1.0,1.0,1.0,0.0
1.0,0.48148148148148145,0.4074074074074074,0.07407407407407407,0.2839506172839506,0.4444444444444444,1.0,0.5,0.0,0.0,0.0,0.5,0.5625,0.0,0.0,0.0,0.0,0.0,1.0,0.0,0.0,0.0,0.0,1.0,0.0,0.0,0.0,1.0,0.0,0.0,0.6363636363636364,0.5454545454545454,0.09090909090909091,1.0,1.0,1.0,1.0,1.0,0.0
0.6666666666666666,0.3333333333333333,0.25925925925925924,0.07407407407407407,0.308641975308642,0.4444444444444444,1.0,0.5,0.0,0.0,0.0,0.5,0.8125,0.0,0.0,0.0,0.0,0.0,1.0,0.0,0.0,0.0,0.0,1.0,0.0,0.0,0.0,1.0,0.0,0.0,1.0,0.7142857142857143,0.0,1.0,1.0,1.0,1.0,1.0,0.0
0.3333333333333333,0.4444444444444444,0.4444444444444444,0.07407407407407407,0.2469135802469136,0.4074074074074074,1.0,0.5,0.0,0.0,1.0,0.0,0.0,0.0,0.0,0.0,0.0,0.0,0.0,0.0,0.0,0.0,0.0,1.0,0.0,0.0,0.0,1.0,0.0,0.0,0.8333333333333334,0.4166666666666667,0.16666666666666666,1.0,1.0,1.0,1.0,1.0,0.0
0.0,0.07407407407407407,0.07407407407407407,0.25925925925925924,0.37037037037037035,0.4444444444444444,1.0,0.5,0.0,0.0,1.0,0.0,0.0,0.0,0.0,0.0,0.0,0.0,0.0,0.0,0.0,0.0,0.0,0.0,0.0,0.0,0.0,0.0,0.0,0.0,1.0,0.0,1.0,1.0,1.0,1.0,1.0,1.0,0.0
1.0,0.4074074074074074,0.4074074074074074,0.07407407407407407,0.25925925925925924,0.4444444444444444,1.0,0.5,0.0,0.0,1.0,0.0,0.0,0.0,0.0,0.0,0.0,0.0,0.0,0.0,0.0,0.0,0.0,1.0,0.0,0.0,0.0,1.0,0.0,0.0,0.6363636363636364,0.5454545454545454,0.09090909090909091,1.0,1.0,1.0,1.0,1.0,0.0
0.6666666666666666,0.25925925925925924,0.2222222222222222,0.07407407407407407,0.308641975308642,0.4444444444444444,0.0,0.0,0.0,0.0,0.0,0.25,0.25,0.0,0.0,0.0,0.0,0.0,0.0,0.0,0.0,0.0,0.0,1.0,0.0,0.0,0.0,1.0,0.0,0.0,1.0,0.6666666666666666,0.0,1.0,1.0,1.0,1.0,1.0,0.0
0.3333333333333333,0.4444444444444444,0.4074074074074074,0.07407407407407407,0.2345679012345679,0.4074074074074074,1.0,0.25,0.0,0.0,0.0,0.25,0.5625,0.0,0.0,0.0,0.0,0.0,0.0,0.0,0.0,0.0,0.0,1.0,0.0,0.0,0.0,1.0,0.0,0.0,0.9090909090909091,0.45454545454545453,0.18181818181818182,1.0,1.0,1.0,1.0,1.0,0.0
0.0,0.07407407407407407,0.037037037037037035,0.2222222222222222,0.34567901234567905,0.4074074074074074,1.0,0.25,0.0,0.0,0.0,0.25,0.875,0.0,0.0,0.0,0.0,0.0,0.0,0.0,0.0,0.0,0.0,0.0,0.0,0.0,0.0,0.0,0.0,0.0,1.0,0.0,1.0,1.0,1.0,1.0,1.0,1.0,0.0
1.0,0.4074074074074074,0.37037037037037035,0.037037037037037035,0.2222222222222222,0.4074074074074074,1.0,0.25,0.0,0.0,0.0,0.25,1.0,0.0,0.0,0.0,0.0,1.0,0.0,0.0,0.0,0.0,0.0,1.0,0.0,0.0,0.0,1.0,0.0,0.0,0.6,0.6,0.0,1.0,1.0,1.0,1.0,1.0,0.0
0.6666666666666666,0.2222222222222222,0.2222222222222222,0.037037037037037035,0.2716049382716049,0.4074074074074074,1.0,0.25,0.0,0.0,1.0,0.0,0.0,0.0,0.0,0.0,0.0,0.0,0.0,0.0,0.0,0.0,0.0,1.0,0.0,0.0,0.0,1.0,0.0,0.0,1.0,0.6666666666666666,0.0,1.0,1.0,1.0,1.0,1.0,0.0
0.3333333333333333,0.4074074074074074,0.37037037037037035,0.037037037037037035,0.20987654320987656,0.37037037037037035,1.0,0.25,0.0,0.0,0.0,0.25,0.1875,0.0,0.0,0.0,0.0,0.0,0.0,0.0,0.0,0.0,0.0,1.0,0.0,0.0,0.0,1.0,0.0,0.0,1.0,0.4,0.2,1.0,1.0,1.0,1.0,1.0,0.0
0.0,0.037037037037037035,0.037037037037037035,0.2222222222222222,0.32098765432098764,0.37037037037037035,1.0,0.25,0.0,0.0,1.0,0.0,0.0,0.0,0.0,0.0,0.0,0.0,0.0,0.0,0.0,0.0,0.0,0.0,0.0,0.0,0.0,0.0,0.0,0.0,1.0,0.0,1.0,1.0,1.0,1.0,1.0,1.0,0.0
1.0,0.37037037037037035,0.3333333333333333,0.037037037037037035,0.20987654320987656,0.37037037037037035,1.0,0.25,0.0,0.0,0.0,0.25,0.5,0.0,1.0,0.0,0.0,0.0,0.0,0.0,0.0,0.0,0.0,1.0,0.0,0.0,0.0,1.0,1.0,0.0,0.6666666666666666,0.5555555555555556,0.0,1.0,1.0,1.0,1.0,1.0,0.0
1.0,0.3333333333333333,0.25925925925925924,0.037037037037037035,0.20987654320987656,0.37037037037037035,0.0,0.0,0.0,0.0,0.0,0.5,0.25,0.0,0.0,0.0,0.0,0.0,1.0,0.0,0.0,0.0,0.0,1.0,0.0,0.0,0.0,1.0,0.0,0.0,0.7142857142857143,0.42857142857142855,0.0,1.0,1.0,1.0,1.0,1.0,0.0
0.6666666666666666,0.2222222222222222,0.2222222222222222,0.037037037037037035,0.2222222222222222,0.37037037037037035,1.0,0.5,0.0,0.0,1.0,0.0,0.0,0.0,0.0,0.0,0.0,0.0,0.0,0.0,0.0,0.0,0.0,1.0,0.0,0.0,0.0,1.0,0.0,0.0,1.0,0.6666666666666666,0.0,1.0,1.0,1.0,1.0,1.0,0.0
0.3333333333333333,0.37037037037037035,0.37037037037037035,0.037037037037037035,0.17283950617283952,0.25925925925925924,1.0,0.5,0.0,0.0,1.0,0.0,0.0,0.0,0.0,0.0,0.0,0.0,0.0,0.0,0.0,0.0,0.0,1.0,0.0,0.0,0.0,1.0,0.0,0.0,1.0,0.4,0.2,1.0,1.0,1.0,1.0,1.0,0.0
0.0,0.037037037037037035,0.037037037037037035,0.2222222222222222,0.2839506172839506,0.37037037037037035,1.0,0.5,0.0,0.0,1.0,0.0,0.0,0.0,0.0,0.0,0.0,0.0,0.0,0.0,0.0,0.0,0.0,0.0,0.0,0.0,0.0,0.0,0.0,0.0,1.0,0.0,1.0,1.0,1.0,1.0,1.0,1.0,0.0
1.0,0.25925925925925924,0.18518518518518517,0.037037037037037035,0.20987654320987656,0.37037037037037035,0.0,0.0,0.0,0.0,0.0,0.5,0.6875,0.0,0.0,0.0,0.0,0.0,1.0,0.0,0.0,0.0,0.0,1.0,0.0,0.0,0.0,1.0,0.0,0.0,0.8,0.6,0.0,1.0,1.0,1.0,1.0,1.0,0.0
0.6666666666666666,0.2222222222222222,0.2222222222222222,0.037037037037037035,0.19753086419753085,0.37037037037037035,1.0,0.5,0.0,0.0,1.0,0.0,0.0,0.0,0.0,0.0,0.0,0.0,0.0,0.0,0.0,0.0,0.0,1.0,0.0,0.0,0.0,1.0,0.0,0.0,1.0,0.6666666666666666,0.0,1.0,1.0,1.0,1.0,1.0,0.0
0.3333333333333333,0.37037037037037035,0.37037037037037035,0.037037037037037035,0.14814814814814814,0.2222222222222222,1.0,0.5,0.0,0.0,1.0,0.0,0.0,0.0,0.0,0.0,0.0,0.0,0.0,0.0,0.0,0.0,0.0,1.0,0.0,0.0,0.0,1.0,0.0,0.0,1.0,0.4,0.2,1.0,1.0,1.0,1.0,1.0,0.0
0.0,0.037037037037037035,0.037037037037037035,0.18518518518518517,0.25925925925925924,0.37037037037037035,1.0,0.5,0.0,0.0,1.0,0.0,0.0,0.0,0.0,0.0,0.0,0.0,0.0,0.0,0.0,0.0,0.0,0.0,0.0,0.0,0.0,0.0,0.0,0.0,1.0,0.0,1.0,1.0,1.0,1.0,1.0,1.0,0.0
1.0,0.18518518518518517,0.14814814814814814,0.037037037037037035,0.20987654320987656,0.37037037037037035,0.0,0.0,0.0,0.0,0.0,0.25,0.4375,1.0,0.0,0.0,0.0,0.0,0.0,0.0,0.0,0.0,0.0,1.0,0.0,0.0,0.0,1.0,0.0,1.0,0.75,0.5,0.0,1.0,1.0,1.0,1.0,1.0,0.0
0.6666666666666666,0.25925925925925924,0.2222222222222222,0.037037037037037035,0.17283950617283952,0.37037037037037035,1.0,0.25,0.0,0.0,0.0,0.25,0.6875,0.0,0.0,0.0,0.0,0.0,0.0,0.0,0.0,0.0,0.0,1.0,0.0,0.0,0.0,1.0,0.0,0.0,0.8333333333333334,0.8333333333333334,0.0,1.0,1.0,1.0,1.0,1.0,0.0
0.3333333333333333,0.37037037037037035,0.3333333333333333,0.037037037037037035,0.1234567901234568,0.2222222222222222,1.0,0.25,0.0,0.0,0.0,0.25,0.875,0.0,0.0,0.0,0.0,0.0,0.0,0.0,0.0,0.0,0.0,1.0,0.0,0.0,0.0,1.0,0.0,0.0,1.0,0.4444444444444444,0.1111111111111111,1.0,1.0,1.0,1.0,1.0,0.0
0.0,0.037037037037037035,0.037037037037037035,0.1111111111111111,0.2222222222222222,0.3333333333333333,1.0,0.25,0.0,0.0,1.0,0.0,0.0,0.0,0.0,0.0,0.0,0.0,0.0,0.0,0.0,0.0,0.0,0.0,0.0,0.0,0.0,0.0,0.0,0.0,1.0,0.0,1.0,1.0,1.0,1.0,1.0,1.0,0.0
1.0,0.1111111111111111,0.1111111111111111,0.037037037037037035,0.19753086419753085,0.3333333333333333,1.0,0.25,0.0,0.0,1.0,0.0,0.0,0.0,0.0,0.0,0.0,0.0,0.0,0.0,0.0,0.0,0.0,1.0,0.0,0.0,0.0,1.0,0.0,0.0,0.6666666666666666,0.3333333333333333,0.0,1.0,1.0,1.0,1.0,1.0,0.0
0.6666666666666666,0.2222222222222222,0.2222222222222222,0.037037037037037035,0.16049382716049382,0.3333333333333333,1.0,0.25,0.0,0.0,1.0,0.0,0.0,0.0,0.0,0.0,0.0,0.0,0.0,0.0,0.0,0.0,0.0,1.0,0.0,0.0,0.0,1.0,0.0,0.0,0.8333333333333334,0.8333333333333334,0.0,1.0,1.0,1.0,1.0,1.0,0.0
0.3333333333333333,0.3333333333333333,0.2962962962962963,0.037037037037037035,0.1234567901234568,0.2222222222222222,0.0,0.0,0.0,0.0,0.0,0.25,0.1875,0.0,0.0,0.0,0.0,0.0,0.0,0.0,0.0,0.0,0.0,1.0,0.0,0.0,0.0,1.0,0.0,0.0,1.0,0.375,0.125,1.0,1.0,1.0,1.0,1.0,0.0
0.0,0.037037037037037035,0.037037037037037035,0.1111111111111111,0.20987654320987656,0.2962962962962963,1.0,0.25,0.0,0.0,1.0,0.0,0.0,0.0,0.0,0.0,0.0,0.0,0.0,0.0,0.0,0.0,0.0,0.0,0.0,0.0,0.0,0.0,0.0,0.0,1.0,0.0,1.0,1.0,1.0,1.0,1.0,1.0,0.0
1.0,0.1111111111111111,0.07407407407407407,0.037037037037037035,0.18518518518518517,0.2962962962962963,1.0,0.25,0.0,0.0,0.0,0.25,0.625,0.0,0.0,1.0,0.0,0.0,0.0,0.0,0.0,0.0,0.0,1.0,0.0,0.0,0.0,1.0,0.0,0.0,1.0,0.5,0.0,1.0,1.0,1.0,1.0,1.0,0.0
0.6666666666666666,0.2222222222222222,0.2222222222222222,0.037037037037037035,0.13580246913580246,0.2962962962962963,1.0,0.25,0.0,0.0,1.0,0.0,0.0,0.0,0.0,0.0,0.0,0.0,0.0,0.0,0.0,0.0,0.0,1.0,0.0,0.0,0.0,1.0,0.0,0.0,0.8333333333333334,0.8333333333333334,0.0,1.0,1.0,1.0,1.0,1.0,0.0
0.3333333333333333,0.2962962962962963,0.25925925925925924,0.037037037037037035,0.1111111111111111,0.2222222222222222,1.0,0.25,0.0,0.0,0.0,0.25,0.6875,0.0,0.0,0.0,0.0,0.0,0.0,0.0,0.0,0.0,0.0,1.0,0.0,0.0,0.0,1.0,0.0,0.0,1.0,0.42857142857142855,0.14285714285714285,1.0,1.0,1.0,1.0,1.0,0.0
1.0,0.07407407407407407,0.07407407407407407,0.037037037037037035,0.17283950617283952,0.25925925925925924,1.0,0.25,0.0,0.0,1.0,0.0,0.0,0.0,0.0,0.0,0.0,0.0,0.0,0.0,0.0,0.0,0.0,1.0,0.0,0.0,0.0,1.0,0.0,0.0,1.0,0.5,0.0,1.0,1.0,1.0,1.0,1.0,0.0
0.3333333333333333,0.25925925925925924,0.2222222222222222,0.037037037037037035,0.1111111111111111,0.2222222222222222,0.0,0.0,0.0,0.0,0.0,0.25,0.9375,0.0,0.0,0.0,1.0,0.0,0.0,0.0,0.0,0.0,0.0,1.0,0.0,0.0,0.0,1.0,0.0,0.0,1.0,0.5,0.0,1.0,1.0,1.0,1.0,1.0,0.0
0.0,0.037037037037037035,0.037037037037037035,0.07407407407407407,0.17283950617283952,0.2222222222222222,1.0,0.25,0.0,0.0,1.0,0.0,0.0,0.0,0.0,0.0,0.0,0.0,0.0,0.0,0.0,0.0,0.0,0.0,0.0,0.0,0.0,1.0,0.0,0.0,1.0,0.0,1.0,1.0,1.0,1.0,1.0,1.0,0.0
1.0,0.07407407407407407,0.07407407407407407,0.037037037037037035,0.16049382716049382,0.2222222222222222,1.0,0.25,0.0,0.0,1.0,0.0,0.0,0.0,0.0,0.0,0.0,0.0,0.0,0.0,0.0,0.0,0.0,1.0,0.0,0.0,0.0,1.0,0.0,0.0,1.0,0.5,0.0,1.0,1.0,1.0,1.0,1.0,0.0
0.6666666666666666,0.2222222222222222,0.2222222222222222,0.037037037037037035,0.1111111111111111,0.2222222222222222,1.0,0.25,0.0,0.0,1.0,0.0,0.0,0.0,0.0,0.0,0.0,0.0,0.0,0.0,0.0,0.0,0.0,1.0,0.0,0.0,0.0,1.0,0.0,0.0,0.8333333333333334,0.8333333333333334,0.0,1.0,1.0,1.0,1.0,1.0,0.0
0.3333333333333333,0.2222222222222222,0.18518518518518517,0.037037037037037035,0.1111111111111111,0.2222222222222222,0.0,0.0,0.0,0.0,0.0,0.25,0.75,0.0,0.0,0.0,0.0,0.0,0.0,0.0,0.0,0.0,0.0,1.0,0.0,0.0,0.0,1.0,0.0,0.0,1.0,0.6,0.0,1.0,1.0,1.0,1.0,1.0,0.0
0.0,0.037037037037037035,0.037037037037037035,0.07407407407407407,0.16049382716049382,0.2222222222222222,1.0,0.25,0.0,0.0,1.0,0.0,0.0,0.0,0.0,0.0,0.0,0.0,0.0,0.0,0.0,0.0,0.0,0.0,0.0,0.0,0.0,1.0,0.0,0.0,1.0,0.0,1.0,1.0,1.0,1.0,1.0,1.0,0.0
1.0,0.07407407407407407,0.07407407407407407,0.037037037037037035,0.14814814814814814,0.2222222222222222,1.0,0.25,0.0,0.0,1.0,0.0,0.0,0.0,0.0,0.0,0.0,0.0,0.0,0.0,0.0,0.0,0.0,1.0,0.0,0.0,0.0,1.0,0.0,0.0,1.0,0.5,0.0,1.0,1.0,1.0,1.0,1.0,0.0
0.6666666666666666,0.2222222222222222,0.2222222222222222,0.037037037037037035,0.09876543209876543,0.18518518518518517,1.0,0.25,0.0,0.0,1.0,0.0,0.0,0.0,0.0,0.0,0.0,0.0,0.0,0.0,0.0,0.0,0.0,1.0,0.0,0.0,0.0,1.0,0.0,0.0,0.8333333333333334,0.8333333333333334,0.0,1.0,1.0,1.0,1.0,1.0,0.0
0.3333333333333333,0.18518518518518517,0.14814814814814814,0.037037037037037035,0.1111111111111111,0.2222222222222222,0.0,0.0,0.0,0.0,0.0,0.25,0.5625,0.0,0.0,0.0,0.0,0.0,0.0,0.0,0.0,0.0,0.0,1.0,0.0,0.0,0.0,1.0,0.0,0.0,1.0,0.75,0.0,1.0,1.0,1.0,1.0,1.0,0.0
0.0,0.037037037037037035,0.037037037037037035,0.07407407407407407,0.14814814814814814,0.2222222222222222,1.0,0.25,0.0,0.0,1.0,0.0,0.0,0.0,0.0,0.0,0.0,0.0,0.0,0.0,0.0,0.0,0.0,0.0,0.0,0.0,0.0,1.0,0.0,0.0,1.0,0.0,1.0,1.0,1.0,1.0,1.0,1.0,0.0
1.0,0.07407407407407407,0.07407407407407407,0.037037037037037035,0.13580246913580246,0.2222222222222222,1.0,0.25,0.0,0.0,1.0,0.0,0.0,0.0,0.0,0.0,0.0,0.0,0.0,0.0,0.0,0.0,0.0,1.0,0.0,0.0,0.0,1.0,0.0,0.0,1.0,0.5,0.0,1.0,1.0,1.0,1.0,1.0,0.0
0.6666666666666666,0.2222222222222222,0.2222222222222222,0.037037037037037035,0.08641975308641976,0.14814814814814814,1.0,0.25,0.0,0.0,1.0,0.0,0.0,0.0,0.0,0.0,0.0,0.0,0.0,0.0,0.0,0.0,0.0,1.0,0.0,0.0,0.0,1.0,0.0,0.0,0.8333333333333334,0.8333333333333334,0.0,1.0,1.0,1.0,1.0,1.0,0.0
0.3333333333333333,0.14814814814814814,0.1111111111111111,0.037037037037037035,0.1111111111111111,0.2222222222222222,0.0,0.0,0.0,0.0,0.0,0.25,0.375,0.0,0.0,0.0,0.0,0.0,0.0,0.0,0.0,0.0,0.0,1.0,0.0,0.0,0.0,1.0,0.0,0.0,1.0,0.6666666666666666,0.0,1.0,1.0,1.0,1.0,1.0,0.0
0.0,0.037037037037037035,0.037037037037037035,0.07407407407407407,0.13580246913580246,0.2222222222222222,1.0,0.25,0.0,0.0,1.0,0.0,0.0,0.0,0.0,0.0,0.0,0.0,0.0,0.0,0.0,0.0,0.0,0.0,0.0,0.0,0.0,1.0,0.0,0.0,1.0,0.0,1.0,1.0,1.0,1.0,1.0,1.0,0.0
1.0,0.07407407407407407,0.037037037037037035,0.037037037037037035,0.1234567901234568,0.2222222222222222,1.0,0.25,0.0,0.0,0.0,0.25,0.5,0.0,1.0,0.0,0.0,0.0,0.0,0.0,0.0,0.0,0.0,1.0,0.0,1.0,0.0,1.0,1.0,0.0,1.0,0.0,0.0,1.0,1.0,1.0,1.0,1.0,0.0
1.0,0.037037037037037035,0.0,0.037037037037037035,0.1234567901234568,0.2222222222222222,0.0,0.0,0.0,0.0,0.0,0.25,0.625,0.0,0.0,1.0,0.0,0.0,0.0,0.0,0.0,0.0,1.0,0.0,1.0,0.0,1.0,1.0,0.0,0.0,0.0,0.0,0.0,1.0,1.0,1.0,1.0,1.0,0.0
0.6666666666666666,0.2222222222222222,0.2222222222222222,0.037037037037037035,0.07407407407407407,0.1111111111111111,1.0,0.25,0.0,0.0,1.0,0.0,0.0,0.0,0.0,0.0,0.0,0.0,0.0,0.0,0.0,0.0,0.0,1.0,0.0,0.0,0.0,1.0,0.0,0.0,0.8333333333333334,0.8333333333333334,0.0,1.0,1.0,1.0,1.0,1.0,0.0
0.3333333333333333,0.1111111111111111,0.1111111111111111,0.037037037037037035,0.12962962962962962,0.2222222222222222,1.0,0.25,0.0,0.0,1.0,0.0,0.0,0.0,0.0,0.0,0.0,0.0,0.0,0.0,0.0,0.0,0.0,1.0,0.0,0.0,0.0,1.0,0.0,0.0,1.0,0.6666666666666666,0.0,1.0,1.0,1.0,1.0,1.0,0.0
0.0,0.037037037037037035,0.037037037037037035,0.1111111111111111,0.16666666666666666,0.2222222222222222,1.0,0.25,0.0,0.0,1.0,0.0,0.0,0.0,0.0,0.0,0.0,0.0,0.0,0.0,0.0,0.0,0.0,0.0,0.0,0.0,0.0,0.0,0.0,0.0,1.0,0.0,1.0,1.0,1.0,1.0,1.0,1.0,0.0
0.6666666666666666,0.2222222222222222,0.14814814814814814,0.037037037037037035,0.07407407407407407,0.1111111111111111,0.0,0.0,0.0,0.0,0.0,0.5,0.3125,0.0,0.0,0.0,0.0,0.0,1.0,0.0,0.0,0.0,0.0,1.0,0.0,0.0,0.0,1.0,0.0,0.0,1.0,0.75,0.0,1.0,1.0,1.0,1.0,1.0,0.0
0.3333333333333333,0.1111111111111111,0.1111111111111111,0.037037037037037035,0.09259259259259259,0.14814814814814814,1.0,0.5,0.0,0.0,1.0,0.0,0.0,0.0,0.0,0.0,0.0,0.0,0.0,0.0,0.0,0.0,0.0,1.0,0.0,0.0,0.0,1.0,0.0,0.0,1.0,0.6666666666666666,0.0,1.0,1.0,1.0,1.0,1.0,0.0
0.0,0.037037037037037035,0.037037037037037035,0.1111111111111111,0.12962962962962962,0.14814814814814814,1.0,0.5,0.0,0.0,1.0,0.0,0.0,0.0,0.0,0.0,0.0,0.0,0.0,0.0,0.0,0.0,0.0,0.0,0.0,0.0,0.0,0.0,0.0,0.0,1.0,0.0,1.0,1.0,1.0,1.0,1.0,1.0,0.0
0.6666666666666666,0.14814814814814814,0.1111111111111111,0.037037037037037035,0.07407407407407407,0.1111111111111111,0.0,0.0,0.0,0.0,0.0,0.25,0.375,0.0,0.0,0.0,0.0,0.0,0.0,0.0,0.0,0.0,0.0,1.0,0.0,0.0,0.0,1.0,0.0,0.0,1.0,0.6666666666666666,0.0,1.0,1.0,1.0,1.0,1.0,0.0
0.3333333333333333,0.1111111111111111,0.1111111111111111,0.037037037037037035,0.07407407407407407,0.1111111111111111,1.0,0.25,0.0,0.0,1.0,0.0,0.0,0.0,0.0,0.0,0.0,0.0,0.0,0.0,0.0,0.0,0.0,1.0,0.0,0.0,0.0,1.0,0.0,0.0,1.0,0.6666666666666666,0.0,1.0,1.0,1.0,1.0,1.0,0.0
0.0,0.037037037037037035,0.037037037037037035,0.1111111111111111,0.1111111111111111,0.1111111111111111,1.0,0.25,0.0,0.0,1.0,0.0,0.0,0.0,0.0,0.0,0.0,0.0,0.0,0.0,0.0,0.0,0.0,0.0,0.0,0.0,0.0,0.0,0.0,0.0,1.0,0.0,1.0,1.0,1.0,1.0,1.0,1.0,0.0
0.6666666666666666,0.1111111111111111,0.07407407407407407,0.037037037037037035,0.07407407407407407,0.1111111111111111,0.0,0.0,0.0,0.0,0.0,0.25,0.4375,1.0,0.0,0.0,0.0,0.0,0.0,0.0,0.0,0.0,0.0,1.0,0.0,0.0,0.0,1.0,0.0,1.0,1.0,0.5,0.0,1.0,1.0,1.0,1.0,1.0,0.0
0.3333333333333333,0.1111111111111111,0.1111111111111111,0.037037037037037035,0.05555555555555555,0.07407407407407407,1.0,0.25,0.0,0.0,1.0,0.0,0.0,0.0,0.0,0.0,0.0,0.0,0.0,0.0,0.0,0.0,0.0,1.0,0.0,0.0,0.0,1.0,0.0,0.0,1.0,0.6666666666666666,0.0,1.0,1.0,1.0,1.0,1.0,0.0
0.0,0.037037037037037035,0.037037037037037035,0.07407407407407407,0.09259259259259259,0.1111111111111111,1.0,0.25,0.0,0.0,1.0,0.0,0.0,0.0,0.0,0.0,0.0,0.0,0.0,0.0,0.0,0.0,0.0,0.0,0.0,0.0,0.0,1.0,0.0,0.0,1.0,0.0,1.0,1.0,1.0,1.0,1.0,1.0,0.0
0.6666666666666666,0.07407407407407407,0.037037037037037035,0.037037037037037035,0.07407407407407407,0.1111111111111111,0.0,0.0,0.0,0.0,0.0,0.25,0.5,0.0,1.0,0.0,0.0,0.0,0.0,0.0,0.0,0.0,0.0,1.0,0.0,1.0,0.0,1.0,1.0,0.0,1.0,0.0,0.0,1.0,1.0,1.0,1.0,1.0,0.0
0.6666666666666666,0.037037037037037035,0.0,0.037037037037037035,0.07407407407407407,0.1111111111111111,0.0,0.0,0.0,0.0,0.0,0.25,0.625,0.0,0.0,1.0,0.0,0.0,0.0,0.0,0.0,0.0,1.0,0.0,1.0,0.0,1.0,1.0,0.0,0.0,0.0,0.0,0.0,1.0,1.0,1.0,1.0,1.0,0.0
0.3333333333333333,0.1111111111111111,0.1111111111111111,0.037037037037037035,0.037037037037037035,0.037037037037037035,1.0,0.25,0.0,0.0,1.0,0.0,0.0,0.0,0.0,0.0,0.0,0.0,0.0,0.0,0.0,0.0,0.0,1.0,0.0,0.0,0.0,1.0,0.0,0.0,1.0,0.6666666666666666,0.0,1.0,1.0,1.0,1.0,1.0,0.0
0.0,0.037037037037037035,0.037037037037037035,0.1111111111111111,0.1111111111111111,0.1111111111111111,1.0,0.25,0.0,0.0,1.0,0.0,0.0,0.0,0.0,0.0,0.0,0.0,0.0,0.0,0.0,0.0,0.0,0.0,0.0,0.0,0.0,0.0,0.0,0.0,1.0,0.0,1.0,1.0,1.0,1.0,1.0,1.0,0.0
0.3333333333333333,0.1111111111111111,0.07407407407407407,0.037037037037037035,0.037037037037037035,0.037037037037037035,0.0,0.0,0.0,0.0,0.0,0.25,0.25,0.0,0.0,0.0,0.0,0.0,0.0,0.0,0.0,0.0,0.0,1.0,0.0,0.0,0.0,1.0,0.0,0.0,1.0,0.5,0.0,1.0,1.0,1.0,1.0,1.0,0.0
0.0,0.037037037037037035,0.037037037037037035,0.07407407407407407,0.07407407407407407,0.07407407407407407,1.0,0.25,0.0,0.0,1.0,0.0,0.0,0.0,0.0,0.0,0.0,0.0,0.0,0.0,0.0,0.0,0.0,0.0,0.0,0.0,0.0,1.0,0.0,0.0,1.0,0.0,1.0,1.0,1.0,1.0,1.0,1.0,0.0
0.3333333333333333,0.07407407407407407,0.037037037037037035,0.037037037037037035,0.037037037037037035,0.037037037037037035,0.0,0.0,0.0,0.0,0.0,0.25,0.5,0.0,1.0,0.0,0.0,0.0,0.0,0.0,0.0,0.0,0.0,1.0,0.0,1.0,0.0,1.0,1.0,0.0,1.0,0.0,0.0,1.0,1.0,1.0,1.0,1.0,0.0
0.3333333333333333,0.037037037037037035,0.0,0.037037037037037035,0.037037037037037035,0.037037037037037035,0.0,0.0,0.0,0.0,0.0,0.25,0.625,0.0,0.0,1.0,0.0,0.0,0.0,0.0,0.0,0.0,1.0,0.0,1.0,0.0,1.0,1.0,0.0,0.0,0.0,0.0,0.0,1.0,1.0,1.0,1.0,1.0,0.0
0.3333333333333333,0.48148148148148145,0.4074074074074074,0.48148148148148145,0.48148148148148145,0.48148148148148145,0.0,0.0,0.0,0.0,0.0,0.5,0.1875,0.0,0.0,0.0,0.0,0.0,1.0,0.0,0.0,0.0,0.0,1.0,0.0,0.0,0.0,0.0,0.0,0.0,0.7272727272727273,0.36363636363636365,0.36363636363636365,1.0,1.0,0.0,1.0,1.0,0.0
0.6666666666666666,0.48148148148148145,0.4074074074074074,0.4074074074074074,0.45679012345679015,0.48148148148148145,1.0,0.5,0.0,0.0,0.0,0.5,0.3125,0.0,0.0,0.0,0.0,0.0,1.0,0.0,0.0,0.0,0.0,0.0,0.0,0.0,0.0,0.0,0.0,0.0,0.6363636363636364,0.5454545454545454,0.18181818181818182,1.0,1.0,0.0,1.0,1.0,0.0
0.0,0.48148148148148145,0.4074074074074074,0.4074074074074074,0.43209876543209874,0.48148148148148145,1.0,0.5,0.0,0.0,0.0,0.5,0.6875,0.0,0.0,0.0,0.0,0.0,1.0,0.0,0.0,0.0,0.0,0.0,0.0,0.0,0.0,0.0,0.0,0.0,0.7272727272727273,0.45454545454545453,0.18181818181818182,1.0,1.0,0.0,1.0,1.0,0.0
1.0,0.48148148148148145,0.4074074074074074,0.4074074074074074,0.4074074074074074,0.4074074074074074,1.0,0.5,0.0,0.0,0.0,0.5,0.9375,0.0,0.0,0.0,1.0,0.0,1.0,0.0,0.0,0.0,0.0,0.0,0.0,0.0,0.0,0.0,0.0,0.0,0.5454545454545454,0.45454545454545453,0.18181818181818182,1.0,1.0,0.0,1.0,1.0,0.0
0.3333333333333333,0.4074074074074074,0.4074074074074074,0.4074074074074074,0.4074074074074074,0.4074074074074074,1.0,0.5,0.0,0.0,1.0,0.0,0.0,0.0,0.0,0.0,0.0,0.0,0.0,0.0,0.0,0.0,0.0,1.0,0.0,0.0,0.0,0.0,0.0,0.0,0.7272727272727273,0.36363636363636365,0.36363636363636365,1.0,1.0,0.0,1.0,1.0,0.0
0.6666666666666666,0.4074074074074074,0.4074074074074074,0.4074074074074074,0.4074074074074074,0.4074074074074074,1.0,0.5,0.0,0.0,1.0,0.0,0.0,0.0,0.0,0.0,0.0,0.0,0.0,0.0,0.0,0.0,0.0,0.0,0.0,0.0,0.0,0.0,0.0,0.0,0.6363636363636364,0.5454545454545454,0.18181818181818182,1.0,1.0,0.0,1.0,1.0,0.0
0.0,0.4074074074074074,0.4074074074074074,0.4074074074074074,0.4074074074074074,0.4074074074074074,1.0,0.5,0.0,0.0,1.0,0.0,0.0,0.0,0.0,0.0,0.0,0.0,0.0,0.0,0.0,0.0,0.0,0.0,0.0,0.0,0.0,0.0,0.0,0.0,0.7272727272727273,0.45454545454545453,0.18181818181818182,1.0,1.0,0.0,1.0,1.0,0.0
1.0,0.4074074074074074,0.25925925925925924,0.4074074074074074,0.4074074074074074,0.4074074074074074,0.0,0.0,0.0,0.0,0.0,1.0,0.5625,0.0,0.0,0.0,0.0,0.0,0.0,0.0,1.0,0.0,0.0,0.0,0.0,0.0,0.0,0.0,0.0,0.0,0.7142857142857143,0.7142857142857143,0.2857142857142857,1.0,1.0,0.0,1.0,1.0,0.0
0.3333333333333333,0.4074074074074074,0.4074074074074074,0.25925925925925924,0.35802469135802467,0.4074074074074074,1.0,1.0,1.0,0.0,1.0,0.0,0.0,0.0,0.0,0.0,0.0,0.0,0.0,0.0,0.0,0.0,0.0,1.0,0.0,0.0,0.0,0.0,0.0,0.0,0.7272727272727273,0.36363636363636365,0.36363636363636365,1.0,1.0,0.0,1.0,1.0,0.0
0.6666666666666666,0.4074074074074074,0.4074074074074074,0.25925925925925924,0.35802469135802467,0.4074074074074074,1.0,1.0,1.0,0.0,1.0,0.0,0.0,0.0,0.0,0.0,0.0,0.0,0.0,0.0,0.0,0.0,0.0,0.0,0.0,0.0,0.0,0.0,0.0,0.0,0.6363636363636364,0.5454545454545454,0.18181818181818182,1.0,1.0,0.0,1.0,1.0,0.0
0.0,0.4074074074074074,0.4074074074074074,0.25925925925925924,0.35802469135802467,0.4074074074074074,1.0,1.0,1.0,0.0,1.0,0.0,0.0,0.0,0.0,0.0,0.0,0.0,0.0,0.0,0.0,0.0,0.0,0.0,0.0,0.0,0.0,0.0,0.0,0.0,0.7272727272727273,0.45454545454545453,0.18181818181818182,1.0,1.0,0.0,1.0,1.0,0.0
1.0,0.25925925925925924,0.18518518518518517,0.4074074074074074,0.4074074074074074,0.4074074074074074,0.0,0.0,1.0,0.0,0.0,0.5,0.5,0.0,1.0,0.0,0.0,0.0,1.0,0.0,0.0,0.0,0.0,0.0,0.0,0.0,0.0,0.0,1.0,0.0,0.8,0.6,0.4,1.0,1.0,0.0,1.0,1.0,0.0
1.0,0.18518518518518517,0.14814814814814814,0.4074074074074074,0.4074074074074074,0.4074074074074074,0.0,0.0,1.0,0.0,0.0,0.25,0.875,0.0,0.0,0.0,0.0,0.0,0.0,0.0,0.0,0.0,0.0,0.0,0.0,0.0,0.0,0.0,0.0,0.0,1.0,0.75,0.25,1.0,1.0,0.0,1.0,1.0,0.0
0.3333333333333333,0.4074074074074074,0.37037037037037035,0.14814814814814814,0.32098765432098764,0.4074074074074074,1.0,0.25,1.0,0.0,0.0,0.25,0.4375,1.0,0.0,0.0,0.0,0.0,0.0,0.0,0.0,0.0,0.0,1.0,0.0,0.0,0.0,0.0,0.0,1.0,0.7,0.3,0.4,1.0,1.0,0.0,1.0,1.0,0.0
0.6666666666666666,0.4444444444444444,0.4074074074074074,0.14814814814814814,0.2962962962962963,0.4074074074074074,1.0,0.25,1.0,0.0,0.0,0.25,0.375,0.0,0.0,0.0,0.0,0.0,0.0,0.0,0.0,0.0,0.0,1.0,0.0,0.0,0.0,0.0,0.0,0.0,0.7272727272727273,0.5454545454545454,0.18181818181818182,1.0,1.0,0.0,1.0,1.0,0.0
0.0,0.4074074074074074,0.37037037037037035,0.14814814814814814,0.2962962962962963,0.4074074074074074,1.0,0.25,1.0,0.0,0.0,0.25,0.25,0.0,0.0,0.0,0.0,0.0,0.0,0.0,0.0,0.0,0.0,0.0,0.0,0.0,0.0,0.0,0.0,0.0,0.8,0.4,0.2,1.0,1.0,0.0,1.0,1.0,0.0
1.0,0.14814814814814814,0.14814814814814814,0.3333333333333333,0.37037037037037035,0.4074074074074074,1.0,0.25,1.0,0.0,1.0,0.0,0.0,0.0,0.0,0.0,0.0,0.0,0.0,0.0,0.0,0.0,0.0,0.0,0.0,0.0,0.0,0.0,0.0,0.0,1.0,0.75,0.25,1.0,1.0,0.0,1.0,1.0,0.0
0.3333333333333333,0.3333333333333333,0.3333333333333333,0.14814814814814814,0.308641975308642,0.4074074074074074,1.0,0.25,1.0,0.0,1.0,0.0,0.0,0.0,0.0,0.0,0.0,0.0,0.0,0.0,0.0,0.0,0.0,1.0,0.0,0.0,0.0,0.0,0.0,0.0,0.7777777777777778,0.2222222222222222,0.4444444444444444,1.0,1.0,0.0,1.0,1.0,0.0
0.6666666666666666,0.4074074074074074,0.37037037037037035,0.14814814814814814,0.2839506172839506,0.37037037037037035,1.0,0.25,1.0,0.0,0.0,0.25,0.1875,0.0,0.0,0.0,0.0,0.0,0.0,0.0,0.0,0.0,0.0,1.0,0.0,0.0,0.0,0.0,0.0,0.0,0.7,0.5,0.2,1.0,1.0,0.0,1.0,1.0,0.0
0.0,0.37037037037037035,0.37037037037037035,0.14814814814814814,0.2839506172839506,0.37037037037037035,1.0,0.25,1.0,0.0,1.0,0.0,0.0,0.0,0.0,0.0,0.0,0.0,0.0,0.0,0.0,0.0,0.0,0.0,0.0,0.0,0.0,0.0,0.0,0.0,0.8,0.4,0.2,1.0,1.0,0.0,1.0,1.0,0.0
0.6666666666666666,0.37037037037037035,0.2962962962962963,0.14814814814814814,0.2839506172839506,0.37037037037037035,0.0,0.0,1.0,0.0,0.0,0.5,0.4375,1.0,0.0,0.0,0.0,0.0,1.0,0.0,0.0,0.0,0.0,1.0,0.0,0.0,0.0,0.0,0.0,1.0,0.75,0.375,0.25,1.0,1.0,0.0,1.0,1.0,0.0
0.0,0.4444444444444444,0.37037037037037035,0.14814814814814814,0.2345679012345679,0.3333333333333333,1.0,0.5,1.0,0.0,0.0,0.5,0.375,0.0,0.0,0.0,0.0,0.0,1.0,0.0,0.0,0.0,0.0,0.0,0.0,0.0,0.0,0.0,0.0,0.0,0.8,0.4,0.2,1.0,1.0,0.0,1.0,1.0,0.0
1.0,0.14814814814814814,0.14814814814814814,0.2222222222222222,0.308641975308642,0.37037037037037035,1.0,0.5,1.0,0.0,1.0,0.0,0.0,0.0,0.0,0.0,0.0,0.0,0.0,0.0,0.0,0.0,0.0,0.0,0.0,0.0,0.0,0.0,0.0,0.0,1.0,0.75,0.25,1.0,1.0,0.0,1.0,1.0,0.0
0.3333333333333333,0.3333333333333333,0.3333333333333333,0.14814814814814814,0.2469135802469136,0.37037037037037035,1.0,0.5,1.0,0.0,1.0,0.0,0.0,0.0,0.0,0.0,0.0,0.0,0.0,0.0,0.0,0.0,0.0,1.0,0.0,0.0,0.0,0.0,0.0,0.0,0.7777777777777778,0.2222222222222222,0.4444444444444444,1.0,1.0,0.0,1.0,1.0,0.0
0.6666666666666666,0.2222222222222222,0.2222222222222222,0.14814814814814814,0.2839506172839506,0.37037037037037035,1.0,0.5,1.0,0.0,1.0,0.0,0.0,0.0,0.0,0.0,0.0,0.0,0.0,0.0,0.0,0.0,0.0,1.0,0.0,0.0,0.0,0.0,0.0,0.0,0.8333333333333334,0.16666666666666666,0.3333333333333333,1.0,1.0,0.0,1.0,1.0,0.0
0.0,0.37037037037037035,0.25925925925925924,0.14814814814814814,0.2345679012345679,0.3333333333333333,0.0,0.0,1.0,0.0,0.0,0.75,0.75,0.0,0.0,0.0,0.0,0.0,0.0,1.0,0.0,0.0,0.0,0.0,0.0,0.0,0.0,0.0,0.0,0.0,1.0,0.5714285714285714,0.2857142857142857,1.0,1.0,0.0,1.0,1.0,0.0
1.0,0.14814814814814814,0.14814814814814814,0.2222222222222222,0.2716049382716049,0.3333333333333333,1.0,0.75,1.0,0.0,1.0,0.0,0.0,0.0,0.0,0.0,0.0,0.0,0.0,0.0,0.0,0.0,0.0,0.0,0.0,0.0,0.0,0.0,0.0,0.0,1.0,0.75,0.25,1.0,1.0,0.0,1.0,1.0,0.0
0.3333333333333333,0.3333333333333333,0.3333333333333333,0.14814814814814814,0.20987654320987656,0.25925925925925924,1.0,0.75,1.0,0.0,1.0,0.0,0.0,0.0,0.0,0.0,0.0,0.0,0.0,0.0,0.0,0.0,0.0,1.0,0.0,0.0,0.0,0.0,0.0,0.0,0.7777777777777778,0.2222222222222222,0.4444444444444444,1.0,1.0,0.0,1.0,1.0,0.0
0.6666666666666666,0.2222222222222222,0.2222222222222222,0.14814814814814814,0.2469135802469136,0.3333333333333333,1.0,0.75,1.0,0.0,1.0,0.0,0.0,0.0,0.0,0.0,0.0,0.0,0.0,0.0,0.0,0.0,0.0,1.0,0.0,0.0,0.0,0.0,0.0,0.0,0.8333333333333334,0.16666666666666666,0.3333333333333333,1.0,1.0,0.0,1.0,1.0,0.0
0.0,0.25925925925925924,0.2222222222222222,0.14814814814814814,0.2345679012345679,0.3333333333333333,0.0,0.0,1.0,0.0,0.0,0.25,0.4375,1.0,0.0,0.0,0.0,0.0,0.0,0.0,0.0,0.0,0.0,0.0,0.0,0.0,0.0,0.0,0.0,1.0,1.0,0.5,0.3333333333333333,1.0,1.0,0.0,1.0,1.0,0.0
1.0,0.18518518518518517,0.14814814814814814,0.18518518518518517,0.2469135802469136,0.3333333333333333,1.0,0.25,1.0,0.0,0.0,0.25,0.375,0.0,0.0,0.0,0.0,0.0,0.0,0.0,0.0,0.0,0.0,0.0,0.0,0.0,0.0,0.0,0.0,0.0,1.0,0.75,0.25,1.0,1.0,0.0,1.0,1.0,0.0
0.3333333333333333,0.3333333333333333,0.3333333333333333,0.14814814814814814,0.18518518518518517,0.2222222222222222,1.0,0.25,1.0,0.0,1.0,0.0,0.0,0.0,0.0,0.0,0.0,0.0,0.0,0.0,0.0,0.0,0.0,1.0,0.0,0.0,0.0,0.0,0.0,0.0,0.7777777777777778,0.2222222222222222,0.4444444444444444,1.0,1.0,0.0,1.0,1.0,0.0
0.6666666666666666,0.2222222222222222,0.2222222222222222,0.14814814814814814,0.2222222222222222,0.3333333333333333,1.0,0.25,1.0,0.0,1.0,0.0,0.0,0.0,0.0,0.0,0.0,0.0,0.0,0.0,0.0,0.0,0.0,1.0,0.0,0.0,0.0,0.0,0.0,0.0,0.8333333333333334,0.16666666666666666,0.3333333333333333,1.0,1.0,0.0,1.0,1.0,0.0
0.0,0.18518518518518517,0.14814814814814814,0.14814814814814814,0.2345679012345679,0.3333333333333333,1.0,0.25,1.0,0.0,0.0,0.25,0.25,0.0,0.0,0.0,0.0,0.0,0.0,0.0,0.0,0.0,0.0,0.0,0.0,0.0,0.0,0.0,0.0,0.0,1.0,0.25,0.5,1.0,1.0,0.0,1.0,1.0,0.0
1.0,0.14814814814814814,0.1111111111111111,0.14814814814814814,0.2345679012345679,0.3333333333333333,1.0,0.25,1.0,0.0,0.0,0.25,0.1875,0.0,0.0,0.0,0.0,0.0,0.0,0.0,0.0,0.0,0.0,0.0,0.0,0.0,0.0,0.0,0.0,0.0,1.0,0.6666666666666666,0.3333333333333333,1.0,1.0,0.0,1.0,1.0,0.0
0.0,0.14814814814814814,0.14814814814814814,0.1111111111111111,0.2222222222222222,0.3333333333333333,1.0,0.25,1.0,0.0,1.0,0.0,0.0,0.0,0.0,0.0,0.0,0.0,0.0,0.0,0.0,0.0,0.0,0.0,0.0,0.0,0.0,0.0,0.0,0.0,1.0,0.25,0.5,1.0,1.0,0.0,1.0,1.0,0.0
1.0,0.1111111111111111,0.07407407407407407,0.14814814814814814,0.2345679012345679,0.3333333333333333,0.0,0.0,1.0,0.0,0.0,0.25,0.875,0.0,0.0,0.0,0.0,0.0,0.0,0.0,0.0,0.0,0.0,0.0,0.0,0.0,0.0,0.0,0.0,0.0,1.0,1.0,0.0,1.0,1.0,0.0,1.0,1.0,0.0
0.3333333333333333,0.3333333333333333,0.2962962962962963,0.07407407407407407,0.14814814814814814,0.2222222222222222,1.0,0.25,1.0,0.0,0.0,0.25,0.8125,0.0,0.0,0.0,0.0,0.0,0.0,0.0,0.0,0.0,0.0,1.0,0.0,0.0,0.0,1.0,0.0,0.0,0.75,0.25,0.375,1.0,1.0,0.0,1.0,1.0,0.0
0.6666666666666666,0.2222222222222222,0.18518518518518517,0.07407407407407407,0.17283950617283952,0.2962962962962963,1.0,0.25,1.0,0.0,0.0,0.25,0.75,0.0,0.0,0.0,0.0,0.0,0.0,0.0,0.0,0.0,0.0,1.0,0.0,0.0,0.0,1.0,0.0,0.0,0.8,0.2,0.4,1.0,1.0,0.0,1.0,1.0,0.0
0.0,0.14814814814814814,0.14814814814814814,0.07407407407407407,0.18518518518518517,0.2962962962962963,1.0,0.25,1.0,0.0,1.0,0.0,0.0,0.0,0.0,0.0,0.0,0.0,0.0,0.0,0.0,0.0,0.0,0.0,0.0,0.0,0.0,1.0,0.0,0.0,1.0,0.25,0.5,1.0,1.0,0.0,1.0,1.0,0.0
1.0,0.07407407407407407,0.037037037037037035,0.14814814814814814,0.20987654320987656,0.2962962962962963,1.0,0.25,1.0,0.0,0.0,0.25,0.3125,0.0,0.0,0.0,0.0,0.0,0.0,0.0,0.0,0.0,0.0,0.0,0.0,0.0,0.0,0.0,0.0,0.0,1.0,1.0,0.0,1.0,1.0,0.0,1.0,1.0,0.0
0.3333333333333333,0.2962962962962963,0.25925925925925924,0.037037037037037035,0.1234567901234568,0.18518518518518517,1.0,0.25,1.0,0.0,0.0,0.25,0.25,0.0,0.0,0.0,0.0,0.0,0.0,0.0,0.0,0.0,0.0,1.0,0.0,0.0,0.0,1.0,0.0,0.0,0.7142857142857143,0.14285714285714285,0.42857142857142855,1.0,1.0,0.0,1.0,1.0,0.0
0.6666666666666666,0.18518518518518517,0.18518518518518517,0.037037037037037035,0.14814814814814814,0.25925925925925924,1.0,0.25,1.0,0.0,1.0,0.0,0.0,0.0,0.0,0.0,0.0,0.0,0.0,0.0,0.0,0.0,0.0,1.0,0.0,0.0,0.0,1.0,0.0,0.0,0.8,0.2,0.4,1.0,1.0,0.0,1.0,1.0,0.0
1.0,0.037037037037037035,0.037037037037037035,0.14814814814814814,0.19753086419753085,0.25925925925925924,1.0,0.25,1.0,0.0,1.0,0.0,0.0,0.0,0.0,0.0,0.0,0.0,0.0,0.0,0.0,0.0,0.0,0.0,0.0,0.0,0.0,0.0,0.0,0.0,1.0,1.0,0.0,1.0,1.0,0.0,1.0,1.0,0.0
0.3333333333333333,0.25925925925925924,0.18518518518518517,0.037037037037037035,0.1234567901234568,0.18518518518518517,0.0,0.0,1.0,0.0,0.0,0.5,0.875,0.0,0.0,0.0,0.0,0.0,1.0,0.0,0.0,0.0,0.0,1.0,0.0,0.0,0.0,1.0,0.0,0.0,0.8,0.2,0.2,1.0,1.0,0.0,1.0,1.0,0.0
0.6666666666666666,0.18518518518518517,0.1111111111111111,0.037037037037037035,0.1234567901234568,0.18518518518518517,1.0,0.5,1.0,0.0,0.0,0.5,0.8125,0.0,0.0,0.0,0.0,0.0,1.0,0.0,0.0,0.0,0.0,1.0,0.0,0.0,0.0,1.0,0.0,0.0,1.0,0.3333333333333333,0.0,1.0,1.0,0.0,1.0,1.0,0.0
0.0,0.14814814814814814,0.14814814814814814,0.037037037037037035,0.1111111111111111,0.18518518518518517,1.0,0.5,1.0,0.0,1.0,0.0,0.0,0.0,0.0,0.0,0.0,0.0,0.0,0.0,0.0,0.0,0.0,0.0,0.0,0.0,0.0,1.0,0.0,0.0,1.0,0.25,0.5,1.0,1.0,0.0,1.0,1.0,0.0
1.0,0.037037037037037035,0.037037037037037035,0.1111111111111111,0.14814814814814814,0.18518518518518517,1.0,0.5,1.0,0.0,1.0,0.0,0.0,0.0,0.0,0.0,0.0,0.0,0.0,0.0,0.0,0.0,0.0,0.0,0.0,0.0,0.0,0.0,0.0,0.0,1.0,1.0,0.0,1.0,1.0,0.0,1.0,1.0,0.0
0.3333333333333333,0.18518518518518517,0.18518518518518517,0.037037037037037035,0.09876543209876543,0.14814814814814814,1.0,0.5,1.0,0.0,1.0,0.0,0.0,0.0,0.0,0.0,0.0,0.0,0.0,0.0,0.0,0.0,0.0,1.0,0.0,0.0,0.0,1.0,0.0,0.0,0.8,0.2,0.2,1.0,1.0,0.0,1.0,1.0,0.0
0.6666666666666666,0.1111111111111111,0.07407407407407407,0.037037037037037035,0.1234567901234568,0.18518518518518517,0.0,0.0,1.0,0.0,0.0,0.25,0.6875,0.0,0.0,0.0,0.0,0.0,0.0,0.0,0.0,0.0,0.0,1.0,0.0,0.0,0.0,1.0,0.0,0.0,1.0,0.5,0.0,1.0,1.0,0.0,1.0,1.0,0.0
0.0,0.14814814814814814,0.1111111111111111,0.037037037037037035,0.09876543209876543,0.18518518518518517,1.0,0.25,1.0,0.0,0.0,0.25,0.625,0.0,0.0,1.0,0.0,0.0,0.0,0.0,0.0,0.0,0.0,0.0,0.0,0.0,0.0,1.0,0.0,0.0,1.0,0.3333333333333333,0.6666666666666666,1.0,1.0,0.0,1.0,1.0,0.0
1.0,0.037037037037037035,0.0,0.07407407407407407,0.1234567901234568,0.18518518518518517,1.0,0.25,1.0,0.0,0.0,0.25,0.25,0.0,0.0,0.0,0.0,0.0,0.0,0.0,0.0,0.0,1.0,0.0,0.0,0.0,0.0,1.0,0.0,0.0,0.0,0.0,0.0,1.0,1.0,0.0,1.0,1.0,0.0
0.3333333333333333,0.18518518518518517,0.18518518518518517,0.07407407407407407,0.09259259259259259,0.1111111111111111,1.0,0.25,1.0,0.0,1.0,0.0,0.0,0.0,0.0,0.0,0.0,0.0,0.0,0.0,0.0,0.0,0.0,1.0,0.0,0.0,0.0,1.0,0.0,0.0,0.8,0.2,0.2,1.0,1.0,0.0,1.0,1.0,0.0
0.6666666666666666,0.07407407407407407,0.07407407407407407,0.1111111111111111,0.14814814814814814,0.18518518518518517,1.0,0.25,1.0,0.0,1.0,0.0,0.0,0.0,0.0,0.0,0.0,0.0,0.0,0.0,0.0,0.0,0.0,1.0,0.0,0.0,0.0,0.0,0.0,0.0,1.0,0.5,0.0,1.0,1.0,0.0,1.0,1.0,0.0
0.0,0.1111111111111111,0.1111111111111111,0.07407407407407407,0.12962962962962962,0.18518518518518517,1.0,0.25,1.0,0.0,1.0,0.0,0.0,0.0,0.0,0.0,0.0,0.0,0.0,0.0,0.0,0.0,0.0,0.0,0.0,0.0,0.0,1.0,0.0,0.0,1.0,0.3333333333333333,0.6666666666666666,1.0,1.0,0.0,1.0,1.0,0.0
0.3333333333333333,0.18518518518518517,0.14814814814814814,0.07407407407407407,0.09259259259259259,0.1111111111111111,0.0,0.0,1.0,0.0,0.0,0.25,0.6875,0.0,0.0,0.0,0.0,0.0,0.0,0.0,0.0,0.0,0.0,1.0,0.0,0.0,0.0,1.0,0.0,0.0,0.75,0.25,0.25,1.0,1.0,0.0,1.0,1.0,0.0
0.6666666666666666,0.07407407407407407,0.037037037037037035,0.1111111111111111,0.12962962962962962,0.14814814814814814,1.0,0.25,1.0,0.0,0.0,0.25,0.5,0.0,1.0,0.0,0.0,0.0,0.0,0.0,0.0,0.0,0.0,1.0,0.0,1.0,0.0,0.0,1.0,0.0,1.0,0.0,0.0,1.0,1.0,0.0,1.0,1.0,0.0
0.6666666666666666,0.037037037037037035,0.0,0.1111111111111111,0.12962962962962962,0.14814814814814814,0.0,0.0,1.0,0.0,0.0,0.25,0.625,0.0,0.0,1.0,0.0,0.0,0.0,0.0,0.0,0.0,1.0,0.0,1.0,0.0,1.0,0.0,0.0,0.0,0.0,0.0,0.0,1.0,1.0,0.0,1.0,1.0,0.0
0.0,0.1111111111111111,0.07407407407407407,0.14814814814814814,0.14814814814814814,0.14814814814814814,1.0,0.25,1.0,0.0,0.0,0.25,0.3125,0.0,0.0,0.0,0.0,0.0,0.0,0.0,0.0,0.0,0.0,0.0,0.0,0.0,0.0,0.0,0.0,0.0,1.0,0.0,1.0,1.0,1.0,0.0,1.0,1.0,0.0
0.3333333333333333,0.14814814814814814,0.14814814814814814,0.07407407407407407,0.07407407407407407,0.07407407407407407,1.0,0.25,1.0,0.0,1.0,0.0,0.0,0.0,0.0,0.0,0.0,0.0,0.0,0.0,0.0,0.0,0.0,1.0,0.0,0.0,0.0,1.0,0.0,0.0,0.75,0.25,0.25,1.0,1.0,0.0,1.0,1.0,0.0
0.0,0.07407407407407407,0.037037037037037035,0.14814814814814814,0.14814814814814814,0.14814814814814814,0.0,0.0,1.0,0.0,0.0,0.25,0.8125,0.0,0.0,0.0,0.0,0.0,0.0,0.0,0.0,0.0,0.0,0.0,0.0,0.0,0.0,0.0,0.0,0.0,1.0,0.0,1.0,1.0,1.0,0.0,1.0,1.0,0.0
0.3333333333333333,0.14814814814814814,0.1111111111111111,0.037037037037037035,0.037037037037037035,0.037037037037037035,1.0,0.25,1.0,0.0,0.0,0.25,0.625,0.0,0.0,1.0,0.0,0.0,0.0,0.0,0.0,0.0,0.0,1.0,0.0,0.0,0.0,1.0,0.0,0.0,1.0,0.3333333333333333,0.3333333333333333,1.0,1.0,0.0,1.0,1.0,0.0
0.0,0.037037037037037035,0.037037037037037035,0.1111111111111111,0.1111111111111111,0.1111111111111111,1.0,0.25,1.0,0.0,1.0,0.0,0.0,0.0,0.0,0.0,0.0,0.0,0.0,0.0,0.0,0.0,0.0,0.0,0.0,0.0,0.0,0.0,0.0,0.0,1.0,0.0,1.0,1.0,1.0,0.0,1.0,1.0,0.0
0.3333333333333333,0.1111111111111111,0.07407407407407407,0.037037037037037035,0.037037037037037035,0.037037037037037035,0.0,0.0,1.0,0.0,0.0,0.25,0.9375,0.0,0.0,0.0,1.0,0.0,0.0,0.0,0.0,0.0,0.0,1.0,0.0,0.0,0.0,1.0,0.0,0.0,1.0,0.5,0.0,1.0,1.0,0.0,1.0,1.0,0.0
0.0,0.037037037037037035,0.037037037037037035,0.07407407407407407,0.07407407407407407,0.07407407407407407,1.0,0.25,1.0,0.0,1.0,0.0,0.0,0.0,0.0,0.0,0.0,0.0,0.0,0.0,0.0,0.0,0.0,0.0,0.0,0.0,0.0,1.0,0.0,0.0,1.0,0.0,1.0,1.0,1.0,0.0,1.0,1.0,0.0
0.3333333333333333,0.07407407407407407,0.037037037037037035,0.037037037037037035,0.037037037037037035,0.037037037037037035,0.0,0.0,1.0,0.0,0.0,0.25,0.5,0.0,1.0,0.0,0.0,0.0,0.0,0.0,0.0,0.0,0.0,1.0,0.0,1.0,0.0,1.0,1.0,0.0,1.0,0.0,0.0,1.0,1.0,0.0,1.0,1.0,0.0
0.3333333333333333,0.037037037037037035,0.0,0.037037037037037035,0.037037037037037035,0.037037037037037035,0.0,0.0,1.0,0.0,0.0,0.25,0.625,0.0,0.0,1.0,0.0,0.0,0.0,0.0,0.0,0.0,1.0,0.0,1.0,0.0,1.0,1.0,0.0,0.0,0.0,0.0,0.0,1.0,1.0,0.0,1.0,1.0,0.0
0.0,0.48148148148148145,0.3333333333333333,0.48148148148148145,0.48148148148148145,0.48148148148148145,0.0,0.0,0.0,0.0,0.0,1.0,0.8125,0.0,0.0,1.0,0.0,0.0,0.0,0.0,0.0,1.0,0.0,0.0,0.0,0.0,0.0,0.0,0.0,0.0,0.7777777777777778,0.4444444444444444,0.2222222222222222,1.0,1.0,1.0,1.0,1.0,0.0
1.0,0.48148148148148145,0.48148148148148145,0.3333333333333333,0.43209876543209874,0.48148148148148145,1.0,1.0,0.0,0.0,1.0,0.0,0.0,0.0,0.0,0.0,0.0,0.0,0.0,0.0,0.0,0.0,0.0,0.0,0.0,0.0,0.0,0.0,0.0,0.0,0.6923076923076923,0.5384615384615384,0.15384615384615385,1.0,1.0,1.0,1.0,1.0,0.0
0.6666666666666666,0.48148148148148145,0.48148148148148145,0.3333333333333333,0.43209876543209874,0.48148148148148145,1.0,1.0,0.0,0.0,1.0,0.0,0.0,0.0,0.0,0.0,0.0,0.0,0.0,0.0,0.0,0.0,0.0,0.0,0.0,0.0,0.0,0.0,0.0,0.0,0.6153846153846154,0.3076923076923077,0.38461538461538464,1.0,1.0,1.0,1.0,1.0,0.0
0.3333333333333333,0.48148148148148145,0.48148148148148145,0.3333333333333333,0.43209876543209874,0.48148148148148145,1.0,1.0,0.0,0.0,1.0,0.0,0.0,0.0,0.0,0.0,0.0,0.0,0.0,0.0,0.0,0.0,0.0,1.0,0.0,0.0,0.0,0.0,0.0,0.0,0.6153846153846154,0.6923076923076923,0.15384615384615385,1.0,1.0,1.0,1.0,1.0,0.0
0.0,0.3333333333333333,0.25925925925925924,0.48148148148148145,0.48148148148148145,0.48148148148148145,0.0,0.0,0.0,0.0,0.0,0.5,0.1875,0.0,0.0,0.0,0.0,0.0,1.0,0.0,0.0,0.0,0.0,0.0,0.0,0.0,0.0,0.0,0.0,0.0,0.8571428571428571,0.2857142857142857,0.2857142857142857,1.0,1.0,1.0,1.0,1.0,0.0
1.0,0.48148148148148145,0.4074074074074074,0.25925925925925924,0.4074074074074074,0.48148148148148145,1.0,0.5,0.0,0.0,0.0,0.5,0.4375,1.0,0.0,0.0,0.0,0.0,1.0,0.0,0.0,0.0,0.0,0.0,0.0,0.0,0.0,0.0,0.0,1.0,0.8181818181818182,0.45454545454545453,0.18181818181818182,1.0,1.0,1.0,1.0,1.0,0.0
0.6666666666666666,0.5555555555555556,0.48148148148148145,0.25925925925925924,0.35802469135802467,0.48148148148148145,1.0,0.5,0.0,0.0,0.0,0.5,0.8125,0.0,0.0,0.0,0.0,0.0,1.0,0.0,0.0,0.0,0.0,0.0,0.0,0.0,0.0,0.0,0.0,0.0,0.6923076923076923,0.46153846153846156,0.23076923076923078,1.0,1.0,1.0,1.0,1.0,0.0
0.3333333333333333,0.48148148148148145,0.48148148148148145,0.25925925925925924,0.35802469135802467,0.48148148148148145,1.0,0.5,0.0,0.0,1.0,0.0,0.0,0.0,0.0,0.0,0.0,0.0,0.0,0.0,0.0,0.0,0.0,1.0,0.0,0.0,0.0,0.0,0.0,0.0,0.6153846153846154,0.6923076923076923,0.15384615384615385,1.0,1.0,1.0,1.0,1.0,0.0
0.0,0.25925925925925924,0.18518518518518517,0.3333333333333333,0.43209876543209874,0.48148148148148145,1.0,0.5,0.0,0.0,0.0,0.5,0.9375,0.0,0.0,0.0,1.0,0.0,1.0,0.0,0.0,0.0,0.0,0.0,0.0,0.0,0.0,0.0,0.0,0.0,1.0,0.4,0.0,1.0,1.0,1.0,1.0,1.0,0.0
1.0,0.3333333333333333,0.3333333333333333,0.18518518518518517,0.3827160493827161,0.48148148148148145,1.0,0.5,0.0,0.0,1.0,0.0,0.0,0.0,0.0,0.0,0.0,0.0,0.0,0.0,0.0,0.0,0.0,0.0,0.0,0.0,0.0,0.0,0.0,0.0,0.8888888888888888,0.3333333333333333,0.2222222222222222,1.0,1.0,1.0,1.0,1.0,0.0
0.6666666666666666,0.48148148148148145,0.48148148148148145,0.18518518518518517,0.3333333333333333,0.48148148148148145,1.0,0.5,0.0,0.0,1.0,0.0,0.0,0.0,0.0,0.0,0.0,0.0,0.0,0.0,0.0,0.0,0.0,0.0,0.0,0.0,0.0,0.0,0.0,0.0,0.6923076923076923,0.46153846153846156,0.23076923076923078,1.0,1.0,1.0,1.0,1.0,0.0
0.0,0.18518518518518517,0.14814814814814814,0.3333333333333333,0.43209876543209874,0.48148148148148145,0.0,0.0,0.0,0.0,0.0,0.25,0.75,0.0,0.0,0.0,0.0,0.0,0.0,0.0,0.0,0.0,0.0,0.0,0.0,0.0,0.0,0.0,0.0,0.0,1.0,0.5,0.0,1.0,1.0,1.0,1.0,1.0,0.0
1.0,0.3333333333333333,0.2962962962962963,0.14814814814814814,0.37037037037037035,0.48148148148148145,1.0,0.25,0.0,0.0,0.0,0.25,0.875,0.0,0.0,0.0,0.0,0.0,0.0,0.0,0.0,0.0,0.0,0.0,0.0,0.0,0.0,0.0,0.0,0.0,0.875,0.375,0.125,1.0,1.0,1.0,1.0,1.0,0.0
0.6666666666666666,0.48148148148148145,0.48148148148148145,0.14814814814814814,0.308641975308642,0.48148148148148145,1.0,0.25,0.0,1.0,1.0,0.0,0.0,0.0,0.0,0.0,0.0,0.0,0.0,0.0,0.0,0.0,0.0,0.0,0.0,0.0,0.0,0.0,0.0,0.0,0.6923076923076923,0.46153846153846156,0.23076923076923078,1.0,1.0,1.0,1.0,1.0,0.0
0.3333333333333333,0.48148148148148145,0.48148148148148145,0.14814814814814814,0.308641975308642,0.48148148148148145,1.0,0.25,0.0,1.0,1.0,0.0,0.0,0.0,0.0,0.0,0.0,0.0,0.0,0.0,0.0,0.0,0.0,1.0,0.0,0.0,0.0,0.0,0.0,0.0,0.6153846153846154,0.6923076923076923,0.15384615384615385,1.0,1.0,1.0,1.0,1.0,0.0
0.0,0.14814814814814814,0.14814814814814814,0.2962962962962963,0.4197530864197531,0.48148148148148145,1.0,0.25,0.0,1.0,1.0,0.0,0.0,0.0,0.0,0.0,0.0,0.0,0.0,0.0,0.0,0.0,0.0,0.0,0.0,0.0,0.0,0.0,0.0,0.0,1.0,0.5,0.0,1.0,1.0,1.0,1.0,1.0,0.0
1.0,0.2962962962962963,0.2222222222222222,0.14814814814814814,0.37037037037037035,0.48148148148148145,0.0,0.0,0.0,0.0,0.0,0.5,0.75,0.0,0.0,0.0,0.0,0.0,1.0,0.0,0.0,0.0,0.0,0.0,0.0,0.0,0.0,0.0,0.0,0.0,1.0,0.5,0.16666666666666666,1.0,1.0,1.0,1.0,1.0,0.0
0.6666666666666666,0.48148148148148145,0.48148148148148145,0.14814814814814814,0.2839506172839506,0.48148148148148145,1.0,0.5,0.0,0.0,1.0,0.0,0.0,0.0,0.0,0.0,0.0,0.0,0.0,0.0,0.0,0.0,0.0,0.0,0.0,0.0,0.0,0.0,0.0,0.0,0.6923076923076923,0.46153846153846156,0.23076923076923078,1.0,1.0,1.0,1.0,1.0,0.0
0.3333333333333333,0.48148148148148145,0.48148148148148145,0.14814814814814814,0.2839506172839506,0.48148148148148145,1.0,0.5,0.0,0.0,1.0,0.0,0.0,0.0,0.0,0.0,0.0,0.0,0.0,0.0,0.0,0.0,0.0,1.0,0.0,0.0,0.0,0.0,0.0,0.0,0.6153846153846154,0.6923076923076923,0.15384615384615385,1.0,1.0,1.0,1.0,1.0,0.0
0.0,0.14814814814814814,0.14814814814814814,0.2222222222222222,0.3950617283950617,0.48148148148148145,1.0,0.5,0.0,0.0,1.0,0.0,0.0,0.0,0.0,0.0,0.0,0.0,0.0,0.0,0.0,0.0,0.0,0.0,0.0,0.0,0.0,0.0,0.0,0.0,1.0,0.5,0.0,1.0,1.0,1.0,1.0,1.0,0.0
1.0,0.2222222222222222,0.18518518518518517,0.14814814814814814,0.37037037037037035,0.48148148148148145,0.0,0.0,0.0,0.0,0.0,0.25,0.5,0.0,1.0,0.0,0.0,0.0,0.0,0.0,0.0,0.0,0.0,0.0,0.0,0.0,0.0,0.0,1.0,0.0,1.0,0.4,0.2,1.0,1.0,1.0,1.0,1.0,0.0
1.0,0.18518518518518517,0.14814814814814814,0.14814814814814814,0.37037037037037035,0.48148148148148145,0.0,0.0,0.0,0.0,0.0,0.25,0.3125,0.0,0.0,0.0,0.0,0.0,0.0,0.0,0.0,0.0,0.0,0.0,0.0,0.0,0.0,0.0,0.0,0.0,1.0,0.25,0.25,1.0,1.0,1.0,1.0,1.0,0.0
0.6666666666666666,0.48148148148148145,0.4444444444444444,0.14814814814814814,0.25925925925925924,0.48148148148148145,1.0,0.25,0.0,0.0,0.0,0.25,0.9375,0.0,0.0,0.0,1.0,0.0,0.0,0.0,0.0,0.0,0.0,0.0,0.0,0.0,0.0,0.0,0.0,0.0,0.6666666666666666,0.5,0.16666666666666666,1.0,1.0,1.0,1.0,1.0,0.0
0.3333333333333333,0.48148148148148145,0.48148148148148145,0.14814814814814814,0.2469135802469136,0.4444444444444444,1.0,0.25,0.0,0.0,1.0,0.0,0.0,0.0,0.0,0.0,0.0,0.0,0.0,0.0,0.0,0.0,0.0,1.0,0.0,0.0,0.0,0.0,0.0,0.0,0.6153846153846154,0.6923076923076923,0.15384615384615385,1.0,1.0,1.0,1.0,1.0,0.0
0.0,0.14814814814814814,0.14814814814814814,0.14814814814814814,0.35802469135802467,0.48148148148148145,1.0,0.25,0.0,0.0,1.0,0.0,0.0,0.0,0.0,0.0,0.0,0.0,0.0,0.0,0.0,0.0,0.0,0.0,0.0,0.0,0.0,0.0,0.0,0.0,1.0,0.5,0.0,1.0,1.0,1.0,1.0,1.0,0.0
1.0,0.14814814814814814,0.14814814814814814,0.14814814814814814,0.35802469135802467,0.48148148148148145,1.0,0.25,0.0,0.0,1.0,0.0,0.0,0.0,0.0,0.0,0.0,0.0,0.0,0.0,0.0,0.0,0.0,0.0,0.0,0.0,0.0,0.0,0.0,0.0,1.0,0.25,0.25,1.0,1.0,1.0,1.0,1.0,0.0
0.6666666666666666,0.4444444444444444,0.3333333333333333,0.14814814814814814,0.25925925925925924,0.48148148148148145,0.0,0.0,0.0,0.0,0.0,0.75,0.6875,0.0,0.0,1.0,0.0,0.0,0.0,0.0,0.0,1.0,0.0,0.0,0.0,0.0,0.0,0.0,0.0,0.0,0.6666666666666666,0.6666666666666666,0.2222222222222222,1.0,1.0,1.0,1.0,1.0,0.0
0.3333333333333333,0.48148148148148145,0.48148148148148145,0.14814814814814814,0.20987654320987656,0.3333333333333333,1.0,0.75,0.0,0.0,1.0,0.0,0.0,0.0,0.0,0.0,0.0,0.0,0.0,0.0,0.0,0.0,0.0,1.0,0.0,0.0,0.0,0.0,0.0,0.0,0.6153846153846154,0.6923076923076923,0.15384615384615385,1.0,1.0,1.0,1.0,1.0,0.0
0.0,0.14814814814814814,0.14814814814814814,0.14814814814814814,0.32098765432098764,0.48148148148148145,1.0,0.75,0.0,0.0,1.0,0.0,0.0,0.0,0.0,0.0,0.0,0.0,0.0,0.0,0.0,0.0,0.0,0.0,0.0,0.0,0.0,0.0,0.0,0.0,1.0,0.5,0.0,1.0,1.0,1.0,1.0,1.0,0.0
1.0,0.14814814814814814,0.14814814814814814,0.14814814814814814,0.32098765432098764,0.48148148148148145,1.0,0.75,0.0,0.0,1.0,0.0,0.0,0.0,0.0,0.0,0.0,0.0,0.0,0.0,0.0,0.0,0.0,0.0,0.0,0.0,0.0,0.0,0.0,0.0,1.0,0.25,0.25,1.0,1.0,1.0,1.0,1.0,0.0
0.6666666666666666,0.3333333333333333,0.25925925925925924,0.14814814814814814,0.25925925925925924,0.48148148148148145,0.0,0.0,0.0,0.0,0.0,0.5,0.1875,0.0,0.0,0.0,0.0,0.0,1.0,0.0,0.0,0.0,0.0,0.0,0.0,0.0,0.0,0.0,0.0,0.0,0.7142857142857143,0.5714285714285714,0.2857142857142857,1.0,1.0,1.0,1.0,1.0,0.0
0.3333333333333333,0.48148148148148145,0.4074074074074074,0.14814814814814814,0.18518518518518517,0.25925925925925924,1.0,0.5,0.0,0.0,0.0,0.5,0.5,0.0,1.0,0.0,0.0,0.0,1.0,0.0,0.0,0.0,0.0,1.0,0.0,0.0,0.0,0.0,1.0,0.0,0.7272727272727273,0.6363636363636364,0.18181818181818182,1.0,1.0,1.0,1.0,1.0,0.0
0.3333333333333333,0.4074074074074074,0.2962962962962963,0.14814814814814814,0.18518518518518517,0.25925925925925924,0.0,0.0,0.0,0.0,0.0,0.75,0.375,0.0,0.0,0.0,0.0,0.0,0.0,1.0,0.0,0.0,0.0,1.0,0.0,0.0,0.0,0.0,0.0,0.0,0.875,0.5,0.25,1.0,1.0,1.0,1.0,1.0,0.0
0.0,0.14814814814814814,0.14814814814814814,0.14814814814814814,0.2345679012345679,0.2962962962962963,1.0,0.75,0.0,0.0,1.0,0.0,0.0,0.0,0.0,0.0,0.0,0.0,0.0,0.0,0.0,0.0,0.0,0.0,0.0,0.0,0.0,0.0,0.0,0.0,1.0,0.5,0.0,1.0,1.0,1.0,1.0,1.0,0.0
1.0,0.14814814814814814,0.14814814814814814,0.14814814814814814,0.2345679012345679,0.2962962962962963,1.0,0.75,0.0,0.0,1.0,0.0,0.0,0.0,0.0,0.0,0.0,0.0,0.0,0.0,0.0,0.0,0.0,0.0,0.0,0.0,0.0,0.0,0.0,0.0,1.0,0.25,0.25,1.0,1.0,1.0,1.0,1.0,0.0
0.6666666666666666,0.25925925925925924,0.25925925925925924,0.14814814814814814,0.19753086419753085,0.2962962962962963,1.0,0.75,0.0,0.0,1.0,0.0,0.0,0.0,0.0,0.0,0.0,0.0,0.0,0.0,0.0,0.0,0.0,0.0,0.0,0.0,0.0,0.0,0.0,0.0,0.7142857142857143,0.5714285714285714,0.2857142857142857,1.0,1.0,1.0,1.0,1.0,0.0
0.3333333333333333,0.2962962962962963,0.25925925925925924,0.14814814814814814,0.18518518518518517,0.25925925925925924,0.0,0.0,0.0,0.0,0.0,0.25,0.25,0.0,0.0,0.0,0.0,0.0,0.0,0.0,0.0,0.0,0.0,1.0,0.0,0.0,0.0,0.0,0.0,0.0,0.8571428571428571,0.42857142857142855,0.2857142857142857,1.0,1.0,1.0,1.0,1.0,0.0
0.0,0.14814814814814814,0.1111111111111111,0.14814814814814814,0.2222222222222222,0.25925925925925924,1.0,0.25,0.0,0.0,0.0,0.25,0.375,0.0,0.0,0.0,0.0,0.0,0.0,0.0,0.0,0.0,0.0,0.0,0.0,0.0,0.0,0.0,0.0,0.0,1.0,0.3333333333333333,0.0,1.0,1.0,1.0,1.0,1.0,0.0
1.0,0.14814814814814814,0.14814814814814814,0.1111111111111111,0.20987654320987656,0.25925925925925924,1.0,0.25,0.0,1.0,1.0,0.0,0.0,0.0,0.0,0.0,0.0,0.0,0.0,0.0,0.0,0.0,0.0,0.0,0.0,0.0,0.0,0.0,0.0,0.0,1.0,0.25,0.25,1.0,1.0,1.0,1.0,1.0,0.0
0.6666666666666666,0.25925925925925924,0.2222222222222222,0.1111111111111111,0.17283950617283952,0.25925925925925924,1.0,0.25,0.0,1.0,0.0,0.25,0.5625,0.0,0.0,0.0,0.0,0.0,0.0,0.0,0.0,0.0,0.0,0.0,0.0,0.0,0.0,0.0,0.0,0.0,0.6666666666666666,0.6666666666666666,0.3333333333333333,1.0,1.0,1.0,1.0,1.0,0.0
0.3333333333333333,0.25925925925925924,0.25925925925925924,0.1111111111111111,0.16049382716049382,0.2222222222222222,1.0,0.25,0.0,1.0,1.0,0.0,0.0,0.0,0.0,0.0,0.0,0.0,0.0,0.0,0.0,0.0,0.0,1.0,0.0,0.0,0.0,0.0,0.0,0.0,0.8571428571428571,0.42857142857142855,0.2857142857142857,1.0,1.0,1.0,1.0,1.0,0.0
0.0,0.1111111111111111,0.1111111111111111,0.14814814814814814,0.20987654320987656,0.25925925925925924,1.0,0.25,0.0,1.0,1.0,0.0,0.0,0.0,0.0,0.0,0.0,0.0,0.0,0.0,0.0,0.0,0.0,0.0,0.0,0.0,0.0,0.0,0.0,0.0,1.0,0.3333333333333333,0.0,1.0,1.0,1.0,1.0,1.0,0.0
0.6666666666666666,0.2222222222222222,0.18518518518518517,0.1111111111111111,0.17283950617283952,0.25925925925925924,0.0,0.0,0.0,0.0,0.0,0.25,0.8125,0.0,0.0,0.0,0.0,0.0,0.0,0.0,0.0,0.0,0.0,0.0,0.0,0.0,0.0,0.0,0.0,0.0,0.6,0.8,0.2,1.0,1.0,1.0,1.0,1.0,0.0
0.3333333333333333,0.25925925925925924,0.25925925925925924,0.1111111111111111,0.14814814814814814,0.18518518518518517,1.0,0.25,0.0,0.0,1.0,0.0,0.0,0.0,0.0,0.0,0.0,0.0,0.0,0.0,0.0,0.0,0.0,1.0,0.0,0.0,0.0,0.0,0.0,0.0,0.8571428571428571,0.42857142857142855,0.2857142857142857,1.0,1.0,1.0,1.0,1.0,0.0
0.0,0.1111111111111111,0.1111111111111111,0.14814814814814814,0.19753086419753085,0.25925925925925924,1.0,0.25,0.0,0.0,1.0,0.0,0.0,0.0,0.0,0.0,0.0,0.0,0.0,0.0,0.0,0.0,0.0,0.0,0.0,0.0,0.0,0.0,0.0,0.0,1.0,0.3333333333333333,0.0,1.0,1.0,1.0,1.0,1.0,0.0
1.0,0.14814814814814814,0.1111111111111111,0.1111111111111111,0.18518518518518517,0.25925925925925924,1.0,0.25,0.0,0.0,0.0,0.25,0.9375,0.0,0.0,0.0,1.0,0.0,0.0,0.0,0.0,0.0,0.0,0.0,0.0,0.0,0.0,0.0,0.0,0.0,1.0,0.3333333333333333,0.0,1.0,1.0,1.0,1.0,1.0,0.0
0.6666666666666666,0.18518518518518517,0.18518518518518517,0.1111111111111111,0.16049382716049382,0.25925925925925924,1.0,0.25,0.0,1.0,1.0,0.0,0.0,0.0,0.0,0.0,0.0,0.0,0.0,0.0,0.0,0.0,0.0,0.0,0.0,0.0,0.0,0.0,0.0,0.0,0.6,0.8,0.2,1.0,1.0,1.0,1.0,1.0,0.0
1.0,0.1111111111111111,0.07407407407407407,0.1111111111111111,0.18518518518518517,0.25925925925925924,0.0,0.0,0.0,0.0,0.0,0.25,0.4375,1.0,0.0,0.0,0.0,0.0,0.0,0.0,0.0,0.0,0.0,0.0,0.0,0.0,0.0,0.0,0.0,1.0,1.0,0.0,0.0,1.0,1.0,1.0,1.0,1.0,0.0
0.6666666666666666,0.2222222222222222,0.18518518518518517,0.037037037037037035,0.13580246913580246,0.25925925925925924,1.0,0.25,0.0,0.0,0.0,0.25,0.5625,0.0,0.0,0.0,0.0,0.0,0.0,0.0,0.0,0.0,0.0,0.0,0.0,0.0,0.0,1.0,0.0,0.0,0.6,0.8,0.2,1.0,1.0,1.0,1.0,1.0,0.0
0.3333333333333333,0.25925925925925924,0.2222222222222222,0.037037037037037035,0.1111111111111111,0.18518518518518517,1.0,0.25,0.0,0.0,0.0,0.25,0.875,0.0,0.0,0.0,0.0,0.0,0.0,0.0,0.0,0.0,0.0,1.0,0.0,0.0,0.0,1.0,0.0,0.0,1.0,0.5,0.16666666666666666,1.0,1.0,1.0,1.0,1.0,0.0
0.0,0.1111111111111111,0.1111111111111111,0.037037037037037035,0.14814814814814814,0.2222222222222222,1.0,0.25,0.0,1.0,1.0,0.0,0.0,0.0,0.0,0.0,0.0,0.0,0.0,0.0,0.0,0.0,0.0,0.0,0.0,0.0,0.0,1.0,0.0,0.0,1.0,0.3333333333333333,0.0,1.0,1.0,1.0,1.0,1.0,0.0
1.0,0.037037037037037035,0.037037037037037035,0.1111111111111111,0.17283950617283952,0.2222222222222222,1.0,0.25,0.0,1.0,1.0,0.0,0.0,0.0,0.0,0.0,0.0,0.0,0.0,0.0,0.0,0.0,0.0,0.0,0.0,0.0,0.0,0.0,0.0,0.0,1.0,0.0,0.0,1.0,1.0,1.0,1.0,1.0,0.0
0.6666666666666666,0.18518518518518517,0.18518518518518517,0.037037037037037035,0.1234567901234568,0.2222222222222222,1.0,0.25,0.0,1.0,1.0,0.0,0.0,0.0,0.0,0.0,0.0,0.0,0.0,0.0,0.0,0.0,0.0,0.0,0.0,0.0,0.0,1.0,0.0,0.0,0.6,0.8,0.2,1.0,1.0,1.0,1.0,1.0,0.0
0.3333333333333333,0.2222222222222222,0.18518518518518517,0.037037037037037035,0.1111111111111111,0.18518518518518517,0.0,0.0,0.0,0.0,0.0,0.25,0.3125,0.0,0.0,0.0,0.0,0.0,0.0,0.0,0.0,0.0,0.0,1.0,0.0,0.0,0.0,1.0,0.0,0.0,1.0,0.4,0.2,1.0,1.0,1.0,1.0,1.0,0.0
0.0,0.1111111111111111,0.07407407407407407,0.037037037037037035,0.13580246913580246,0.18518518518518517,1.0,0.25,0.0,0.0,0.0,0.25,0.5625,0.0,0.0,0.0,0.0,0.0,0.0,0.0,0.0,0.0,0.0,0.0,0.0,0.0,0.0,1.0,0.0,0.0,1.0,0.5,0.0,1.0,1.0,1.0,1.0,1.0,0.0
1.0,0.037037037037037035,0.0,0.07407407407407407,0.14814814814814814,0.18518518518518517,1.0,0.25,0.0,0.0,0.0,0.25,0.6875,0.0,0.0,0.0,0.0,0.0,0.0,0.0,0.0,0.0,1.0,0.0,0.0,0.0,0.0,1.0,0.0,0.0,0.0,0.0,0.0,1.0,1.0,1.0,1.0,1.0,0.0
0.6666666666666666,0.18518518518518517,0.18518518518518517,0.07407407407407407,0.12962962962962962,0.18518518518518517,1.0,0.25,0.0,1.0,1.0,0.0,0.0,0.0,0.0,0.0,0.0,0.0,0.0,0.0,0.0,0.0,0.0,0.0,0.0,0.0,0.0,1.0,0.0,0.0,0.6,0.8,0.2,1.0,1.0,1.0,1.0,1.0,0.0
0.3333333333333333,0.18518518518518517,0.18518518518518517,0.07407407407407407,0.12962962962962962,0.18518518518518517,1.0,0.25,0.0,1.0,1.0,0.0,0.0,0.0,0.0,0.0,0.0,0.0,0.0,0.0,0.0,0.0,0.0,1.0,0.0,0.0,0.0,1.0,0.0,0.0,1.0,0.4,0.2,1.0,1.0,1.0,1.0,1.0,0.0
0.0,0.07407407407407407,0.07407407407407407,0.18518518518518517,0.18518518518518517,0.18518518518518517,1.0,0.25,0.0,1.0,1.0,0.0,0.0,0.0,0.0,0.0,0.0,0.0,0.0,0.0,0.0,0.0,0.0,0.0,0.0,0.0,0.0,0.0,0.0,0.0,1.0,0.5,0.0,1.0,1.0,1.0,1.0,1.0,0.0
0.6666666666666666,0.18518518518518517,0.1111111111111111,0.07407407407407407,0.12962962962962962,0.18518518518518517,0.0,0.0,0.0,0.0,0.0,0.5,0.3125,0.0,0.0,0.0,0.0,0.0,1.0,0.0,0.0,0.0,0.0,0.0,0.0,0.0,0.0,1.0,0.0,0.0,0.6666666666666666,0.6666666666666666,0.3333333333333333,1.0,1.0,1.0,1.0,1.0,0.0
0.3333333333333333,0.18518518518518517,0.18518518518518517,0.07407407407407407,0.09259259259259259,0.1111111111111111,1.0,0.5,0.0,0.0,1.0,0.0,0.0,0.0,0.0,0.0,0.0,0.0,0.0,0.0,0.0,0.0,0.0,1.0,0.0,0.0,0.0,1.0,0.0,0.0,1.0,0.4,0.2,1.0,1.0,1.0,1.0,1.0,0.0
0.0,0.07407407407407407,0.07407407407407407,0.1111111111111111,0.14814814814814814,0.18518518518518517,1.0,0.5,0.0,0.0,1.0,0.0,0.0,0.0,0.0,0.0,0.0,0.0,0.0,0.0,0.0,0.0,0.0,0.0,0.0,0.0,0.0,0.0,0.0,0.0,1.0,0.5,0.0,1.0,1.0,1.0,1.0,1.0,0.0
0.6666666666666666,0.1111111111111111,0.037037037037037035,0.07407407407407407,0.12962962962962962,0.18518518518518517,0.0,0.0,0.0,0.0,0.0,0.5,0.25,0.0,0.0,0.0,0.0,0.0,1.0,0.0,0.0,0.0,0.0,0.0,0.0,0.0,0.0,1.0,0.0,0.0,1.0,0.0,1.0,1.0,1.0,1.0,1.0,1.0,0.0
0.3333333333333333,0.18518518518518517,0.18518518518518517,0.037037037037037035,0.05555555555555555,0.07407407407407407,1.0,0.5,0.0,0.0,1.0,0.0,0.0,0.0,0.0,0.0,0.0,0.0,0.0,0.0,0.0,0.0,0.0,1.0,0.0,0.0,0.0,1.0,0.0,0.0,1.0,0.4,0.2,1.0,1.0,1.0,1.0,1.0,0.0
0.0,0.07407407407407407,0.07407407407407407,0.037037037037037035,0.1111111111111111,0.18518518518518517,1.0,0.5,0.0,0.0,1.0,0.0,0.0,0.0,0.0,0.0,0.0,0.0,0.0,0.0,0.0,0.0,0.0,0.0,0.0,0.0,0.0,1.0,0.0,0.0,1.0,0.5,0.0,1.0,1.0,1.0,1.0,1.0,0.0
0.6666666666666666,0.037037037037037035,0.0,0.07407407407407407,0.12962962962962962,0.18518518518518517,0.0,0.0,0.0,0.0,0.0,0.25,0.875,0.0,0.0,0.0,0.0,0.0,0.0,0.0,0.0,0.0,1.0,0.0,0.0,0.0,0.0,1.0,0.0,0.0,0.0,0.0,0.0,1.0,1.0,1.0,1.0,1.0,0.0
0.3333333333333333,0.18518518518518517,0.18518518518518517,0.07407407407407407,0.07407407407407407,0.07407407407407407,1.0,0.25,0.0,0.0,1.0,0.0,0.0,0.0,0.0,0.0,0.0,0.0,0.0,0.0,0.0,0.0,0.0,1.0,0.0,0.0,0.0,1.0,0.0,0.0,1.0,0.4,0.2,1.0,1.0,1.0,1.0,1.0,0.0
0.0,0.07407407407407407,0.07407407407407407,0.18518518518518517,0.18518518518518517,0.18518518518518517,1.0,0.25,0.0,0.0,1.0,0.0,0.0,0.0,0.0,0.0,0.0,0.0,0.0,0.0,0.0,0.0,0.0,0.0,0.0,0.0,0.0,0.0,0.0,0.0,1.0,0.5,0.0,1.0,1.0,1.0,1.0,1.0,0.0
0.3333333333333333,0.18518518518518517,0.14814814814814814,0.07407407407407407,0.07407407407407407,0.07407407407407407,0.0,0.0,0.0,0.0,0.0,0.25,0.6875,0.0,0.0,0.0,0.0,0.0,0.0,0.0,0.0,0.0,0.0,1.0,0.0,0.0,0.0,1.0,0.0,0.0,1.0,0.5,0.25,1.0,1.0,1.0,1.0,1.0,0.0
0.0,0.07407407407407407,0.07407407407407407,0.14814814814814814,0.14814814814814814,0.14814814814814814,1.0,0.25,0.0,0.0,1.0,0.0,0.0,0.0,0.0,0.0,0.0,0.0,0.0,0.0,0.0,0.0,0.0,0.0,0.0,0.0,0.0,0.0,0.0,0.0,1.0,0.5,0.0,1.0,1.0,1.0,1.0,1.0,0.0
0.3333333333333333,0.14814814814814814,0.1111111111111111,0.07407407407407407,0.07407407407407407,0.07407407407407407,0.0,0.0,0.0,0.0,0.0,0.25,0.4375,1.0,0.0,0.0,0.0,0.0,0.0,0.0,0.0,0.0,0.0,1.0,0.0,0.0,0.0,1.0,0.0,1.0,1.0,0.3333333333333333,0.3333333333333333,1.0,1.0,1.0,1.0,1.0,0.0
0.0,0.1111111111111111,0.07407407407407407,0.07407407407407407,0.07407407407407407,0.07407407407407407,1.0,0.25,0.0,0.0,0.0,0.25,0.875,0.0,0.0,0.0,0.0,0.0,0.0,0.0,0.0,0.0,0.0,0.0,0.0,0.0,0.0,1.0,0.0,0.0,1.0,0.5,0.0,1.0,1.0,1.0,1.0,1.0,0.0
0.3333333333333333,0.07407407407407407,0.07407407407407407,0.07407407407407407,0.07407407407407407,0.07407407407407407,1.0,0.25,0.0,0.0,1.0,0.0,0.0,0.0,0.0,0.0,0.0,0.0,0.0,0.0,0.0,0.0,0.0,1.0,0.0,0.0,0.0,1.0,0.0,0.0,1.0,0.5,0.0,1.0,1.0,1.0,1.0,1.0,0.0
0.0,0.07407407407407407,0.037037037037037035,0.07407407407407407,0.07407407407407407,0.07407407407407407,0.0,0.0,0.0,0.0,0.0,0.25,0.25,0.0,0.0,0.0,0.0,0.0,0.0,0.0,0.0,0.0,0.0,0.0,0.0,0.0,0.0,1.0,0.0,0.0,1.0,0.0,0.0,1.0,1.0,1.0,1.0,1.0,0.0
0.3333333333333333,0.07407407407407407,0.037037037037037035,0.037037037037037035,0.037037037037037035,0.037037037037037035,1.0,0.25,0.0,0.0,0.0,0.25,0.5,0.0,1.0,0.0,0.0,0.0,0.0,0.0,0.0,0.0,0.0,1.0,0.0,1.0,0.0,1.0,1.0,0.0,1.0,0.0,0.0,1.0,1.0,1.0,1.0,1.0,0.0
0.3333333333333333,0.037037037037037035,0.0,0.037037037037037035,0.037037037037037035,0.037037037037037035,0.0,0.0,0.0,0.0,0.0,0.25,0.625,0.0,0.0,1.0,0.0,0.0,0.0,0.0,0.0,0.0,1.0,0.0,1.0,0.0,1.0,1.0,0.0,0.0,0.0,0.0,0.0,1.0,1.0,1.0,1.0,1.0,0.0
0.0,0.48148148148148145,0.4074074074074074,0.48148148148148145,0.48148148148148145,0.48148148148148145,0.0,0.0,0.0,0.0,0.0,0.5,0.3125,0.0,0.0,0.0,0.0,0.0,1.0,0.0,0.0,0.0,0.0,1.0,0.0,0.0,0.0,0.0,0.0,0.0,0.7272727272727273,0.5454545454545454,0.2727272727272727,1.0,1.0,1.0,0.0,1.0,0.0
0.3333333333333333,0.48148148148148145,0.4074074074074074,0.4074074074074074,0.45679012345679015,0.48148148148148145,1.0,0.5,0.0,0.0,0.0,0.5,0.6875,0.0,0.0,0.0,0.0,0.0,1.0,0.0,0.0,0.0,0.0,1.0,0.0,0.0,0.0,0.0,0.0,0.0,0.8181818181818182,0.45454545454545453,0.36363636363636365,1.0,1.0,1.0,0.0,1.0,0.0
1.0,0.48148148148148145,0.4074074074074074,0.4074074074074074,0.43209876543209874,0.48148148148148145,1.0,0.5,0.0,0.0,0.0,0.5,0.75,0.0,0.0,0.0,0.0,0.0,1.0,0.0,0.0,0.0,0.0,1.0,0.0,0.0,0.0,0.0,0.0,0.0,0.8181818181818182,0.2727272727272727,0.2727272727272727,1.0,1.0,1.0,0.0,1.0,0.0
0.6666666666666666,0.48148148148148145,0.48148148148148145,0.4074074074074074,0.4074074074074074,0.4074074074074074,1.0,0.5,0.0,0.0,1.0,0.0,0.0,0.0,0.0,0.0,0.0,0.0,0.0,0.0,0.0,0.0,0.0,0.0,0.0,0.0,0.0,0.0,0.0,0.0,0.6923076923076923,0.6153846153846154,0.15384615384615385,1.0,1.0,1.0,0.0,1.0,0.0
0.0,0.4074074074074074,0.4074074074074074,0.4074074074074074,0.43209876543209874,0.48148148148148145,1.0,0.5,0.0,0.0,1.0,0.0,0.0,0.0,0.0,0.0,0.0,0.0,0.0,0.0,0.0,0.0,0.0,1.0,0.0,0.0,0.0,0.0,0.0,0.0,0.7272727272727273,0.5454545454545454,0.2727272727272727,1.0,1.0,1.0,0.0,1.0,0.0
0.3333333333333333,0.4074074074074074,0.3333333333333333,0.4074074074074074,0.43209876543209874,0.48148148148148145,1.0,0.5,0.0,0.0,0.0,0.5,0.9375,0.0,0.0,0.0,1.0,0.0,1.0,0.0,0.0,0.0,0.0,1.0,0.0,0.0,0.0,0.0,0.0,0.0,1.0,0.5555555555555556,0.2222222222222222,1.0,1.0,1.0,0.0,1.0,0.0
1.0,0.4074074074074074,0.4074074074074074,0.3333333333333333,0.4074074074074074,0.48148148148148145,1.0,0.5,0.0,0.0,1.0,0.0,0.0,0.0,0.0,0.0,0.0,0.0,0.0,0.0,0.0,0.0,0.0,1.0,0.0,0.0,0.0,0.0,0.0,0.0,0.8181818181818182,0.2727272727272727,0.2727272727272727,1.0,1.0,1.0,0.0,1.0,0.0
0.3333333333333333,0.3333333333333333,0.2962962962962963,0.4074074074074074,0.43209876543209874,0.48148148148148145,0.0,0.0,0.0,0.0,0.0,0.25,0.9375,0.0,0.0,0.0,1.0,0.0,0.0,0.0,0.0,0.0,0.0,1.0,0.0,0.0,0.0,0.0,0.0,0.0,1.0,0.625,0.125,1.0,1.0,1.0,0.0,1.0,0.0
1.0,0.4074074074074074,0.4074074074074074,0.2962962962962963,0.3950617283950617,0.48148148148148145,1.0,0.25,0.0,0.0,1.0,0.0,0.0,0.0,0.0,0.0,0.0,0.0,0.0,0.0,0.0,0.0,0.0,1.0,0.0,0.0,0.0,0.0,0.0,0.0,0.8181818181818182,0.2727272727272727,0.2727272727272727,1.0,1.0,1.0,0.0,1.0,0.0
0.6666666666666666,0.48148148148148145,0.48148148148148145,0.2962962962962963,0.37037037037037035,0.4074074074074074,1.0,0.25,0.0,0.0,1.0,0.0,0.0,0.0,0.0,0.0,0.0,0.0,0.0,0.0,0.0,0.0,0.0,0.0,0.0,0.0,0.0,0.0,0.0,0.0,0.6923076923076923,0.6153846153846154,0.15384615384615385,1.0,1.0,1.0,0.0,1.0,0.0
0.0,0.4074074074074074,0.4074074074074074,0.2962962962962963,0.3950617283950617,0.48148148148148145,1.0,0.25,0.0,0.0,1.0,0.0,0.0,0.0,0.0,0.0,0.0,0.0,0.0,0.0,0.0,0.0,0.0,1.0,0.0,0.0,0.0,0.0,0.0,0.0,0.7272727272727273,0.5454545454545454,0.2727272727272727,1.0,1.0,1.0,0.0,1.0,0.0
0.3333333333333333,0.2962962962962963,0.25925925925925924,0.4074074074074074,0.43209876543209874,0.48148148148148145,0.0,0.0,0.0,0.0,0.0,0.25,0.1875,0.0,0.0,0.0,0.0,0.0,0.0,0.0,0.0,0.0,0.0,1.0,0.0,0.0,0.0,0.0,0.0,0.0,1.0,0.5714285714285714,0.14285714285714285,1.0,1.0,1.0,0.0,1.0,0.0
1.0,0.4074074074074074,0.37037037037037035,0.25925925925925924,0.3827160493827161,0.48148148148148145,1.0,0.25,0.0,0.0,0.0,0.25,0.3125,0.0,0.0,0.0,0.0,0.0,0.0,0.0,0.0,0.0,0.0,1.0,0.0,0.0,0.0,0.0,0.0,0.0,0.8,0.2,0.3,1.0,1.0,1.0,0.0,1.0,0.0
0.6666666666666666,0.48148148148148145,0.4444444444444444,0.25925925925925924,0.34567901234567905,0.4074074074074074,1.0,0.25,0.0,1.0,0.0,0.25,0.375,0.0,0.0,0.0,0.0,0.0,0.0,0.0,0.0,0.0,0.0,0.0,0.0,0.0,0.0,0.0,0.0,0.0,0.6666666666666666,0.5833333333333334,0.16666666666666666,1.0,1.0,1.0,0.0,1.0,0.0
0.0,0.4074074074074074,0.37037037037037035,0.25925925925925924,0.35802469135802467,0.4444444444444444,1.0,0.25,0.0,1.0,0.0,0.25,0.8125,0.0,0.0,0.0,0.0,0.0,0.0,0.0,0.0,0.0,0.0,1.0,0.0,0.0,0.0,0.0,0.0,0.0,0.8,0.6,0.2,1.0,1.0,1.0,0.0,1.0,0.0
0.3333333333333333,0.25925925925925924,0.2222222222222222,0.37037037037037035,0.3950617283950617,0.4444444444444444,1.0,0.25,0.0,1.0,0.0,0.25,0.875,0.0,0.0,0.0,0.0,0.0,0.0,0.0,0.0,0.0,0.0,1.0,0.0,0.0,0.0,0.0,0.0,0.0,1.0,0.6666666666666666,0.0,1.0,1.0,1.0,0.0,1.0,0.0
1.0,0.37037037037037035,0.37037037037037035,0.2222222222222222,0.34567901234567905,0.4444444444444444,1.0,0.25,0.0,1.0,1.0,0.0,0.0,0.0,0.0,0.0,0.0,0.0,0.0,0.0,0.0,0.0,0.0,1.0,0.0,0.0,0.0,0.0,0.0,0.0,0.8,0.2,0.3,1.0,1.0,1.0,0.0,1.0,0.0
0.6666666666666666,0.4444444444444444,0.4444444444444444,0.2222222222222222,0.32098765432098764,0.37037037037037035,1.0,0.25,0.0,1.0,1.0,0.0,0.0,0.0,0.0,0.0,0.0,0.0,0.0,0.0,0.0,0.0,0.0,0.0,0.0,0.0,0.0,0.0,0.0,0.0,0.6666666666666666,0.5833333333333334,0.16666666666666666,1.0,1.0,1.0,0.0,1.0,0.0
0.0,0.37037037037037035,0.37037037037037035,0.2222222222222222,0.34567901234567905,0.4444444444444444,1.0,0.25,0.0,1.0,1.0,0.0,0.0,0.0,0.0,0.0,0.0,0.0,0.0,0.0,0.0,0.0,0.0,1.0,0.0,0.0,0.0,0.0,0.0,0.0,0.8,0.6,0.2,1.0,1.0,1.0,0.0,1.0,0.0
0.3333333333333333,0.2222222222222222,0.18518518518518517,0.37037037037037035,0.3950617283950617,0.4444444444444444,0.0,0.0,0.0,0.0,0.0,0.25,0.3125,0.0,0.0,0.0,0.0,0.0,0.0,0.0,0.0,0.0,0.0,1.0,0.0,0.0,0.0,0.0,0.0,0.0,1.0,0.6,0.0,1.0,1.0,1.0,0.0,1.0,0.0
1.0,0.37037037037037035,0.3333333333333333,0.18518518518518517,0.3333333333333333,0.4444444444444444,1.0,0.25,0.0,0.0,0.0,0.25,0.5625,0.0,0.0,0.0,0.0,0.0,0.0,0.0,0.0,0.0,0.0,1.0,0.0,0.0,0.0,0.0,0.0,0.0,0.8888888888888888,0.2222222222222222,0.3333333333333333,1.0,1.0,1.0,0.0,1.0,0.0
0.6666666666666666,0.4444444444444444,0.4074074074074074,0.18518518518518517,0.2962962962962963,0.37037037037037035,1.0,0.25,0.0,0.0,0.0,0.25,0.6875,0.0,0.0,0.0,0.0,0.0,0.0,0.0,0.0,0.0,0.0,0.0,0.0,0.0,0.0,0.0,0.0,0.0,0.6363636363636364,0.6363636363636364,0.18181818181818182,1.0,1.0,1.0,0.0,1.0,0.0
0.0,0.37037037037037035,0.3333333333333333,0.18518518518518517,0.308641975308642,0.4074074074074074,1.0,0.25,0.0,0.0,0.0,0.25,0.8125,0.0,0.0,0.0,0.0,0.0,0.0,0.0,0.0,0.0,0.0,1.0,0.0,0.0,0.0,0.0,0.0,0.0,0.7777777777777778,0.6666666666666666,0.1111111111111111,1.0,1.0,1.0,0.0,1.0,0.0
0.3333333333333333,0.18518518518518517,0.18518518518518517,0.3333333333333333,0.35802469135802467,0.4074074074074074,1.0,0.25,0.0,0.0,1.0,0.0,0.0,0.0,0.0,0.0,0.0,0.0,0.0,0.0,0.0,0.0,0.0,1.0,0.0,0.0,0.0,0.0,0.0,0.0,1.0,0.6,0.0,1.0,1.0,1.0,0.0,1.0,0.0
1.0,0.3333333333333333,0.2962962962962963,0.18518518518518517,0.308641975308642,0.4074074074074074,1.0,0.25,0.0,0.0,0.0,0.25,0.875,0.0,0.0,0.0,0.0,0.0,0.0,0.0,0.0,0.0,0.0,1.0,0.0,0.0,0.0,0.0,0.0,0.0,0.875,0.25,0.25,1.0,1.0,1.0,0.0,1.0,0.0
0.6666666666666666,0.4074074074074074,0.4074074074074074,0.18518518518518517,0.2716049382716049,0.3333333333333333,1.0,0.25,0.0,0.0,1.0,0.0,0.0,0.0,0.0,0.0,0.0,0.0,0.0,0.0,0.0,0.0,0.0,0.0,0.0,0.0,0.0,0.0,0.0,0.0,0.6363636363636364,0.6363636363636364,0.18181818181818182,1.0,1.0,1.0,0.0,1.0,0.0
0.0,0.3333333333333333,0.3333333333333333,0.18518518518518517,0.2962962962962963,0.4074074074074074,1.0,0.25,0.0,0.0,1.0,0.0,0.0,0.0,0.0,0.0,0.0,0.0,0.0,0.0,0.0,0.0,0.0,1.0,0.0,0.0,0.0,0.0,0.0,0.0,0.7777777777777778,0.6666666666666666,0.1111111111111111,1.0,1.0,1.0,0.0,1.0,0.0
1.0,0.2962962962962963,0.25925925925925924,0.18518518518518517,0.308641975308642,0.4074074074074074,0.0,0.0,0.0,0.0,0.0,0.25,0.8125,0.0,0.0,0.0,0.0,0.0,0.0,0.0,0.0,0.0,0.0,1.0,0.0,0.0,0.0,0.0,0.0,0.0,0.8571428571428571,0.2857142857142857,0.14285714285714285,1.0,1.0,1.0,0.0,1.0,0.0
0.6666666666666666,0.4074074074074074,0.37037037037037035,0.18518518518518517,0.25925925925925924,0.3333333333333333,1.0,0.25,0.0,0.0,0.0,0.25,0.875,0.0,0.0,0.0,0.0,0.0,0.0,0.0,0.0,0.0,0.0,0.0,0.0,0.0,0.0,0.0,0.0,0.0,0.6,0.7,0.1,1.0,1.0,1.0,0.0,1.0,0.0
0.0,0.3333333333333333,0.3333333333333333,0.18518518518518517,0.2716049382716049,0.37037037037037035,1.0,0.25,0.0,0.0,1.0,0.0,0.0,0.0,0.0,0.0,0.0,0.0,0.0,0.0,0.0,0.0,0.0,1.0,0.0,0.0,0.0,0.0,0.0,0.0,0.7777777777777778,0.6666666666666666,0.1111111111111111,1.0,1.0,1.0,0.0,1.0,0.0
0.3333333333333333,0.18518518518518517,0.18518518518518517,0.25925925925925924,0.32098765432098764,0.37037037037037035,1.0,0.25,0.0,0.0,1.0,0.0,0.0,0.0,0.0,0.0,0.0,0.0,0.0,0.0,0.0,0.0,0.0,1.0,0.0,0.0,0.0,0.0,0.0,0.0,1.0,0.6,0.0,1.0,1.0,1.0,0.0,1.0,0.0
1.0,0.25925925925925924,0.2222222222222222,0.18518518518518517,0.2962962962962963,0.37037037037037035,1.0,0.25,0.0,0.0,0.0,0.25,0.9375,0.0,0.0,0.0,1.0,0.0,0.0,0.0,0.0,0.0,0.0,1.0,0.0,0.0,0.0,0.0,0.0,0.0,0.8333333333333334,0.3333333333333333,0.0,1.0,1.0,1.0,0.0,1.0,0.0
0.6666666666666666,0.37037037037037035,0.37037037037037035,0.18518518518518517,0.2469135802469136,0.3333333333333333,1.0,0.25,0.0,1.0,1.0,0.0,0.0,0.0,0.0,0.0,0.0,0.0,0.0,0.0,0.0,0.0,0.0,0.0,0.0,0.0,0.0,0.0,0.0,0.0,0.6,0.7,0.1,1.0,1.0,1.0,0.0,1.0,0.0
1.0,0.2222222222222222,0.18518518518518517,0.18518518518518517,0.2962962962962963,0.37037037037037035,0.0,0.0,0.0,0.0,0.0,0.25,0.625,0.0,0.0,1.0,0.0,0.0,0.0,0.0,0.0,0.0,0.0,1.0,0.0,0.0,0.0,0.0,0.0,0.0,1.0,0.4,0.0,1.0,1.0,1.0,0.0,1.0,0.0
0.6666666666666666,0.37037037037037035,0.3333333333333333,0.18518518518518517,0.2345679012345679,0.3333333333333333,1.0,0.25,0.0,0.0,0.0,0.25,0.75,0.0,0.0,0.0,0.0,0.0,0.0,0.0,0.0,0.0,0.0,0.0,0.0,0.0,0.0,0.0,0.0,0.0,0.5555555555555556,0.7777777777777778,0.1111111111111111,1.0,1.0,1.0,0.0,1.0,0.0
0.0,0.3333333333333333,0.2962962962962963,0.18518518518518517,0.2345679012345679,0.3333333333333333,1.0,0.25,0.0,0.0,0.0,0.25,0.875,0.0,0.0,0.0,0.0,0.0,0.0,0.0,0.0,0.0,0.0,1.0,0.0,0.0,0.0,0.0,0.0,0.0,0.75,0.75,0.0,1.0,1.0,1.0,0.0,1.0,0.0
0.3333333333333333,0.18518518518518517,0.18518518518518517,0.18518518518518517,0.2716049382716049,0.3333333333333333,1.0,0.25,0.0,0.0,1.0,0.0,0.0,0.0,0.0,0.0,0.0,0.0,0.0,0.0,0.0,0.0,0.0,1.0,0.0,0.0,0.0,0.0,0.0,0.0,1.0,0.6,0.0,1.0,1.0,1.0,0.0,1.0,0.0
1.0,0.18518518518518517,0.18518518518518517,0.18518518518518517,0.2716049382716049,0.3333333333333333,1.0,0.25,0.0,0.0,1.0,0.0,0.0,0.0,0.0,0.0,0.0,0.0,0.0,0.0,0.0,0.0,0.0,1.0,0.0,0.0,0.0,0.0,0.0,0.0,1.0,0.4,0.0,1.0,1.0,1.0,0.0,1.0,0.0
0.6666666666666666,0.3333333333333333,0.3333333333333333,0.18518518518518517,0.2222222222222222,0.2962962962962963,1.0,0.25,0.0,0.0,1.0,0.0,0.0,0.0,0.0,0.0,0.0,0.0,0.0,0.0,0.0,0.0,0.0,0.0,0.0,0.0,0.0,0.0,0.0,0.0,0.5555555555555556,0.7777777777777778,0.1111111111111111,1.0,1.0,1.0,0.0,1.0,0.0
0.0,0.2962962962962963,0.25925925925925924,0.18518518518518517,0.2345679012345679,0.3333333333333333,0.0,0.0,0.0,0.0,0.0,0.25,0.5625,0.0,0.0,0.0,0.0,0.0,0.0,0.0,0.0,0.0,0.0,1.0,0.0,0.0,0.0,0.0,0.0,0.0,0.7142857142857143,0.8571428571428571,0.0,1.0,1.0,1.0,0.0,1.0,0.0
0.3333333333333333,0.18518518518518517,0.14814814814814814,0.18518518518518517,0.25925925925925924,0.3333333333333333,1.0,0.25,0.0,0.0,0.0,0.25,0.75,0.0,0.0,0.0,0.0,0.0,0.0,0.0,0.0,0.0,0.0,1.0,0.0,0.0,0.0,0.0,0.0,0.0,1.0,0.75,0.0,1.0,1.0,1.0,0.0,1.0,0.0
1.0,0.18518518518518517,0.18518518518518517,0.14814814814814814,0.2469135802469136,0.3333333333333333,1.0,0.25,0.0,1.0,1.0,0.0,0.0,0.0,0.0,0.0,0.0,0.0,0.0,0.0,0.0,0.0,0.0,1.0,0.0,0.0,0.0,0.0,0.0,0.0,1.0,0.4,0.0,1.0,1.0,1.0,0.0,1.0,0.0
0.6666666666666666,0.3333333333333333,0.3333333333333333,0.14814814814814814,0.19753086419753085,0.25925925925925924,1.0,0.25,0.0,1.0,1.0,0.0,0.0,0.0,0.0,0.0,0.0,0.0,0.0,0.0,0.0,0.0,0.0,0.0,0.0,0.0,0.0,0.0,0.0,0.0,0.5555555555555556,0.7777777777777778,0.1111111111111111,1.0,1.0,1.0,0.0,1.0,0.0
0.0,0.25925925925925924,0.25925925925925924,0.14814814814814814,0.2222222222222222,0.3333333333333333,1.0,0.25,0.0,1.0,1.0,0.0,0.0,0.0,0.0,0.0,0.0,0.0,0.0,0.0,0.0,0.0,0.0,1.0,0.0,0.0,0.0,0.0,0.0,0.0,0.7142857142857143,0.8571428571428571,0.0,1.0,1.0,1.0,0.0,1.0,0.0
0.3333333333333333,0.14814814814814814,0.1111111111111111,0.18518518518518517,0.25925925925925924,0.3333333333333333,0.0,0.0,0.0,0.0,0.0,0.25,0.375,0.0,0.0,0.0,0.0,0.0,0.0,0.0,0.0,0.0,0.0,1.0,0.0,0.0,0.0,0.0,0.0,0.0,1.0,0.6666666666666666,0.0,1.0,1.0,1.0,0.0,1.0,0.0
1.0,0.18518518518518517,0.14814814814814814,0.1111111111111111,0.2345679012345679,0.3333333333333333,1.0,0.25,0.0,0.0,0.0,0.25,0.5625,0.0,0.0,0.0,0.0,0.0,0.0,0.0,0.0,0.0,0.0,1.0,0.0,0.0,0.0,0.0,0.0,0.0,1.0,0.5,0.0,1.0,1.0,1.0,0.0,1.0,0.0
0.6666666666666666,0.3333333333333333,0.3333333333333333,0.1111111111111111,0.17283950617283952,0.25925925925925924,1.0,0.25,0.0,0.0,1.0,0.0,0.0,0.0,0.0,0.0,0.0,0.0,0.0,0.0,0.0,0.0,0.0,0.0,0.0,0.0,0.0,0.0,0.0,0.0,0.5555555555555556,0.7777777777777778,0.1111111111111111,1.0,1.0,1.0,0.0,1.0,0.0
0.0,0.25925925925925924,0.25925925925925924,0.1111111111111111,0.19753086419753085,0.3333333333333333,1.0,0.25,0.0,0.0,1.0,0.0,0.0,0.0,0.0,0.0,0.0,0.0,0.0,0.0,0.0,0.0,0.0,1.0,0.0,0.0,0.0,0.0,0.0,0.0,0.7142857142857143,0.8571428571428571,0.0,1.0,1.0,1.0,0.0,1.0,0.0
0.3333333333333333,0.1111111111111111,0.1111111111111111,0.14814814814814814,0.2469135802469136,0.3333333333333333,1.0,0.25,0.0,0.0,1.0,0.0,0.0,0.0,0.0,0.0,0.0,0.0,0.0,0.0,0.0,0.0,0.0,1.0,0.0,0.0,0.0,0.0,0.0,0.0,1.0,0.6666666666666666,0.0,1.0,1.0,1.0,0.0,1.0,0.0
1.0,0.14814814814814814,0.1111111111111111,0.1111111111111111,0.2345679012345679,0.3333333333333333,0.0,0.0,0.0,0.0,0.0,0.25,0.1875,0.0,0.0,0.0,0.0,0.0,0.0,0.0,0.0,0.0,0.0,1.0,0.0,0.0,0.0,0.0,0.0,0.0,1.0,0.3333333333333333,0.0,1.0,1.0,1.0,0.0,1.0,0.0
0.6666666666666666,0.3333333333333333,0.2962962962962963,0.1111111111111111,0.16049382716049382,0.25925925925925924,1.0,0.25,0.0,0.0,0.0,0.25,0.25,0.0,0.0,0.0,0.0,0.0,0.0,0.0,0.0,0.0,0.0,0.0,0.0,0.0,0.0,0.0,0.0,0.0,0.625,0.75,0.125,1.0,1.0,1.0,0.0,1.0,0.0
0.0,0.25925925925925924,0.25925925925925924,0.1111111111111111,0.17283950617283952,0.2962962962962963,1.0,0.25,0.0,1.0,1.0,0.0,0.0,0.0,0.0,0.0,0.0,0.0,0.0,0.0,0.0,0.0,0.0,1.0,0.0,0.0,0.0,0.0,0.0,0.0,0.7142857142857143,0.8571428571428571,0.0,1.0,1.0,1.0,0.0,1.0,0.0
0.3333333333333333,0.1111111111111111,0.1111111111111111,0.1111111111111111,0.2222222222222222,0.2962962962962963,1.0,0.25,0.0,1.0,1.0,0.0,0.0,0.0,0.0,0.0,0.0,0.0,0.0,0.0,0.0,0.0,0.0,1.0,0.0,0.0,0.0,0.0,0.0,0.0,1.0,0.6666666666666666,0.0,1.0,1.0,1.0,0.0,1.0,0.0
1.0,0.1111111111111111,0.1111111111111111,0.1111111111111111,0.2222222222222222,0.2962962962962963,1.0,0.25,0.0,1.0,1.0,0.0,0.0,0.0,0.0,0.0,0.0,0.0,0.0,0.0,0.0,0.0,0.0,1.0,0.0,0.0,0.0,0.0,0.0,0.0,1.0,0.3333333333333333,0.0,1.0,1.0,1.0,0.0,1.0,0.0
0.6666666666666666,0.2962962962962963,0.18518518518518517,0.1111111111111111,0.16049382716049382,0.25925925925925924,0.0,0.0,0.0,0.0,0.0,0.75,0.4375,1.0,0.0,0.0,0.0,0.0,0.0,1.0,0.0,0.0,0.0,0.0,0.0,0.0,0.0,0.0,0.0,0.0,0.8,0.6,0.2,1.0,1.0,1.0,0.0,1.0,0.0
0.0,0.25925925925925924,0.25925925925925924,0.1111111111111111,0.13580246913580246,0.18518518518518517,1.0,0.75,0.0,0.0,1.0,0.0,0.0,0.0,0.0,0.0,0.0,0.0,0.0,0.0,0.0,0.0,0.0,1.0,0.0,0.0,0.0,0.0,0.0,0.0,0.7142857142857143,0.8571428571428571,0.0,1.0,1.0,1.0,0.0,1.0,0.0
0.3333333333333333,0.1111111111111111,0.1111111111111111,0.1111111111111111,0.18518518518518517,0.25925925925925924,1.0,0.75,0.0,0.0,1.0,0.0,0.0,0.0,0.0,0.0,0.0,0.0,0.0,0.0,0.0,0.0,0.0,1.0,0.0,0.0,0.0,0.0,0.0,0.0,1.0,0.6666666666666666,0.0,1.0,1.0,1.0,0.0,1.0,0.0
1.0,0.1111111111111111,0.1111111111111111,0.1111111111111111,0.18518518518518517,0.25925925925925924,1.0,0.75,0.0,0.0,1.0,0.0,0.0,0.0,0.0,0.0,0.0,0.0,0.0,0.0,0.0,0.0,0.0,1.0,0.0,0.0,0.0,0.0,0.0,0.0,1.0,0.3333333333333333,0.0,1.0,1.0,1.0,0.0,1.0,0.0
0.6666666666666666,0.18518518518518517,0.1111111111111111,0.1111111111111111,0.16049382716049382,0.25925925925925924,0.0,0.0,0.0,0.0,0.0,0.5,0.25,0.0,0.0,0.0,0.0,0.0,1.0,0.0,0.0,0.0,0.0,0.0,0.0,0.0,0.0,0.0,0.0,0.0,1.0,0.3333333333333333,0.3333333333333333,1.0,1.0,1.0,0.0,1.0,0.0
0.0,0.25925925925925924,0.18518518518518517,0.1111111111111111,0.1111111111111111,0.1111111111111111,1.0,0.5,0.0,0.0,0.0,0.5,0.375,0.0,0.0,0.0,0.0,0.0,1.0,0.0,0.0,0.0,0.0,1.0,0.0,0.0,0.0,0.0,0.0,0.0,0.8,0.8,0.0,1.0,1.0,1.0,0.0,1.0,0.0
0.3333333333333333,0.1111111111111111,0.1111111111111111,0.1111111111111111,0.13580246913580246,0.18518518518518517,1.0,0.5,0.0,0.0,1.0,0.0,0.0,0.0,0.0,0.0,0.0,0.0,0.0,0.0,0.0,0.0,0.0,1.0,0.0,0.0,0.0,0.0,0.0,0.0,1.0,0.6666666666666666,0.0,1.0,1.0,1.0,0.0,1.0,0.0
1.0,0.1111111111111111,0.1111111111111111,0.1111111111111111,0.13580246913580246,0.18518518518518517,1.0,0.5,0.0,0.0,1.0,0.0,0.0,0.0,0.0,0.0,0.0,0.0,0.0,0.0,0.0,0.0,0.0,1.0,0.0,0.0,0.0,0.0,0.0,0.0,1.0,0.3333333333333333,0.0,1.0,1.0,1.0,0.0,1.0,0.0
0.6666666666666666,0.1111111111111111,0.1111111111111111,0.1111111111111111,0.13580246913580246,0.18518518518518517,1.0,0.5,0.0,0.0,1.0,0.0,0.0,0.0,0.0,0.0,0.0,0.0,0.0,0.0,0.0,0.0,0.0,0.0,0.0,0.0,0.0,0.0,0.0,0.0,1.0,0.3333333333333333,0.3333333333333333,1.0,1.0,1.0,0.0,1.0,0.0
0.0,0.18518518518518517,0.14814814814814814,0.1111111111111111,0.1111111111111111,0.1111111111111111,0.0,0.0,0.0,0.0,0.0,0.25,0.5,0.0,1.0,0.0,0.0,0.0,0.0,0.0,0.0,0.0,0.0,1.0,0.0,0.0,0.0,0.0,1.0,0.0,1.0,0.75,0.0,1.0,1.0,1.0,0.0,1.0,0.0
0.0,0.14814814814814814,0.1111111111111111,0.1111111111111111,0.1111111111111111,0.1111111111111111,0.0,0.0,0.0,0.0,0.0,0.25,0.1875,0.0,0.0,0.0,0.0,0.0,0.0,0.0,0.0,0.0,0.0,1.0,0.0,0.0,0.0,0.0,0.0,0.0,1.0,0.6666666666666666,0.0,1.0,1.0,1.0,0.0,1.0,0.0
0.3333333333333333,0.1111111111111111,0.07407407407407407,0.1111111111111111,0.1111111111111111,0.1111111111111111,1.0,0.25,0.0,0.0,0.0,0.25,0.4375,1.0,0.0,0.0,0.0,0.0,0.0,0.0,0.0,0.0,0.0,1.0,0.0,0.0,0.0,0.0,0.0,0.0,1.0,0.5,0.0,1.0,1.0,1.0,0.0,1.0,0.0
1.0,0.1111111111111111,0.07407407407407407,0.07407407407407407,0.09876543209876543,0.1111111111111111,1.0,0.25,0.0,0.0,0.0,0.25,0.6875,0.0,0.0,0.0,0.0,0.0,0.0,0.0,0.0,0.0,0.0,1.0,0.0,0.0,0.0,1.0,0.0,0.0,1.0,0.5,0.0,1.0,1.0,1.0,0.0,1.0,0.0
0.6666666666666666,0.1111111111111111,0.1111111111111111,0.07407407407407407,0.08641975308641976,0.1111111111111111,1.0,0.25,0.0,0.0,1.0,0.0,0.0,0.0,0.0,0.0,0.0,0.0,0.0,0.0,0.0,0.0,0.0,0.0,0.0,0.0,0.0,1.0,0.0,0.0,1.0,0.3333333333333333,0.3333333333333333,1.0,1.0,1.0,0.0,1.0,0.0
0.0,0.1111111111111111,0.1111111111111111,0.07407407407407407,0.08641975308641976,0.1111111111111111,1.0,0.25,0.0,0.0,1.0,0.0,0.0,0.0,0.0,0.0,0.0,0.0,0.0,0.0,0.0,0.0,0.0,1.0,0.0,0.0,0.0,1.0,0.0,0.0,1.0,0.6666666666666666,0.0,1.0,1.0,1.0,0.0,1.0,0.0
0.3333333333333333,0.07407407407407407,0.07407407407407407,0.07407407407407407,0.09876543209876543,0.1111111111111111,1.0,0.25,0.0,0.0,1.0,0.0,0.0,0.0,0.0,0.0,0.0,0.0,0.0,0.0,0.0,0.0,0.0,1.0,0.0,0.0,0.0,1.0,0.0,0.0,1.0,0.5,0.0,1.0,1.0,1.0,0.0,1.0,0.0
1.0,0.07407407407407407,0.037037037037037035,0.07407407407407407,0.09876543209876543,0.1111111111111111,0.0,0.0,0.0,0.0,0.0,0.25,0.5,0.0,1.0,0.0,0.0,0.0,0.0,0.0,0.0,0.0,0.0,1.0,0.0,1.0,0.0,1.0,1.0,0.0,1.0,0.0,0.0,1.0,1.0,1.0,0.0,1.0,0.0
1.0,0.037037037037037035,0.0,0.07407407407407407,0.09876543209876543,0.1111111111111111,0.0,0.0,0.0,0.0,0.0,0.25,0.625,0.0,0.0,1.0,0.0,0.0,0.0,0.0,0.0,0.0,1.0,0.0,1.0,0.0,1.0,1.0,0.0,0.0,0.0,0.0,0.0,1.0,1.0,1.0,0.0,1.0,0.0
0.6666666666666666,0.1111111111111111,0.07407407407407407,0.07407407407407407,0.09259259259259259,0.1111111111111111,1.0,0.25,0.0,0.0,0.0,0.25,0.8125,0.0,0.0,0.0,0.0,0.0,0.0,0.0,0.0,0.0,0.0,0.0,0.0,0.0,0.0,1.0,0.0,0.0,1.0,0.5,0.0,1.0,1.0,1.0,0.0,1.0,0.0
0.0,0.1111111111111111,0.1111111111111111,0.07407407407407407,0.07407407407407407,0.07407407407407407,1.0,0.25,0.0,0.0,1.0,0.0,0.0,0.0,0.0,0.0,0.0,0.0,0.0,0.0,0.0,0.0,0.0,1.0,0.0,0.0,0.0,1.0,0.0,0.0,1.0,0.6666666666666666,0.0,1.0,1.0,1.0,0.0,1.0,0.0
0.3333333333333333,0.07407407407407407,0.07407407407407407,0.07407407407407407,0.09259259259259259,0.1111111111111111,1.0,0.25,0.0,0.0,1.0,0.0,0.0,0.0,0.0,0.0,0.0,0.0,0.0,0.0,0.0,0.0,0.0,1.0,0.0,0.0,0.0,1.0,0.0,0.0,1.0,0.5,0.0,1.0,1.0,1.0,0.0,1.0,0.0
0.6666666666666666,0.07407407407407407,0.037037037037037035,0.07407407407407407,0.09259259259259259,0.1111111111111111,0.0,0.0,0.0,0.0,0.0,0.25,0.5625,0.0,0.0,0.0,0.0,0.0,0.0,0.0,0.0,0.0,0.0,0.0,0.0,0.0,0.0,1.0,0.0,0.0,1.0,1.0,0.0,1.0,1.0,1.0,0.0,1.0,0.0
0.0,0.1111111111111111,0.1111111111111111,0.037037037037037035,0.05555555555555555,0.07407407407407407,1.0,0.25,0.0,0.0,1.0,0.0,0.0,0.0,0.0,0.0,0.0,0.0,0.0,0.0,0.0,0.0,0.0,1.0,0.0,0.0,0.0,1.0,0.0,0.0,1.0,0.6666666666666666,0.0,1.0,1.0,1.0,0.0,1.0,0.0
0.3333333333333333,0.07407407407407407,0.07407407407407407,0.037037037037037035,0.07407407407407407,0.1111111111111111,1.0,0.25,0.0,0.0,1.0,0.0,0.0,0.0,0.0,0.0,0.0,0.0,0.0,0.0,0.0,0.0,0.0,1.0,0.0,0.0,0.0,1.0,0.0,0.0,1.0,0.5,0.0,1.0,1.0,1.0,0.0,1.0,0.0
0.6666666666666666,0.037037037037037035,0.0,0.07407407407407407,0.09259259259259259,0.1111111111111111,0.0,0.0,0.0,0.0,0.0,0.25,0.1875,0.0,0.0,0.0,0.0,0.0,0.0,0.0,0.0,0.0,1.0,0.0,0.0,0.0,0.0,1.0,0.0,0.0,0.0,0.0,0.0,1.0,1.0,1.0,0.0,1.0,0.0
0.0,0.1111111111111111,0.07407407407407407,0.07407407407407407,0.07407407407407407,0.07407407407407407,1.0,0.25,0.0,0.0,0.0,0.25,0.25,0.0,0.0,0.0,0.0,0.0,0.0,0.0,0.0,0.0,0.0,1.0,0.0,0.0,0.0,1.0,0.0,0.0,1.0,0.5,0.0,1.0,1.0,1.0,0.0,1.0,0.0
0.3333333333333333,0.07407407407407407,0.037037037037037035,0.07407407407407407,0.07407407407407407,0.07407407407407407,1.0,0.25,0.0,0.0,0.0,0.25,0.5,0.0,1.0,0.0,0.0,0.0,0.0,0.0,0.0,0.0,0.0,1.0,0.0,1.0,0.0,1.0,1.0,0.0,1.0,0.0,0.0,1.0,1.0,1.0,0.0,1.0,0.0
0.3333333333333333,0.037037037037037035,0.0,0.07407407407407407,0.07407407407407407,0.07407407407407407,0.0,0.0,0.0,0.0,0.0,0.25,0.625,0.0,0.0,1.0,0.0,0.0,0.0,0.0,0.0,0.0,1.0,0.0,1.0,0.0,1.0,1.0,0.0,0.0,0.0,0.0,0.0,1.0,1.0,1.0,0.0,1.0,0.0
1.0,0.6296296296296297,0.5185185185185185,0.6666666666666666,0.6666666666666666,0.6666666666666666,0.0,0.0,0.0,0.0,0.0,0.75,0.6875,0.0,0.0,0.0,0.0,0.0,0.0,1.0,0.0,0.0,0.0,0.0,0.0,0.0,0.0,0.0,0.0,0.0,0.6428571428571429,0.6428571428571429,0.21428571428571427,1.0,1.0,1.0,1.0,0.0,0.0
0.5,0.6666666666666666,0.5555555555555556,0.5185185185185185,0.5925925925925926,0.6666666666666666,1.0,0.75,0.0,0.0,0.0,0.75,0.8125,0.0,0.0,0.0,0.0,0.0,0.0,1.0,0.0,0.0,0.0,0.0,0.0,0.0,0.0,0.0,0.0,0.0,0.6666666666666666,0.4666666666666667,0.2,1.0,1.0,1.0,1.0,0.0,0.0
0.0,0.6666666666666666,0.6666666666666666,0.5185185185185185,0.5370370370370371,0.5555555555555556,1.0,0.75,0.0,0.0,1.0,0.0,0.0,0.0,0.0,0.0,0.0,0.0,0.0,0.0,0.0,0.0,0.0,0.0,0.0,0.0,0.0,0.0,0.0,0.0,0.6111111111111112,0.4444444444444444,0.2222222222222222,1.0,1.0,1.0,1.0,0.0,0.0
1.0,0.5185185185185185,0.5185185185185185,0.5555555555555556,0.6111111111111112,0.6666666666666666,1.0,0.75,0.0,0.0,1.0,0.0,0.0,0.0,0.0,0.0,0.0,0.0,0.0,0.0,0.0,0.0,0.0,0.0,0.0,0.0,0.0,0.0,0.0,0.0,0.6428571428571429,0.6428571428571429,0.21428571428571427,1.0,1.0,1.0,1.0,0.0,0.0
0.5,0.5555555555555556,0.4444444444444444,0.5185185185185185,0.5925925925925926,0.6666666666666666,0.0,0.0,0.0,0.0,0.0,0.75,0.4375,1.0,0.0,0.0,0.0,0.0,0.0,0.0,0.0,1.0,0.0,0.0,0.0,0.0,0.0,0.0,0.0,1.0,0.75,0.3333333333333333,0.25,1.0,1.0,1.0,1.0,0.0,0.0
0.0,0.7037037037037037,0.7037037037037037,0.4074074074074074,0.46296296296296297,0.5185185185185185,1.0,0.75,0.0,0.0,1.0,0.0,0.0,0.0,0.0,0.0,0.0,0.0,0.0,0.0,0.0,0.0,0.0,0.0,0.0,0.0,0.0,0.0,0.0,0.0,0.5789473684210527,0.47368421052631576,0.21052631578947367,1.0,1.0,1.0,1.0,0.0,0.0
1.0,0.5185185185185185,0.5185185185185185,0.4074074074074074,0.5555555555555556,0.7037037037037037,1.0,0.75,0.0,0.0,1.0,0.0,0.0,0.0,0.0,0.0,0.0,0.0,0.0,0.0,0.0,0.0,0.0,0.0,0.0,0.0,0.0,0.0,0.0,0.0,0.6428571428571429,0.6428571428571429,0.21428571428571427,1.0,1.0,1.0,1.0,0.0,0.0
0.5,0.4074074074074074,0.2962962962962963,0.5185185185185185,0.6111111111111112,0.7037037037037037,0.0,0.0,0.0,0.0,0.0,0.75,0.625,0.0,0.0,1.0,0.0,0.0,0.0,1.0,0.0,0.0,0.0,0.0,0.0,0.0,0.0,0.0,0.0,0.0,0.875,0.375,0.375,1.0,1.0,1.0,1.0,0.0,0.0
0.0,0.7037037037037037,0.7037037037037037,0.2962962962962963,0.4074074074074074,0.5185185185185185,1.0,0.75,0.0,0.0,1.0,0.0,0.0,0.0,0.0,0.0,0.0,0.0,0.0,0.0,0.0,0.0,0.0,0.0,0.0,0.0,0.0,0.0,0.0,0.0,0.5789473684210527,0.47368421052631576,0.21052631578947367,1.0,1.0,1.0,1.0,0.0,0.0
1.0,0.5185185185185185,0.5185185185185185,0.2962962962962963,0.5,0.7037037037037037,1.0,0.75,0.0,0.0,1.0,0.0,0.0,0.0,0.0,0.0,0.0,0.0,0.0,0.0,0.0,0.0,0.0,0.0,0.0,0.0,0.0,0.0,0.0,0.0,0.6428571428571429,0.6428571428571429,0.21428571428571427,1.0,1.0,1.0,1.0,0.0,0.0
0.5,0.2962962962962963,0.2222222222222222,0.5185185185185185,0.6111111111111112,0.7037037037037037,0.0,0.0,0.0,0.0,0.0,0.5,0.9375,0.0,0.0,0.0,1.0,0.0,1.0,0.0,0.0,0.0,0.0,0.0,0.0,0.0,0.0,0.0,0.0,0.0,1.0,0.5,0.16666666666666666,1.0,1.0,1.0,1.0,0.0,0.0
0.0,0.7037037037037037,0.7037037037037037,0.2222222222222222,0.37037037037037035,0.5185185185185185,1.0,0.5,0.0,0.0,1.0,0.0,0.0,0.0,0.0,0.0,0.0,0.0,0.0,0.0,0.0,0.0,0.0,0.0,0.0,0.0,0.0,0.0,0.0,0.0,0.5789473684210527,0.47368421052631576,0.21052631578947367,1.0,1.0,1.0,1.0,0.0,0.0
1.0,0.5185185185185185,0.5185185185185185,0.2222222222222222,0.46296296296296297,0.7037037037037037,1.0,0.5,0.0,0.0,1.0,0.0,0.0,0.0,0.0,0.0,0.0,0.0,0.0,0.0,0.0,0.0,0.0,0.0,0.0,0.0,0.0,0.0,0.0,0.0,0.6428571428571429,0.6428571428571429,0.21428571428571427,1.0,1.0,1.0,1.0,0.0,0.0
0.5,0.2222222222222222,0.18518518518518517,0.5185185185185185,0.6111111111111112,0.7037037037037037,0.0,0.0,0.0,0.0,0.0,0.25,0.4375,1.0,0.0,0.0,0.0,0.0,0.0,0.0,0.0,0.0,0.0,0.0,0.0,0.0,0.0,0.0,0.0,1.0,1.0,0.4,0.2,1.0,1.0,1.0,1.0,0.0,0.0
0.0,0.7407407407407407,0.7037037037037037,0.14814814814814814,0.3333333333333333,0.5185185185185185,1.0,0.25,0.0,0.0,0.0,0.25,0.5,0.0,1.0,0.0,0.0,0.0,0.0,0.0,0.0,0.0,0.0,0.0,0.0,0.0,0.0,0.0,1.0,0.0,0.5789473684210527,0.47368421052631576,0.21052631578947367,1.0,1.0,1.0,1.0,0.0,0.0
0.0,0.7037037037037037,0.5555555555555556,0.14814814814814814,0.3333333333333333,0.5185185185185185,0.0,0.0,0.0,0.0,0.0,1.0,0.5625,0.0,0.0,0.0,0.0,0.0,0.0,0.0,1.0,0.0,0.0,0.0,0.0,0.0,0.0,0.0,0.0,0.0,0.6666666666666666,0.6,0.26666666666666666,1.0,1.0,1.0,1.0,0.0,0.0
1.0,0.5185185185185185,0.5185185185185185,0.14814814814814814,0.35185185185185186,0.5555555555555556,1.0,1.0,1.0,0.0,1.0,0.0,0.0,0.0,0.0,0.0,0.0,0.0,0.0,0.0,0.0,0.0,0.0,0.0,0.0,0.0,0.0,0.0,0.0,0.0,0.6428571428571429,0.6428571428571429,0.21428571428571427,1.0,1.0,1.0,1.0,0.0,0.0
0.5,0.14814814814814814,0.14814814814814814,0.5185185185185185,0.5370370370370371,0.5555555555555556,1.0,1.0,1.0,0.0,1.0,0.0,0.0,0.0,0.0,0.0,0.0,0.0,0.0,0.0,0.0,0.0,0.0,0.0,0.0,0.0,0.0,0.0,0.0,0.0,1.0,0.25,0.25,1.0,1.0,1.0,1.0,0.0,0.0
0.0,0.5555555555555556,0.4444444444444444,0.14814814814814814,0.3333333333333333,0.5185185185185185,0.0,0.0,1.0,0.0,0.0,0.75,0.25,0.0,0.0,0.0,0.0,0.0,0.0,1.0,0.0,0.0,0.0,0.0,0.0,0.0,0.0,0.0,0.0,0.0,0.75,0.5,0.3333333333333333,1.0,1.0,1.0,1.0,0.0,0.0
1.0,0.5185185185185185,0.5185185185185185,0.14814814814814814,0.2962962962962963,0.4444444444444444,1.0,0.75,1.0,0.0,1.0,0.0,0.0,0.0,0.0,0.0,0.0,0.0,0.0,0.0,0.0,0.0,0.0,0.0,0.0,0.0,0.0,0.0,0.0,0.0,0.6428571428571429,0.6428571428571429,0.21428571428571427,1.0,1.0,1.0,1.0,0.0,0.0
0.5,0.14814814814814814,0.14814814814814814,0.4444444444444444,0.48148148148148145,0.5185185185185185,1.0,0.75,1.0,0.0,1.0,0.0,0.0,0.0,0.0,0.0,0.0,0.0,0.0,0.0,0.0,0.0,0.0,0.0,0.0,0.0,0.0,0.0,0.0,0.0,1.0,0.25,0.25,1.0,1.0,1.0,1.0,0.0,0.0
0.0,0.4444444444444444,0.37037037037037035,0.14814814814814814,0.3333333333333333,0.5185185185185185,0.0,0.0,1.0,0.0,0.0,0.5,0.875,0.0,0.0,0.0,0.0,0.0,1.0,0.0,0.0,0.0,0.0,0.0,0.0,0.0,0.0,0.0,0.0,0.0,0.8,0.6,0.2,1.0,1.0,1.0,1.0,0.0,0.0
1.0,0.5185185185185185,0.4444444444444444,0.14814814814814814,0.25925925925925924,0.37037037037037035,1.0,0.5,1.0,0.0,0.0,0.5,0.5,0.0,1.0,0.0,0.0,0.0,1.0,0.0,0.0,0.0,0.0,0.0,0.0,0.0,0.0,0.0,1.0,0.0,0.6666666666666666,0.5833333333333334,0.25,1.0,1.0,1.0,1.0,0.0,0.0
1.0,0.4444444444444444,0.37037037037037035,0.14814814814814814,0.25925925925925924,0.37037037037037035,0.0,0.0,1.0,0.0,0.0,0.5,0.75,0.0,0.0,0.0,0.0,0.0,1.0,0.0,0.0,0.0,0.0,0.0,0.0,0.0,0.0,0.0,0.0,0.0,0.7,0.7,0.3,1.0,1.0,1.0,1.0,0.0,0.0
0.5,0.14814814814814814,0.14814814814814814,0.37037037037037035,0.37037037037037035,0.37037037037037035,1.0,0.5,1.0,0.0,1.0,0.0,0.0,0.0,0.0,0.0,0.0,0.0,0.0,0.0,0.0,0.0,0.0,0.0,0.0,0.0,0.0,0.0,0.0,0.0,1.0,0.25,0.25,1.0,1.0,1.0,1.0,0.0,0.0
0.0,0.37037037037037035,0.2962962962962963,0.14814814814814814,0.25925925925925924,0.37037037037037035,1.0,0.5,1.0,0.0,0.0,0.5,0.4375,1.0,0.0,0.0,0.0,0.0,1.0,0.0,0.0,0.0,0.0,0.0,0.0,0.0,0.0,0.0,0.0,1.0,0.875,0.5,0.25,1.0,1.0,1.0,1.0,0.0,0.0
1.0,0.4444444444444444,0.37037037037037035,0.14814814814814814,0.18518518518518517,0.2222222222222222,1.0,0.5,1.0,0.0,0.0,0.5,0.375,0.0,0.0,0.0,0.0,0.0,1.0,0.0,0.0,0.0,0.0,0.0,0.0,0.0,0.0,0.0,0.0,0.0,0.6,0.7,0.3,1.0,1.0,1.0,1.0,0.0,0.0
0.0,0.2222222222222222,0.2222222222222222,0.14814814814814814,0.25925925925925924,0.37037037037037035,1.0,0.5,1.0,0.0,1.0,0.0,0.0,0.0,0.0,0.0,0.0,0.0,0.0,0.0,0.0,0.0,0.0,0.0,0.0,0.0,0.0,0.0,0.0,0.0,1.0,0.3333333333333333,0.3333333333333333,1.0,1.0,1.0,1.0,0.0,0.0
1.0,0.37037037037037035,0.2222222222222222,0.14814814814814814,0.18518518518518517,0.2222222222222222,0.0,0.0,1.0,0.0,0.0,1.0,0.1875,0.0,0.0,0.0,0.0,0.0,0.0,0.0,1.0,0.0,0.0,0.0,0.0,0.0,0.0,0.0,0.0,0.0,0.8333333333333334,0.5,0.5,1.0,1.0,1.0,1.0,0.0,0.0
0.5,0.14814814814814814,0.14814814814814814,0.2222222222222222,0.2222222222222222,0.2222222222222222,1.0,1.0,0.0,0.0,1.0,0.0,0.0,0.0,0.0,0.0,0.0,0.0,0.0,0.0,0.0,0.0,0.0,0.0,0.0,0.0,0.0,0.0,0.0,0.0,1.0,0.25,0.25,1.0,1.0,1.0,1.0,0.0,0.0
0.0,0.2222222222222222,0.2222222222222222,0.14814814814814814,0.18518518518518517,0.2222222222222222,1.0,1.0,0.0,0.0,1.0,0.0,0.0,0.0,0.0,0.0,0.0,0.0,0.0,0.0,0.0,0.0,0.0,0.0,0.0,0.0,0.0,0.0,0.0,0.0,1.0,0.3333333333333333,0.3333333333333333,1.0,1.0,1.0,1.0,0.0,0.0
1.0,0.2222222222222222,0.18518518518518517,0.14814814814814814,0.18518518518518517,0.2222222222222222,0.0,0.0,0.0,0.0,0.0,0.25,0.3125,0.0,0.0,0.0,0.0,0.0,0.0,0.0,0.0,0.0,0.0,0.0,0.0,0.0,0.0,0.0,0.0,0.0,1.0,0.4,0.6,1.0,1.0,1.0,1.0,0.0,0.0
0.5,0.14814814814814814,0.1111111111111111,0.18518518518518517,0.2037037037037037,0.2222222222222222,1.0,0.25,0.0,0.0,0.0,0.25,0.6875,0.0,0.0,0.0,0.0,0.0,0.0,0.0,0.0,0.0,0.0,0.0,0.0,0.0,0.0,0.0,0.0,0.0,1.0,0.3333333333333333,0.3333333333333333,1.0,1.0,1.0,1.0,0.0,0.0
0.0,0.2222222222222222,0.18518518518518517,0.1111111111111111,0.14814814814814814,0.18518518518518517,1.0,0.25,0.0,0.0,0.0,0.25,0.75,0.0,0.0,0.0,0.0,0.0,0.0,0.0,0.0,0.0,0.0,0.0,0.0,0.0,0.0,0.0,0.0,0.0,1.0,0.4,0.4,1.0,1.0,1.0,1.0,0.0,0.0
1.0,0.18518518518518517,0.14814814814814814,0.1111111111111111,0.14814814814814814,0.18518518518518517,1.0,0.25,0.0,0.0,0.0,0.25,0.875,0.0,0.0,0.0,0.0,0.0,0.0,0.0,0.0,0.0,0.0,0.0,0.0,0.0,0.0,0.0,0.0,0.0,1.0,0.5,0.5,1.0,1.0,1.0,1.0,0.0,0.0
0.5,0.1111111111111111,0.1111111111111111,0.14814814814814814,0.16666666666666666,0.18518518518518517,1.0,0.25,0.0,0.0,1.0,0.0,0.0,0.0,0.0,0.0,0.0,0.0,0.0,0.0,0.0,0.0,0.0,0.0,0.0,0.0,0.0,0.0,0.0,0.0,1.0,0.3333333333333333,0.3333333333333333,1.0,1.0,1.0,1.0,0.0,0.0
0.0,0.18518518518518517,0.14814814814814814,0.1111111111111111,0.12962962962962962,0.14814814814814814,1.0,0.25,0.0,0.0,0.0,0.25,0.9375,0.0,0.0,0.0,1.0,0.0,0.0,0.0,0.0,0.0,0.0,0.0,0.0,0.0,0.0,0.0,0.0,0.0,1.0,0.5,0.25,1.0,1.0,1.0,1.0,0.0,0.0
1.0,0.14814814814814814,0.1111111111111111,0.1111111111111111,0.12962962962962962,0.14814814814814814,1.0,0.25,0.0,0.0,0.0,0.25,1.0,0.0,0.0,0.0,0.0,1.0,0.0,0.0,0.0,0.0,0.0,0.0,0.0,0.0,0.0,0.0,0.0,0.0,1.0,0.6666666666666666,0.3333333333333333,1.0,1.0,1.0,1.0,0.0,0.0
0.0,0.14814814814814814,0.14814814814814814,0.1111111111111111,0.1111111111111111,0.1111111111111111,1.0,0.25,0.0,0.0,1.0,0.0,0.0,0.0,0.0,0.0,0.0,0.0,0.0,0.0,0.0,0.0,0.0,0.0,0.0,0.0,0.0,0.0,0.0,0.0,1.0,0.5,0.25,1.0,1.0,1.0,1.0,0.0,0.0
1.0,0.1111111111111111,0.07407407407407407,0.1111111111111111,0.12962962962962962,0.14814814814814814,0.0,0.0,0.0,0.0,0.0,0.25,0.25,0.0,0.0,0.0,0.0,0.0,0.0,0.0,0.0,0.0,0.0,0.0,0.0,0.0,0.0,0.0,0.0,0.0,1.0,0.5,0.5,1.0,1.0,1.0,1.0,0.0,0.0
0.5,0.1111111111111111,0.07407407407407407,0.07407407407407407,0.1111111111111111,0.14814814814814814,1.0,0.25,0.0,0.0,0.0,0.25,0.875,0.0,0.0,0.0,0.0,0.0,0.0,0.0,0.0,0.0,0.0,0.0,0.0,0.0,0.0,1.0,0.0,0.0,1.0,0.5,0.0,1.0,1.0,1.0,1.0,0.0,0.0
0.0,0.14814814814814814,0.14814814814814814,0.07407407407407407,0.07407407407407407,0.07407407407407407,1.0,0.25,0.0,0.0,1.0,0.0,0.0,0.0,0.0,0.0,0.0,0.0,0.0,0.0,0.0,0.0,0.0,0.0,0.0,0.0,0.0,1.0,0.0,0.0,1.0,0.5,0.25,1.0,1.0,1.0,1.0,0.0,0.0
1.0,0.07407407407407407,0.037037037037037035,0.07407407407407407,0.1111111111111111,0.14814814814814814,1.0,0.25,0.0,0.0,0.0,0.25,0.9375,0.0,0.0,0.0,1.0,0.0,0.0,0.0,0.0,0.0,0.0,0.0,0.0,0.0,0.0,1.0,0.0,0.0,1.0,1.0,0.0,1.0,1.0,1.0,1.0,0.0,0.0
0.5,0.07407407407407407,0.07407407407407407,0.037037037037037035,0.09259259259259259,0.14814814814814814,1.0,0.25,0.0,0.0,1.0,0.0,0.0,0.0,0.0,0.0,0.0,0.0,0.0,0.0,0.0,0.0,0.0,0.0,0.0,0.0,0.0,1.0,0.0,0.0,1.0,0.5,0.0,1.0,1.0,1.0,1.0,0.0,0.0
1.0,0.037037037037037035,0.0,0.07407407407407407,0.1111111111111111,0.14814814814814814,0.0,0.0,0.0,0.0,0.0,0.25,0.3125,0.0,0.0,0.0,0.0,0.0,0.0,0.0,0.0,0.0,1.0,0.0,0.0,0.0,0.0,1.0,0.0,0.0,0.0,0.0,0.0,1.0,1.0,1.0,1.0,0.0,0.0
0.5,0.07407407407407407,0.037037037037037035,0.14814814814814814,0.14814814814814814,0.14814814814814814,1.0,0.25,0.0,0.0,0.0,0.25,0.75,0.0,0.0,0.0,0.0,0.0,0.0,0.0,0.0,0.0,0.0,0.0,0.0,0.0,0.0,0.0,0.0,0.0,1.0,1.0,0.0,1.0,1.0,1.0,1.0,0.0,0.0
0.0,0.14814814814814814,0.14814814814814814,0.037037037037037035,0.037037037037037035,0.037037037037037035,1.0,0.25,0.0,1.0,1.0,0.0,0.0,0.0,0.0,0.0,0.0,0.0,0.0,0.0,0.0,0.0,0.0,0.0,0.0,0.0,0.0,1.0,0.0,0.0,1.0,0.5,0.25,1.0,1.0,1.0,1.0,0.0,0.0
0.5,0.037037037037037035,0.0,0.14814814814814814,0.14814814814814814,0.14814814814814814,0.0,0.0,0.0,0.0,0.0,0.25,0.3125,0.0,0.0,0.0,0.0,0.0,0.0,0.0,0.0,0.0,1.0,0.0,0.0,0.0,0.0,0.0,0.0,0.0,0.0,0.0,0.0,1.0,1.0,1.0,1.0,0.0,0.0
1.0,0.9629629629629629,0.7777777777777778,0.9629629629629629,0.9629629629629629,0.9629629629629629,0.0,0.0,0.0,0.0,0.0,1.25,0.9375,0.0,0.0,0.0,1.0,0.0,0.0,0.0,0.0,1.0,0.0,0.0,0.0,0.0,0.0,0.0,0.0,0.0,0.5714285714285714,0.5714285714285714,0.14285714285714285,0.0,1.0,1.0,1.0,0.0,0.0
0.0,0.9629629629629629,0.9629629629629629,0.7777777777777778,0.7777777777777778,0.7777777777777778,1.0,1.25,0.0,0.0,1.0,0.0,0.0,0.0,0.0,0.0,0.0,0.0,0.0,0.0,0.0,0.0,0.0,0.0,0.0,0.0,0.0,0.0,0.0,0.0,0.5,0.46153846153846156,0.23076923076923078,0.0,1.0,1.0,1.0,0.0,0.0
1.0,0.7777777777777778,0.6666666666666666,0.9629629629629629,0.9629629629629629,0.9629629629629629,0.0,0.0,0.0,0.0,0.0,0.75,0.5625,1.0,1.0,0.0,0.0,0.0,0.0,0.0,0.0,1.0,0.0,0.0,0.0,0.0,0.0,0.0,1.0,1.0,0.6666666666666666,0.5555555555555556,0.16666666666666666,0.0,1.0,1.0,1.0,0.0,0.0
1.0,0.6296296296296297,0.5555555555555556,1.0,1.0,1.0,0.0,0.0,0.0,0.0,0.0,0.5,0.1875,0.0,0.0,0.0,0.0,0.0,1.0,0.0,0.0,0.0,0.0,0.0,0.0,0.0,0.0,0.0,0.0,0.0,0.7333333333333333,0.4666666666666667,0.2,0.0,1.0,1.0,1.0,0.0,0.0
0.0,1.0,0.9259259259259259,0.5555555555555556,0.5555555555555556,0.5555555555555556,1.0,0.5,0.0,0.0,0.0,0.5,0.5,0.0,1.0,0.0,0.0,0.0,1.0,0.0,0.0,0.0,0.0,0.0,0.0,0.0,0.0,0.0,1.0,0.0,0.48,0.44,0.24,0.0,1.0,1.0,1.0,0.0,0.0
0.0,0.9259259259259259,0.7037037037037037,0.5555555555555556,0.5555555555555556,0.5555555555555556,0.0,0.0,0.0,0.0,0.0,1.5,0.9375,0.0,0.0,1.0,1.0,0.0,0.0,0.0,0.0,1.0,0.0,0.0,0.0,0.0,0.0,0.0,0.0,0.0,0.5789473684210527,0.5789473684210527,0.15789473684210525,0.0,1.0,1.0,1.0,0.0,0.0
1.0,0.5555555555555556,0.5555555555555556,0.7037037037037037,0.7037037037037037,0.7037037037037037,1.0,1.5,0.0,0.0,1.0,0.0,0.0,0.0,0.0,0.0,0.0,0.0,0.0,0.0,0.0,0.0,0.0,0.0,0.0,0.0,0.0,0.0,0.0,0.0,0.7333333333333333,0.4666666666666667,0.2,0.0,1.0,1.0,1.0,0.0,0.0
0.0,0.7037037037037037,0.5925925925925926,0.5555555555555556,0.5555555555555556,0.5555555555555556,0.0,0.0,0.0,0.0,0.0,0.75,0.4375,1.0,0.0,0.0,0.0,0.0,0.0,0.0,0.0,1.0,0.0,0.0,0.0,0.0,0.0,0.0,0.0,1.0,0.6875,0.5,0.1875,0.0,1.0,1.0,1.0,0.0,0.0
1.0,0.5925925925925926,0.5925925925925926,0.5555555555555556,0.5555555555555556,0.5555555555555556,1.0,0.75,0.0,0.0,1.0,0.0,0.0,0.0,0.0,0.0,0.0,0.0,0.0,0.0,0.0,0.0,0.0,0.0,0.0,0.0,0.0,0.0,0.0,0.0,0.75,0.5,0.1875,0.0,1.0,1.0,1.0,0.0,0.0
0.0,0.5555555555555556,0.5185185185185185,0.5925925925925926,0.5925925925925926,0.5925925925925926,0.0,0.0,0.0,0.0,0.0,0.25,0.5625,0.0,0.0,0.0,0.0,0.0,0.0,0.0,0.0,0.0,0.0,0.0,0.0,0.0,0.0,0.0,0.0,0.0,0.7142857142857143,0.5,0.21428571428571427,0.0,1.0,1.0,1.0,0.0,0.0
1.0,0.5925925925925926,0.5555555555555556,0.5185185185185185,0.5185185185185185,0.5185185185185185,1.0,0.25,0.0,0.0,0.0,0.25,0.625,0.0,0.0,1.0,0.0,0.0,0.0,0.0,0.0,0.0,0.0,0.0,0.0,0.0,0.0,0.0,0.0,0.0,0.7333333333333333,0.5333333333333333,0.2,0.0,1.0,1.0,1.0,0.0,0.0
0.0,0.5185185185185185,0.48148148148148145,0.5555555555555556,0.5555555555555556,0.5555555555555556,1.0,0.25,0.0,0.0,0.0,0.25,0.6875,0.0,0.0,0.0,0.0,0.0,0.0,0.0,0.0,0.0,0.0,0.0,0.0,0.0,0.0,0.0,0.0,0.0,0.7692307692307693,0.5384615384615384,0.23076923076923078,0.0,1.0,1.0,1.0,0.0,0.0
1.0,0.5555555555555556,0.5185185185185185,0.48148148148148145,0.48148148148148145,0.48148148148148145,1.0,0.25,0.0,0.0,0.0,0.25,0.75,0.0,0.0,0.0,0.0,0.0,0.0,0.0,0.0,0.0,0.0,0.0,0.0,0.0,0.0,0.0,0.0,0.0,0.7857142857142857,0.5714285714285714,0.21428571428571427,0.0,1.0,1.0,1.0,0.0,0.0
0.0,0.48148148148148145,0.4444444444444444,0.5185185185185185,0.5185185185185185,0.5185185185185185,1.0,0.25,0.0,0.0,0.0,0.25,0.8125,0.0,0.0,0.0,0.0,0.0,0.0,0.0,0.0,0.0,0.0,0.0,0.0,0.0,0.0,0.0,0.0,0.0,0.75,0.5833333333333334,0.16666666666666666,0.0,1.0,1.0,1.0,0.0,0.0
1.0,0.5185185185185185,0.5185185185185185,0.4444444444444444,0.4444444444444444,0.4444444444444444,1.0,0.25,0.0,0.0,1.0,0.0,0.0,0.0,0.0,0.0,0.0,0.0,0.0,0.0,0.0,0.0,0.0,0.0,0.0,0.0,0.0,0.0,0.0,0.0,0.7857142857142857,0.5714285714285714,0.21428571428571427,0.0,1.0,1.0,1.0,0.0,0.0
0.0,0.4444444444444444,0.3333333333333333,0.5185185185185185,0.5185185185185185,0.5185185185185185,0.0,0.0,0.0,0.0,0.0,0.75,0.375,0.0,0.0,0.0,0.0,0.0,0.0,0.0,0.0,1.0,0.0,0.0,0.0,0.0,0.0,0.0,0.0,0.0,0.8888888888888888,0.4444444444444444,0.2222222222222222,0.0,1.0,1.0,1.0,0.0,0.0
1.0,0.5185185185185185,0.5185185185185185,0.3333333333333333,0.3333333333333333,0.3333333333333333,1.0,0.75,0.0,0.0,1.0,0.0,0.0,0.0,0.0,0.0,0.0,0.0,0.0,0.0,0.0,0.0,0.0,0.0,0.0,0.0,0.0,0.0,0.0,0.0,0.7857142857142857,0.5714285714285714,0.21428571428571427,0.0,1.0,1.0,1.0,0.0,0.0
0.0,0.3333333333333333,0.2962962962962963,0.5185185185185185,0.5185185185185185,0.5185185185185185,0.0,0.0,0.0,0.0,0.0,0.25,0.6875,0.0,0.0,0.0,0.0,0.0,0.0,0.0,0.0,0.0,0.0,0.0,0.0,0.0,0.0,0.0,0.0,0.0,0.875,0.5,0.25,0.0,1.0,1.0,1.0,0.0,0.0
1.0,0.5185185185185185,0.48148148148148145,0.2962962962962963,0.2962962962962963,0.2962962962962963,1.0,0.25,0.0,0.0,0.0,0.25,0.75,0.0,0.0,0.0,0.0,0.0,0.0,0.0,0.0,0.0,0.0,0.0,0.0,0.0,0.0,0.0,0.0,0.0,0.7692307692307693,0.6153846153846154,0.23076923076923078,0.0,1.0,1.0,1.0,0.0,0.0
0.0,0.2962962962962963,0.25925925925925924,0.48148148148148145,0.48148148148148145,0.48148148148148145,1.0,0.25,0.0,0.0,0.0,0.25,0.875,0.0,0.0,0.0,0.0,0.0,0.0,0.0,0.0,0.0,0.0,0.0,0.0,0.0,0.0,0.0,0.0,0.0,0.8571428571428571,0.5714285714285714,0.14285714285714285,0.0,1.0,1.0,1.0,0.0,0.0
1.0,0.48148148148148145,0.4444444444444444,0.25925925925925924,0.25925925925925924,0.25925925925925924,1.0,0.25,0.0,0.0,0.0,0.25,0.9375,0.0,0.0,0.0,1.0,0.0,0.0,0.0,0.0,0.0,0.0,0.0,0.0,0.0,0.0,0.0,0.0,0.0,0.75,0.6666666666666666,0.16666666666666666,0.0,1.0,1.0,1.0,0.0,0.0
0.0,0.25925925925925924,0.25925925925925924,0.4444444444444444,0.4444444444444444,0.4444444444444444,1.0,0.25,0.0,1.0,1.0,0.0,0.0,0.0,0.0,0.0,0.0,0.0,0.0,0.0,0.0,0.0,0.0,0.0,0.0,0.0,0.0,0.0,0.0,0.0,0.8571428571428571,0.5714285714285714,0.14285714285714285,0.0,1.0,1.0,1.0,0.0,0.0
1.0,0.4444444444444444,0.37037037037037035,0.25925925925925924,0.25925925925925924,0.25925925925925924,0.0,0.0,0.0,0.0,0.0,0.5,0.25,0.0,0.0,0.0,0.0,0.0,1.0,0.0,0.0,0.0,0.0,0.0,0.0,0.0,0.0,0.0,0.0,0.0,0.8,0.6,0.2,0.0,1.0,1.0,1.0,0.0,0.0
0.0,0.25925925925925924,0.18518518518518517,0.37037037037037035,0.37037037037037035,0.37037037037037035,1.0,0.5,0.0,0.0,0.0,0.5,0.625,0.0,0.0,1.0,0.0,0.0,1.0,0.0,0.0,0.0,0.0,0.0,0.0,0.0,0.0,0.0,0.0,0.0,1.0,0.8,0.2,0.0,1.0,1.0,1.0,0.0,0.0
1.0,0.37037037037037035,0.37037037037037035,0.18518518518518517,0.18518518518518517,0.18518518518518517,1.0,0.5,0.0,0.0,1.0,0.0,0.0,0.0,0.0,0.0,0.0,0.0,0.0,0.0,0.0,0.0,0.0,0.0,0.0,0.0,0.0,0.0,0.0,0.0,0.8,0.6,0.2,0.0,1.0,1.0,1.0,0.0,0.0
0.0,0.18518518518518517,0.14814814814814814,0.37037037037037035,0.37037037037037035,0.37037037037037035,0.0,0.0,0.0,0.0,0.0,0.25,0.1875,0.0,0.0,0.0,0.0,0.0,0.0,0.0,0.0,0.0,0.0,0.0,0.0,0.0,0.0,0.0,0.0,0.0,1.0,0.75,0.25,0.0,1.0,1.0,1.0,0.0,0.0
1.0,0.37037037037037035,0.3333333333333333,0.14814814814814814,0.14814814814814814,0.14814814814814814,1.0,0.25,0.0,0.0,0.0,0.25,0.4375,1.0,0.0,0.0,0.0,0.0,0.0,0.0,0.0,0.0,0.0,0.0,0.0,0.0,0.0,0.0,0.0,1.0,0.7777777777777778,0.5555555555555556,0.2222222222222222,0.0,1.0,1.0,1.0,0.0,0.0
0.0,0.18518518518518517,0.14814814814814814,0.2962962962962963,0.2962962962962963,0.2962962962962963,1.0,0.25,0.0,0.0,0.0,0.25,0.9375,0.0,0.0,0.0,1.0,0.0,0.0,0.0,0.0,0.0,0.0,0.0,0.0,0.0,0.0,0.0,0.0,0.0,1.0,1.0,0.0,0.0,1.0,1.0,1.0,0.0,0.0
1.0,0.2962962962962963,0.2962962962962963,0.14814814814814814,0.14814814814814814,0.14814814814814814,1.0,0.25,0.0,0.0,1.0,0.0,0.0,0.0,0.0,0.0,0.0,0.0,0.0,0.0,0.0,0.0,0.0,0.0,0.0,0.0,0.0,0.0,0.0,0.0,0.75,0.5,0.25,0.0,1.0,1.0,1.0,0.0,0.0
0.0,0.14814814814814814,0.1111111111111111,0.2962962962962963,0.2962962962962963,0.2962962962962963,0.0,0.0,0.0,0.0,0.0,0.25,0.1875,0.0,0.0,0.0,0.0,0.0,0.0,0.0,0.0,0.0,0.0,0.0,0.0,0.0,0.0,0.0,0.0,0.0,1.0,1.0,0.0,0.0,1.0,1.0,1.0,0.0,0.0
1.0,0.2962962962962963,0.25925925925925924,0.1111111111111111,0.1111111111111111,0.1111111111111111,1.0,0.25,0.0,0.0,0.0,0.25,0.5,0.0,1.0,0.0,0.0,0.0,0.0,0.0,0.0,0.0,0.0,0.0,0.0,0.0,0.0,0.0,1.0,0.0,0.7142857142857143,0.42857142857142855,0.2857142857142857,0.0,1.0,1.0,1.0,0.0,0.0
1.0,0.25925925925925924,0.18518518518518517,0.1111111111111111,0.1111111111111111,0.1111111111111111,0.0,0.0,0.0,0.0,0.0,0.5,0.3125,0.0,0.0,0.0,0.0,0.0,1.0,0.0,0.0,0.0,0.0,0.0,0.0,0.0,0.0,0.0,0.0,0.0,0.8,0.2,0.4,0.0,1.0,1.0,1.0,0.0,0.0
0.0,0.1111111111111111,0.1111111111111111,0.18518518518518517,0.18518518518518517,0.18518518518518517,1.0,0.5,0.0,0.0,1.0,0.0,0.0,0.0,0.0,0.0,0.0,0.0,0.0,0.0,0.0,0.0,0.0,0.0,0.0,0.0,0.0,0.0,0.0,0.0,1.0,1.0,0.0,0.0,1.0,1.0,1.0,0.0,0.0
1.0,0.18518518518518517,0.14814814814814814,0.1111111111111111,0.1111111111111111,0.1111111111111111,0.0,0.0,0.0,0.0,0.0,0.25,0.875,0.0,0.0,0.0,0.0,0.0,0.0,0.0,0.0,0.0,0.0,0.0,0.0,0.0,0.0,0.0,0.0,0.0,0.75,0.25,0.25,0.0,1.0,1.0,1.0,0.0,0.0
0.0,0.1111111111111111,0.1111111111111111,0.14814814814814814,0.14814814814814814,0.14814814814814814,1.0,0.25,0.0,0.0,1.0,0.0,0.0,0.0,0.0,0.0,0.0,0.0,0.0,0.0,0.0,0.0,0.0,0.0,0.0,0.0,0.0,0.0,0.0,0.0,1.0,1.0,0.0,0.0,1.0,1.0,1.0,0.0,0.0
1.0,0.14814814814814814,0.07407407407407407,0.1111111111111111,0.1111111111111111,0.1111111111111111,0.0,0.0,0.0,0.0,0.0,0.5,0.5625,0.0,0.0,0.0,0.0,0.0,1.0,0.0,0.0,0.0,0.0,0.0,0.0,0.0,0.0,0.0,0.0,0.0,1.0,0.5,0.5,0.0,1.0,1.0,1.0,0.0,0.0
0.0,0.1111111111111111,0.1111111111111111,0.07407407407407407,0.07407407407407407,0.07407407407407407,1.0,0.5,0.0,0.0,1.0,0.0,0.0,0.0,0.0,0.0,0.0,0.0,0.0,0.0,0.0,0.0,0.0,0.0,0.0,0.0,0.0,1.0,0.0,0.0,1.0,1.0,0.0,0.0,1.0,1.0,1.0,0.0,0.0
1.0,0.07407407407407407,0.037037037037037035,0.1111111111111111,0.1111111111111111,0.1111111111111111,0.0,0.0,0.0,0.0,0.0,0.25,0.8125,0.0,0.0,0.0,0.0,0.0,0.0,0.0,0.0,0.0,0.0,0.0,0.0,0.0,0.0,0.0,0.0,0.0,1.0,1.0,0.0,0.0,1.0,1.0,1.0,0.0,0.0
0.0,0.1111111111111111,0.1111111111111111,0.037037037037037035,0.037037037037037035,0.037037037037037035,1.0,0.25,0.0,0.0,1.0,0.0,0.0,0.0,0.0,0.0,0.0,0.0,0.0,0.0,0.0,0.0,0.0,0.0,0.0,0.0,0.0,1.0,0.0,0.0,1.0,1.0,0.0,0.0,1.0,1.0,1.0,0.0,0.0
1.0,0.037037037037037035,0.0,0.1111111111111111,0.1111111111111111,0.1111111111111111,0.0,0.0,0.0,0.0,0.0,0.25,0.375,0.0,0.0,0.0,0.0,0.0,0.0,0.0,0.0,0.0,1.0,0.0,0.0,0.0,0.0,0.0,0.0,0.0,0.0,0.0,0.0,0.0,1.0,1.0,1.0,0.0,0.0
0.0,0.9629629629629629,0.8518518518518519,1.0,1.0,1.0,0.0,0.0,0.0,0.0,0.0,0.75,0.5,1.0,1.0,0.0,0.0,0.0,0.0,0.0,0.0,1.0,0.0,1.0,0.0,0.0,0.0,0.0,1.0,1.0,0.4782608695652174,0.391304347826087,0.17391304347826086,1.0,1.0,1.0,1.0,1.0,0.0
0.0,0.8148148148148148,0.7037037037037037,1.037037037037037,1.037037037037037,1.037037037037037,0.0,0.0,0.0,0.0,0.0,0.75,0.625,0.0,1.0,1.0,0.0,0.0,0.0,0.0,0.0,1.0,0.0,1.0,0.0,0.0,0.0,0.0,1.0,0.0,0.5789473684210527,0.3684210526315789,0.21052631578947367,1.0,1.0,1.0,1.0,1.0,0.0
0.0,0.7037037037037037,0.5925925925925926,1.037037037037037,1.037037037037037,1.037037037037037,0.0,0.0,0.0,0.0,0.0,0.75,0.6875,0.0,0.0,0.0,0.0,0.0,0.0,1.0,0.0,0.0,0.0,1.0,0.0,0.0,0.0,0.0,0.0,0.0,0.625,0.4375,0.25,1.0,1.0,1.0,1.0,1.0,0.0
1.0,1.037037037037037,0.9259259259259259,0.5925925925925926,0.5925925925925926,0.5925925925925926,1.0,0.75,0.0,0.0,0.0,0.75,0.9375,0.0,0.0,0.0,1.0,0.0,0.0,1.0,0.0,0.0,0.0,1.0,0.0,0.0,0.0,0.0,0.0,0.0,0.56,0.52,0.24,1.0,1.0,1.0,1.0,1.0,0.0
0.0,0.5925925925925926,0.5925925925925926,0.9259259259259259,0.9259259259259259,0.9259259259259259,1.0,0.75,0.0,0.0,1.0,0.0,0.0,0.0,0.0,0.0,0.0,0.0,0.0,0.0,0.0,0.0,0.0,1.0,0.0,0.0,0.0,0.0,0.0,0.0,0.625,0.4375,0.25,1.0,1.0,1.0,1.0,1.0,0.0
1.0,0.9259259259259259,0.8888888888888888,0.5925925925925926,0.5925925925925926,0.5925925925925926,0.0,0.0,0.0,0.0,0.0,0.25,0.375,0.0,0.0,0.0,0.0,0.0,0.0,0.0,0.0,0.0,0.0,1.0,0.0,0.0,0.0,0.0,0.0,0.0,0.5833333333333334,0.5,0.25,1.0,1.0,1.0,1.0,1.0,0.0
0.0,0.5925925925925926,0.5555555555555556,0.8888888888888888,0.8888888888888888,0.8888888888888888,1.0,0.25,0.0,0.0,0.0,0.25,0.875,0.0,0.0,0.0,0.0,0.0,0.0,0.0,0.0,0.0,0.0,1.0,0.0,0.0,0.0,0.0,0.0,0.0,0.6666666666666666,0.4666666666666667,0.2,1.0,1.0,1.0,1.0,1.0,0.0
1.0,0.8888888888888888,0.8518518518518519,0.5555555555555556,0.5555555555555556,0.5555555555555556,1.0,0.25,0.0,0.0,0.0,0.25,0.9375,0.0,0.0,0.0,1.0,0.0,0.0,0.0,0.0,0.0,0.0,1.0,0.0,0.0,0.0,0.0,0.0,0.0,0.5652173913043478,0.5217391304347826,0.21739130434782608,1.0,1.0,1.0,1.0,1.0,0.0
0.0,0.5555555555555556,0.5555555555555556,0.8518518518518519,0.8518518518518519,0.8518518518518519,1.0,0.25,0.0,1.0,1.0,0.0,0.0,0.0,0.0,0.0,0.0,0.0,0.0,0.0,0.0,0.0,0.0,1.0,0.0,0.0,0.0,0.0,0.0,0.0,0.6666666666666666,0.4666666666666667,0.2,1.0,1.0,1.0,1.0,1.0,0.0
1.0,0.8518518518518519,0.7777777777777778,0.5555555555555556,0.5555555555555556,0.5555555555555556,0.0,0.0,0.0,0.0,0.0,0.5,0.875,0.0,0.0,0.0,0.0,0.0,1.0,0.0,0.0,0.0,0.0,1.0,0.0,0.0,0.0,0.0,0.0,0.0,0.5714285714285714,0.5714285714285714,0.14285714285714285,1.0,1.0,1.0,1.0,1.0,0.0
0.0,0.5555555555555556,0.5555555555555556,0.7777777777777778,0.7777777777777778,0.7777777777777778,1.0,0.5,0.0,0.0,1.0,0.0,0.0,0.0,0.0,0.0,0.0,0.0,0.0,0.0,0.0,0.0,0.0,1.0,0.0,0.0,0.0,0.0,0.0,0.0,0.6666666666666666,0.4666666666666667,0.2,1.0,1.0,1.0,1.0,1.0,0.0
1.0,0.7777777777777778,0.6666666666666666,0.5555555555555556,0.5555555555555556,0.5555555555555556,0.0,0.0,0.0,0.0,0.0,0.75,0.3125,0.0,0.0,0.0,0.0,0.0,0.0,1.0,0.0,0.0,0.0,1.0,0.0,0.0,0.0,0.0,0.0,0.0,0.6111111111111112,0.5,0.16666666666666666,1.0,1.0,1.0,1.0,1.0,0.0
0.0,0.5555555555555556,0.5555555555555556,0.6666666666666666,0.6666666666666666,0.6666666666666666,1.0,0.75,0.0,0.0,1.0,0.0,0.0,0.0,0.0,0.0,0.0,0.0,0.0,0.0,0.0,0.0,0.0,1.0,0.0,0.0,0.0,0.0,0.0,0.0,0.6666666666666666,0.4666666666666667,0.2,1.0,1.0,1.0,1.0,1.0,0.0
1.0,0.6666666666666666,0.5555555555555556,0.5555555555555556,0.5555555555555556,0.5555555555555556,0.0,0.0,0.0,0.0,0.0,0.75,0.4375,1.0,0.0,0.0,0.0,0.0,0.0,1.0,0.0,0.0,0.0,1.0,0.0,0.0,0.0,0.0,0.0,1.0,0.6666666666666666,0.4,0.2,1.0,1.0,1.0,1.0,1.0,0.0
0.0,0.6666666666666666,0.6666666666666666,0.4444444444444444,0.4444444444444444,0.4444444444444444,1.0,0.75,0.0,0.0,1.0,0.0,0.0,0.0,0.0,0.0,0.0,0.0,0.0,0.0,0.0,0.0,0.0,1.0,0.0,0.0,0.0,0.0,0.0,0.0,0.5555555555555556,0.5555555555555556,0.16666666666666666,1.0,1.0,1.0,1.0,1.0,0.0
1.0,0.4444444444444444,0.37037037037037035,0.6666666666666666,0.6666666666666666,0.6666666666666666,0.0,0.0,0.0,0.0,0.0,0.5,0.5625,0.0,0.0,0.0,0.0,0.0,1.0,0.0,0.0,0.0,0.0,1.0,0.0,0.0,0.0,0.0,0.0,0.0,0.8,0.3,0.3,1.0,1.0,1.0,1.0,1.0,0.0
0.0,0.6666666666666666,0.5925925925925926,0.37037037037037035,0.37037037037037035,0.37037037037037035,1.0,0.5,0.0,0.0,0.0,0.5,0.8125,0.0,0.0,0.0,0.0,0.0,1.0,0.0,0.0,0.0,0.0,1.0,0.0,0.0,0.0,0.0,0.0,0.0,0.5625,0.625,0.0625,1.0,1.0,1.0,1.0,1.0,0.0
1.0,0.37037037037037035,0.37037037037037035,0.5925925925925926,0.5925925925925926,0.5925925925925926,1.0,0.5,0.0,0.0,1.0,0.0,0.0,0.0,0.0,0.0,0.0,0.0,0.0,0.0,0.0,0.0,0.0,1.0,0.0,0.0,0.0,0.0,0.0,0.0,0.8,0.3,0.3,1.0,1.0,1.0,1.0,1.0,0.0
0.0,0.5925925925925926,0.5555555555555556,0.37037037037037035,0.37037037037037035,0.37037037037037035,0.0,0.0,0.0,0.0,0.0,0.25,0.25,0.0,0.0,0.0,0.0,0.0,0.0,0.0,0.0,0.0,0.0,1.0,0.0,0.0,0.0,0.0,0.0,0.0,0.6,0.6,0.06666666666666667,1.0,1.0,1.0,1.0,1.0,0.0
1.0,0.37037037037037035,0.3333333333333333,0.5555555555555556,0.5555555555555556,0.5555555555555556,1.0,0.25,0.0,0.0,0.0,0.25,0.375,0.0,0.0,0.0,0.0,0.0,0.0,0.0,0.0,0.0,0.0,1.0,0.0,0.0,0.0,0.0,0.0,0.0,0.7777777777777778,0.2222222222222222,0.3333333333333333,1.0,1.0,1.0,1.0,1.0,0.0
0.0,0.5555555555555556,0.5185185185185185,0.3333333333333333,0.3333333333333333,0.3333333333333333,1.0,0.25,0.0,0.0,0.0,0.25,0.5625,0.0,0.0,0.0,0.0,0.0,0.0,0.0,0.0,0.0,0.0,1.0,0.0,0.0,0.0,0.0,0.0,0.0,0.5714285714285714,0.6428571428571429,0.07142857142857142,1.0,1.0,1.0,1.0,1.0,0.0
1.0,0.3333333333333333,0.2962962962962963,0.5185185185185185,0.5185185185185185,0.5185185185185185,1.0,0.25,0.0,0.0,0.0,0.25,0.6875,0.0,0.0,0.0,0.0,0.0,0.0,0.0,0.0,0.0,0.0,1.0,0.0,0.0,0.0,0.0,0.0,0.0,0.75,0.25,0.375,1.0,1.0,1.0,1.0,1.0,0.0
0.0,0.5185185185185185,0.48148148148148145,0.2962962962962963,0.2962962962962963,0.2962962962962963,1.0,0.25,0.0,0.0,0.0,0.25,0.875,0.0,0.0,0.0,0.0,0.0,0.0,0.0,0.0,0.0,0.0,1.0,0.0,0.0,0.0,0.0,0.0,0.0,0.5384615384615384,0.6923076923076923,0.0,1.0,1.0,1.0,1.0,1.0,0.0
1.0,0.2962962962962963,0.25925925925925924,0.48148148148148145,0.48148148148148145,0.48148148148148145,1.0,0.25,0.0,0.0,0.0,0.25,1.0,0.0,0.0,0.0,0.0,1.0,0.0,0.0,0.0,0.0,0.0,1.0,0.0,0.0,0.0,0.0,0.0,0.0,0.7142857142857143,0.2857142857142857,0.2857142857142857,1.0,1.0,1.0,1.0,1.0,0.0
0.0,0.48148148148148145,0.4444444444444444,0.25925925925925924,0.25925925925925924,0.25925925925925924,1.0,0.25,0.0,0.0,0.0,0.25,0.1875,0.0,0.0,0.0,0.0,0.0,0.0,0.0,0.0,0.0,0.0,1.0,0.0,0.0,0.0,0.0,0.0,0.0,0.5833333333333334,0.6666666666666666,0.0,1.0,1.0,1.0,1.0,1.0,0.0
1.0,0.25925925925925924,0.2222222222222222,0.4444444444444444,0.4444444444444444,0.4444444444444444,1.0,0.25,0.0,0.0,0.0,0.25,0.25,0.0,0.0,0.0,0.0,0.0,0.0,0.0,0.0,0.0,0.0,1.0,0.0,0.0,0.0,0.0,0.0,0.0,0.6666666666666666,0.16666666666666666,0.3333333333333333,1.0,1.0,1.0,1.0,1.0,0.0
0.0,0.4444444444444444,0.4074074074074074,0.2222222222222222,0.2222222222222222,0.2222222222222222,1.0,0.25,0.0,0.0,0.0,0.25,0.3125,0.0,0.0,0.0,0.0,0.0,0.0,0.0,0.0,0.0,0.0,1.0,0.0,0.0,0.0,0.0,0.0,0.0,0.5454545454545454,0.6363636363636364,0.0,1.0,1.0,1.0,1.0,1.0,0.0
1.0,0.2222222222222222,0.18518518518518517,0.4074074074074074,0.4074074074074074,0.4074074074074074,1.0,0.25,0.0,1.0,0.0,0.25,0.75,0.0,0.0,0.0,0.0,0.0,0.0,0.0,0.0,0.0,0.0,1.0,0.0,0.0,0.0,0.0,0.0,0.0,0.8,0.2,0.4,1.0,1.0,1.0,1.0,1.0,0.0
0.0,0.4074074074074074,0.4074074074074074,0.18518518518518517,0.18518518518518517,0.18518518518518517,1.0,0.25,0.0,1.0,1.0,0.0,0.0,0.0,0.0,0.0,0.0,0.0,0.0,0.0,0.0,0.0,0.0,1.0,0.0,0.0,0.0,0.0,0.0,0.0,0.5454545454545454,0.6363636363636364,0.0,1.0,1.0,1.0,1.0,1.0,0.0
1.0,0.18518518518518517,0.1111111111111111,0.4074074074074074,0.4074074074074074,0.4074074074074074,0.0,0.0,0.0,0.0,0.0,0.5,0.8125,0.0,0.0,0.0,0.0,0.0,1.0,0.0,0.0,0.0,0.0,1.0,0.0,0.0,0.0,0.0,0.0,0.0,1.0,0.3333333333333333,0.0,1.0,1.0,1.0,1.0,1.0,0.0
0.0,0.4074074074074074,0.4074074074074074,0.1111111111111111,0.1111111111111111,0.1111111111111111,1.0,0.5,0.0,0.0,1.0,0.0,0.0,0.0,0.0,0.0,0.0,0.0,0.0,0.0,0.0,0.0,0.0,1.0,0.0,0.0,0.0,0.0,0.0,0.0,0.5454545454545454,0.6363636363636364,0.0,1.0,1.0,1.0,1.0,1.0,0.0
1.0,0.1111111111111111,0.07407407407407407,0.4074074074074074,0.4074074074074074,0.4074074074074074,0.0,0.0,0.0,0.0,0.0,0.25,0.75,0.0,0.0,0.0,0.0,0.0,0.0,0.0,0.0,0.0,0.0,1.0,0.0,0.0,0.0,0.0,0.0,0.0,1.0,0.5,0.0,1.0,1.0,1.0,1.0,1.0,0.0
0.0,0.4074074074074074,0.4074074074074074,0.07407407407407407,0.07407407407407407,0.07407407407407407,1.0,0.25,0.0,0.0,1.0,0.0,0.0,0.0,0.0,0.0,0.0,0.0,0.0,0.0,0.0,0.0,0.0,1.0,0.0,0.0,0.0,1.0,0.0,0.0,0.5454545454545454,0.6363636363636364,0.0,1.0,1.0,1.0,1.0,1.0,0.0
1.0,0.07407407407407407,0.037037037037037035,0.4074074074074074,0.4074074074074074,0.4074074074074074,0.0,0.0,0.0,0.0,0.0,0.25,0.5,0.0,1.0,0.0,0.0,0.0,0.0,0.0,0.0,0.0,0.0,1.0,0.0,1.0,0.0,0.0,1.0,0.0,1.0,0.0,0.0,1.0,1.0,1.0,1.0,1.0,0.0
1.0,0.037037037037037035,0.0,0.4074074074074074,0.4074074074074074,0.4074074074074074,0.0,0.0,0.0,0.0,0.0,0.25,0.625,0.0,0.0,1.0,0.0,0.0,0.0,0.0,0.0,0.0,1.0,0.0,1.0,0.0,1.0,0.0,0.0,0.0,0.0,0.0,0.0,1.0,1.0,1.0,1.0,1.0,0.0
0.0,0.6666666666666666,0.5925925925925926,0.6296296296296297,0.6481481481481481,0.6666666666666666,0.0,0.0,0.0,0.0,0.0,0.5,0.75,0.0,0.0,0.0,0.0,0.0,1.0,0.0,0.0,0.0,0.0,1.0,0.0,0.0,0.0,0.0,0.0,0.0,0.625,0.4375,0.25,1.0,1.0,1.0,1.0,1.0,0.0
1.0,0.6296296296296297,0.5555555555555556,0.5925925925925926,0.6296296296296297,0.6666666666666666,1.0,0.5,0.0,0.0,0.0,0.5,0.9375,0.0,0.0,0.0,1.0,0.0,1.0,0.0,0.0,0.0,0.0,1.0,0.0,0.0,0.0,0.0,0.0,0.0,0.8,0.4,0.26666666666666666,1.0,1.0,1.0,1.0,1.0,0.0
0.5,0.6666666666666666,0.6666666666666666,0.5555555555555556,0.5740740740740741,0.5925925925925926,1.0,0.5,0.0,0.0,1.0,0.0,0.0,0.0,0.0,0.0,0.0,0.0,0.0,0.0,0.0,0.0,0.0,0.0,0.0,0.0,0.0,0.0,0.0,0.0,0.6111111111111112,0.6111111111111112,0.16666666666666666,1.0,1.0,1.0,1.0,1.0,0.0
0.0,0.5925925925925926,0.5925925925925926,0.5555555555555556,0.6111111111111112,0.6666666666666666,1.0,0.5,0.0,0.0,1.0,0.0,0.0,0.0,0.0,0.0,0.0,0.0,0.0,0.0,0.0,0.0,0.0,1.0,0.0,0.0,0.0,0.0,0.0,0.0,0.625,0.4375,0.25,1.0,1.0,1.0,1.0,1.0,0.0
1.0,0.5555555555555556,0.48148148148148145,0.5925925925925926,0.6296296296296297,0.6666666666666666,0.0,0.0,0.0,0.0,0.0,0.5,0.4375,1.0,0.0,0.0,0.0,0.0,1.0,0.0,0.0,0.0,0.0,1.0,0.0,0.0,0.0,0.0,0.0,1.0,0.8461538461538461,0.3076923076923077,0.3076923076923077,1.0,1.0,1.0,1.0,1.0,0.0
0.5,0.7407407407407407,0.6666666666666666,0.4074074074074074,0.5,0.5925925925925926,1.0,0.5,0.0,0.0,0.0,0.5,0.8125,0.0,0.0,0.0,0.0,0.0,1.0,0.0,0.0,0.0,0.0,0.0,0.0,0.0,0.0,0.0,0.0,0.0,0.5555555555555556,0.7222222222222222,0.05555555555555555,1.0,1.0,1.0,1.0,1.0,0.0
0.0,0.5925925925925926,0.5185185185185185,0.4074074074074074,0.5370370370370371,0.6666666666666666,1.0,0.5,0.0,0.0,0.0,0.5,0.875,0.0,0.0,0.0,0.0,0.0,1.0,0.0,0.0,0.0,0.0,1.0,0.0,0.0,0.0,0.0,0.0,0.0,0.6428571428571429,0.5,0.14285714285714285,1.0,1.0,1.0,1.0,1.0,0.0
1.0,0.4074074074074074,0.4074074074074074,0.5185185185185185,0.5925925925925926,0.6666666666666666,1.0,0.5,0.0,0.0,1.0,0.0,0.0,0.0,0.0,0.0,0.0,0.0,0.0,0.0,0.0,0.0,0.0,1.0,0.0,0.0,0.0,0.0,0.0,0.0,0.9090909090909091,0.18181818181818182,0.36363636363636365,1.0,1.0,1.0,1.0,1.0,0.0
0.5,0.6666666666666666,0.6666666666666666,0.4074074074074074,0.46296296296296297,0.5185185185185185,1.0,0.5,0.0,0.0,1.0,0.0,0.0,0.0,0.0,0.0,0.0,0.0,0.0,0.0,0.0,0.0,0.0,0.0,0.0,0.0,0.0,0.0,0.0,0.0,0.5555555555555556,0.7222222222222222,0.05555555555555555,1.0,1.0,1.0,1.0,1.0,0.0
0.0,0.5185185185185185,0.4074074074074074,0.4074074074074074,0.5370370370370371,0.6666666666666666,0.0,0.0,0.0,0.0,0.0,0.75,0.625,0.0,1.0,1.0,0.0,0.0,0.0,0.0,0.0,1.0,0.0,1.0,0.0,0.0,0.0,0.0,1.0,0.0,0.7272727272727273,0.5454545454545454,0.18181818181818182,1.0,1.0,1.0,1.0,1.0,0.0
0.0,0.4074074074074074,0.3333333333333333,0.4074074074074074,0.5370370370370371,0.6666666666666666,0.0,0.0,0.0,0.0,0.0,0.5,0.3125,0.0,0.0,0.0,0.0,0.0,1.0,0.0,0.0,0.0,0.0,1.0,0.0,0.0,0.0,0.0,0.0,0.0,0.7777777777777778,0.4444444444444444,0.2222222222222222,1.0,1.0,1.0,1.0,1.0,0.0
1.0,0.4074074074074074,0.3333333333333333,0.3333333333333333,0.5,0.6666666666666666,1.0,0.5,0.0,0.0,0.0,0.5,0.5625,0.0,0.0,0.0,0.0,0.0,1.0,0.0,0.0,0.0,0.0,1.0,0.0,0.0,0.0,0.0,0.0,0.0,1.0,0.2222222222222222,0.4444444444444444,1.0,1.0,1.0,1.0,1.0,0.0
0.5,0.6666666666666666,0.6666666666666666,0.3333333333333333,0.3333333333333333,0.3333333333333333,1.0,0.5,0.0,0.0,1.0,0.0,0.0,0.0,0.0,0.0,0.0,0.0,0.0,0.0,0.0,0.0,0.0,0.0,0.0,0.0,0.0,0.0,0.0,0.0,0.5555555555555556,0.7222222222222222,0.05555555555555555,1.0,1.0,1.0,1.0,1.0,0.0
0.0,0.3333333333333333,0.3333333333333333,0.3333333333333333,0.5,0.6666666666666666,1.0,0.5,0.0,0.0,1.0,0.0,0.0,0.0,0.0,0.0,0.0,0.0,0.0,0.0,0.0,0.0,0.0,1.0,0.0,0.0,0.0,0.0,0.0,0.0,0.7777777777777778,0.4444444444444444,0.2222222222222222,1.0,1.0,1.0,1.0,1.0,0.0
1.0,0.3333333333333333,0.2962962962962963,0.3333333333333333,0.5,0.6666666666666666,0.0,0.0,0.0,0.0,0.0,0.25,0.375,0.0,0.0,0.0,0.0,0.0,0.0,0.0,0.0,0.0,0.0,1.0,0.0,0.0,0.0,0.0,0.0,0.0,1.0,0.125,0.5,1.0,1.0,1.0,1.0,1.0,0.0
0.5,0.6666666666666666,0.6296296296296297,0.2962962962962963,0.3148148148148148,0.3333333333333333,1.0,0.25,0.0,0.0,0.0,0.25,0.4375,1.0,0.0,0.0,0.0,0.0,0.0,0.0,0.0,0.0,0.0,0.0,0.0,0.0,0.0,0.0,0.0,1.0,0.5882352941176471,0.7058823529411765,0.058823529411764705,1.0,1.0,1.0,1.0,1.0,0.0
0.0,0.37037037037037035,0.3333333333333333,0.2962962962962963,0.4444444444444444,0.5925925925925926,1.0,0.25,0.0,1.0,0.0,0.25,0.5,0.0,1.0,0.0,0.0,0.0,0.0,0.0,0.0,0.0,0.0,1.0,0.0,0.0,0.0,0.0,1.0,0.0,0.7777777777777778,0.4444444444444444,0.2222222222222222,1.0,1.0,1.0,1.0,1.0,0.0
0.0,0.3333333333333333,0.25925925925925924,0.2962962962962963,0.4444444444444444,0.5925925925925926,0.0,0.0,0.0,0.0,0.0,0.5,0.1875,0.0,0.0,0.0,0.0,0.0,1.0,0.0,0.0,0.0,0.0,1.0,0.0,0.0,0.0,0.0,0.0,0.0,0.8571428571428571,0.2857142857142857,0.2857142857142857,1.0,1.0,1.0,1.0,1.0,0.0
1.0,0.2962962962962963,0.2962962962962963,0.25925925925925924,0.42592592592592593,0.5925925925925926,1.0,0.5,0.0,0.0,1.0,0.0,0.0,0.0,0.0,0.0,0.0,0.0,0.0,0.0,0.0,0.0,0.0,1.0,0.0,0.0,0.0,0.0,0.0,0.0,1.0,0.125,0.5,1.0,1.0,1.0,1.0,1.0,0.0
0.5,0.5925925925925926,0.5185185185185185,0.25925925925925924,0.2777777777777778,0.2962962962962963,1.0,0.5,0.0,0.0,0.0,0.5,0.25,0.0,0.0,0.0,0.0,0.0,1.0,0.0,0.0,0.0,0.0,0.0,0.0,0.0,0.0,0.0,0.0,0.0,0.7142857142857143,0.6428571428571429,0.07142857142857142,1.0,1.0,1.0,1.0,1.0,0.0
0.0,0.25925925925925924,0.25925925925925924,0.2962962962962963,0.4074074074074074,0.5185185185185185,1.0,0.5,0.0,0.0,1.0,0.0,0.0,0.0,0.0,0.0,0.0,0.0,0.0,0.0,0.0,0.0,0.0,1.0,0.0,0.0,0.0,0.0,0.0,0.0,0.8571428571428571,0.2857142857142857,0.2857142857142857,1.0,1.0,1.0,1.0,1.0,0.0
0.5,0.5185185185185185,0.4444444444444444,0.25925925925925924,0.2777777777777778,0.2962962962962963,0.0,0.0,0.0,0.0,0.0,0.5,0.25,0.0,0.0,0.0,0.0,0.0,1.0,0.0,0.0,0.0,0.0,0.0,0.0,0.0,0.0,0.0,0.0,0.0,0.75,0.5833333333333334,0.08333333333333333,1.0,1.0,1.0,1.0,1.0,0.0
0.0,0.25925925925925924,0.18518518518518517,0.2962962962962963,0.37037037037037035,0.4444444444444444,1.0,0.5,0.0,0.0,0.0,0.5,0.6875,0.0,0.0,0.0,0.0,0.0,1.0,0.0,0.0,0.0,0.0,1.0,0.0,0.0,0.0,0.0,0.0,0.0,1.0,0.4,0.4,1.0,1.0,1.0,1.0,1.0,0.0
1.0,0.2962962962962963,0.2962962962962963,0.18518518518518517,0.3148148148148148,0.4444444444444444,1.0,0.5,0.0,0.0,1.0,0.0,0.0,0.0,0.0,0.0,0.0,0.0,0.0,0.0,0.0,0.0,0.0,1.0,0.0,0.0,0.0,0.0,0.0,0.0,1.0,0.125,0.5,1.0,1.0,1.0,1.0,1.0,0.0
0.5,0.4444444444444444,0.4444444444444444,0.18518518518518517,0.24074074074074073,0.2962962962962963,1.0,0.5,0.0,0.0,1.0,0.0,0.0,0.0,0.0,0.0,0.0,0.0,0.0,0.0,0.0,0.0,0.0,0.0,0.0,0.0,0.0,0.0,0.0,0.0,0.75,0.5833333333333334,0.08333333333333333,1.0,1.0,1.0,1.0,1.0,0.0
0.0,0.18518518518518517,0.14814814814814814,0.2962962962962963,0.37037037037037035,0.4444444444444444,0.0,0.0,0.0,0.0,0.0,0.25,0.375,0.0,0.0,0.0,0.0,0.0,0.0,0.0,0.0,0.0,0.0,1.0,0.0,0.0,0.0,0.0,0.0,0.0,1.0,0.25,0.5,1.0,1.0,1.0,1.0,1.0,0.0
1.0,0.2962962962962963,0.25925925925925924,0.14814814814814814,0.2962962962962963,0.4444444444444444,1.0,0.25,0.0,0.0,0.0,0.25,0.6875,0.0,0.0,0.0,0.0,0.0,0.0,0.0,0.0,0.0,0.0,1.0,0.0,0.0,0.0,0.0,0.0,0.0,1.0,0.14285714285714285,0.5714285714285714,1.0,1.0,1.0,1.0,1.0,0.0
0.5,0.4444444444444444,0.4074074074074074,0.14814814814814814,0.2037037037037037,0.25925925925925924,1.0,0.25,0.0,1.0,0.0,0.25,0.75,0.0,0.0,0.0,0.0,0.0,0.0,0.0,0.0,0.0,0.0,0.0,0.0,0.0,0.0,0.0,0.0,0.0,0.7272727272727273,0.6363636363636364,0.09090909090909091,1.0,1.0,1.0,1.0,1.0,0.0
0.0,0.14814814814814814,0.14814814814814814,0.25925925925925924,0.3333333333333333,0.4074074074074074,1.0,0.25,0.0,1.0,1.0,0.0,0.0,0.0,0.0,0.0,0.0,0.0,0.0,0.0,0.0,0.0,0.0,1.0,0.0,0.0,0.0,0.0,0.0,0.0,1.0,0.25,0.5,1.0,1.0,1.0,1.0,1.0,0.0
1.0,0.25925925925925924,0.2222222222222222,0.14814814814814814,0.2777777777777778,0.4074074074074074,1.0,0.25,0.0,1.0,0.0,0.25,1.0,0.0,0.0,0.0,0.0,1.0,0.0,0.0,0.0,0.0,0.0,1.0,0.0,0.0,0.0,0.0,0.0,0.0,1.0,0.16666666666666666,0.5,1.0,1.0,1.0,1.0,1.0,0.0
0.5,0.4074074074074074,0.37037037037037035,0.14814814814814814,0.18518518518518517,0.2222222222222222,1.0,0.25,0.0,1.0,0.0,0.25,0.1875,0.0,0.0,0.0,0.0,0.0,0.0,0.0,0.0,0.0,0.0,0.0,0.0,0.0,0.0,0.0,0.0,0.0,0.8,0.6,0.1,1.0,1.0,1.0,1.0,1.0,0.0
1.0,0.2222222222222222,0.2222222222222222,0.14814814814814814,0.25925925925925924,0.37037037037037035,1.0,0.25,0.0,1.0,1.0,0.0,0.0,0.0,0.0,0.0,0.0,0.0,0.0,0.0,0.0,0.0,0.0,1.0,0.0,0.0,0.0,0.0,0.0,0.0,1.0,0.16666666666666666,0.5,1.0,1.0,1.0,1.0,1.0,0.0
0.5,0.37037037037037035,0.2962962962962963,0.14814814814814814,0.18518518518518517,0.2222222222222222,0.0,0.0,0.0,0.0,0.0,0.5,0.3125,0.0,0.0,0.0,0.0,0.0,1.0,0.0,0.0,0.0,0.0,0.0,0.0,0.0,0.0,0.0,0.0,0.0,0.875,0.5,0.125,1.0,1.0,1.0,1.0,1.0,0.0
0.0,0.14814814814814814,0.14814814814814814,0.2222222222222222,0.25925925925925924,0.2962962962962963,1.0,0.5,0.0,0.0,1.0,0.0,0.0,0.0,0.0,0.0,0.0,0.0,0.0,0.0,0.0,0.0,0.0,1.0,0.0,0.0,0.0,0.0,0.0,0.0,1.0,0.25,0.5,1.0,1.0,1.0,1.0,1.0,0.0
1.0,0.2222222222222222,0.2222222222222222,0.14814814814814814,0.2222222222222222,0.2962962962962963,1.0,0.5,0.0,0.0,1.0,0.0,0.0,0.0,0.0,0.0,0.0,0.0,0.0,0.0,0.0,0.0,0.0,1.0,0.0,0.0,0.0,0.0,0.0,0.0,1.0,0.16666666666666666,0.5,1.0,1.0,1.0,1.0,1.0,0.0
0.5,0.2962962962962963,0.2222222222222222,0.14814814814814814,0.18518518518518517,0.2222222222222222,0.0,0.0,0.0,0.0,0.0,0.5,0.375,0.0,0.0,0.0,0.0,0.0,1.0,0.0,0.0,0.0,0.0,0.0,0.0,0.0,0.0,0.0,0.0,0.0,1.0,0.3333333333333333,0.16666666666666666,1.0,1.0,1.0,1.0,1.0,0.0
0.0,0.14814814814814814,0.14814814814814814,0.2222222222222222,0.2222222222222222,0.2222222222222222,1.0,0.5,0.0,0.0,1.0,0.0,0.0,0.0,0.0,0.0,0.0,0.0,0.0,0.0,0.0,0.0,0.0,1.0,0.0,0.0,0.0,0.0,0.0,0.0,1.0,0.25,0.5,1.0,1.0,1.0,1.0,1.0,0.0
1.0,0.2222222222222222,0.2222222222222222,0.14814814814814814,0.18518518518518517,0.2222222222222222,1.0,0.5,0.0,0.0,1.0,0.0,0.0,0.0,0.0,0.0,0.0,0.0,0.0,0.0,0.0,0.0,0.0,1.0,0.0,0.0,0.0,0.0,0.0,0.0,1.0,0.16666666666666666,0.5,1.0,1.0,1.0,1.0,1.0,0.0
0.5,0.2222222222222222,0.18518518518518517,0.14814814814814814,0.18518518518518517,0.2222222222222222,0.0,0.0,0.0,0.0,0.0,0.25,0.4375,1.0,0.0,0.0,0.0,0.0,0.0,0.0,0.0,0.0,0.0,0.0,0.0,0.0,0.0,0.0,0.0,1.0,1.0,0.2,0.2,1.0,1.0,1.0,1.0,1.0,0.0
0.0,0.18518518518518517,0.14814814814814814,0.14814814814814814,0.18518518518518517,0.2222222222222222,1.0,0.25,0.0,0.0,0.0,0.25,0.8125,0.0,0.0,0.0,0.0,0.0,0.0,0.0,0.0,0.0,0.0,1.0,0.0,0.0,0.0,0.0,0.0,0.0,1.0,0.5,0.25,1.0,1.0,1.0,1.0,1.0,0.0
1.0,0.2222222222222222,0.18518518518518517,0.14814814814814814,0.14814814814814814,0.14814814814814814,1.0,0.25,0.0,0.0,0.0,0.25,0.875,0.0,0.0,0.0,0.0,0.0,0.0,0.0,0.0,0.0,0.0,1.0,0.0,0.0,0.0,0.0,0.0,0.0,1.0,0.2,0.4,1.0,1.0,1.0,1.0,1.0,0.0
0.5,0.14814814814814814,0.14814814814814814,0.14814814814814814,0.16666666666666666,0.18518518518518517,1.0,0.25,0.0,1.0,1.0,0.0,0.0,0.0,0.0,0.0,0.0,0.0,0.0,0.0,0.0,0.0,0.0,0.0,0.0,0.0,0.0,0.0,0.0,0.0,1.0,0.0,0.25,1.0,1.0,1.0,1.0,1.0,0.0
0.0,0.14814814814814814,0.14814814814814814,0.14814814814814814,0.16666666666666666,0.18518518518518517,1.0,0.25,0.0,1.0,1.0,0.0,0.0,0.0,0.0,0.0,0.0,0.0,0.0,0.0,0.0,0.0,0.0,1.0,0.0,0.0,0.0,0.0,0.0,0.0,1.0,0.5,0.25,1.0,1.0,1.0,1.0,1.0,0.0
1.0,0.18518518518518517,0.14814814814814814,0.14814814814814814,0.14814814814814814,0.14814814814814814,0.0,0.0,0.0,0.0,0.0,0.25,0.9375,0.0,0.0,0.0,1.0,0.0,0.0,0.0,0.0,0.0,0.0,1.0,0.0,0.0,0.0,0.0,0.0,0.0,1.0,0.25,0.25,1.0,1.0,1.0,1.0,1.0,0.0
0.5,0.14814814814814814,0.14814814814814814,0.14814814814814814,0.14814814814814814,0.14814814814814814,1.0,0.25,0.0,0.0,1.0,0.0,0.0,0.0,0.0,0.0,0.0,0.0,0.0,0.0,0.0,0.0,0.0,0.0,0.0,0.0,0.0,0.0,0.0,0.0,1.0,0.0,0.25,1.0,1.0,1.0,1.0,1.0,0.0
0.0,0.14814814814814814,0.14814814814814814,0.14814814814814814,0.14814814814814814,0.14814814814814814,1.0,0.25,0.0,0.0,1.0,0.0,0.0,0.0,0.0,0.0,0.0,0.0,0.0,0.0,0.0,0.0,0.0,1.0,0.0,0.0,0.0,0.0,0.0,0.0,1.0,0.5,0.25,1.0,1.0,1.0,1.0,1.0,0.0
1.0,0.14814814814814814,0.1111111111111111,0.14814814814814814,0.14814814814814814,0.14814814814814814,0.0,0.0,0.0,0.0,0.0,0.25,0.75,0.0,0.0,0.0,0.0,0.0,0.0,0.0,0.0,0.0,0.0,1.0,0.0,0.0,0.0,0.0,0.0,0.0,1.0,0.3333333333333333,0.3333333333333333,1.0,1.0,1.0,1.0,1.0,0.0
0.5,0.14814814814814814,0.1111111111111111,0.1111111111111111,0.12962962962962962,0.14814814814814814,1.0,0.25,0.0,0.0,0.0,0.25,0.875,0.0,0.0,0.0,0.0,0.0,0.0,0.0,0.0,0.0,0.0,0.0,0.0,0.0,0.0,0.0,0.0,0.0,1.0,0.0,0.0,1.0,1.0,1.0,1.0,1.0,0.0
0.0,0.14814814814814814,0.1111111111111111,0.1111111111111111,0.1111111111111111,0.1111111111111111,1.0,0.25,0.0,0.0,0.0,0.25,0.9375,0.0,0.0,0.0,1.0,0.0,0.0,0.0,0.0,0.0,0.0,1.0,0.0,0.0,0.0,0.0,0.0,0.0,1.0,0.6666666666666666,0.0,1.0,1.0,1.0,1.0,1.0,0.0
1.0,0.1111111111111111,0.1111111111111111,0.1111111111111111,0.1111111111111111,0.1111111111111111,1.0,0.25,0.0,1.0,1.0,0.0,0.0,0.0,0.0,0.0,0.0,0.0,0.0,0.0,0.0,0.0,0.0,1.0,0.0,0.0,0.0,0.0,0.0,0.0,1.0,0.3333333333333333,0.3333333333333333,1.0,1.0,1.0,1.0,1.0,0.0
0.5,0.1111111111111111,0.1111111111111111,0.1111111111111111,0.1111111111111111,0.1111111111111111,1.0,0.25,0.0,1.0,1.0,0.0,0.0,0.0,0.0,0.0,0.0,0.0,0.0,0.0,0.0,0.0,0.0,0.0,0.0,0.0,0.0,0.0,0.0,0.0,1.0,0.0,0.0,1.0,1.0,1.0,1.0,1.0,0.0
0.0,0.1111111111111111,0.07407407407407407,0.1111111111111111,0.1111111111111111,0.1111111111111111,0.0,0.0,0.0,0.0,0.0,0.25,0.1875,0.0,0.0,0.0,0.0,0.0,0.0,0.0,0.0,0.0,0.0,1.0,0.0,0.0,0.0,0.0,0.0,0.0,1.0,0.5,0.0,1.0,1.0,1.0,1.0,1.0,0.0
1.0,0.1111111111111111,0.07407407407407407,0.07407407407407407,0.09259259259259259,0.1111111111111111,1.0,0.25,0.0,0.0,0.0,0.25,0.8125,0.0,0.0,0.0,0.0,0.0,0.0,0.0,0.0,0.0,0.0,1.0,0.0,0.0,0.0,1.0,0.0,0.0,1.0,0.5,0.0,1.0,1.0,1.0,1.0,1.0,0.0
0.5,0.1111111111111111,0.1111111111111111,0.07407407407407407,0.07407407407407407,0.07407407407407407,1.0,0.25,0.0,0.0,1.0,0.0,0.0,0.0,0.0,0.0,0.0,0.0,0.0,0.0,0.0,0.0,0.0,0.0,0.0,0.0,0.0,1.0,0.0,0.0,1.0,0.0,0.0,1.0,1.0,1.0,1.0,1.0,0.0
0.0,0.07407407407407407,0.07407407407407407,0.07407407407407407,0.09259259259259259,0.1111111111111111,1.0,0.25,0.0,0.0,1.0,0.0,0.0,0.0,0.0,0.0,0.0,0.0,0.0,0.0,0.0,0.0,0.0,1.0,0.0,0.0,0.0,1.0,0.0,0.0,1.0,0.5,0.0,1.0,1.0,1.0,1.0,1.0,0.0
1.0,0.07407407407407407,0.037037037037037035,0.07407407407407407,0.09259259259259259,0.1111111111111111,0.0,0.0,0.0,0.0,0.0,0.25,0.5,0.0,1.0,0.0,0.0,0.0,0.0,0.0,0.0,0.0,0.0,1.0,0.0,1.0,0.0,1.0,1.0,0.0,1.0,0.0,0.0,1.0,1.0,1.0,1.0,1.0,0.0
1.0,0.037037037037037035,0.0,0.07407407407407407,0.09259259259259259,0.1111111111111111,0.0,0.0,0.0,0.0,0.0,0.25,0.625,0.0,0.0,1.0,0.0,0.0,0.0,0.0,0.0,0.0,1.0,0.0,1.0,0.0,1.0,1.0,0.0,0.0,0.0,0.0,0.0,1.0,1.0,1.0,1.0,1.0,0.0
0.5,0.1111111111111111,0.07407407407407407,0.07407407407407407,0.07407407407407407,0.07407407407407407,1.0,0.25,0.0,0.0,0.0,0.25,0.6875,0.0,0.0,0.0,0.0,0.0,0.0,0.0,0.0,0.0,0.0,0.0,0.0,0.0,0.0,1.0,0.0,0.0,1.0,0.0,0.0,1.0,1.0,1.0,1.0,1.0,0.0
0.0,0.07407407407407407,0.07407407407407407,0.07407407407407407,0.07407407407407407,0.07407407407407407,1.0,0.25,0.0,0.0,1.0,0.0,0.0,0.0,0.0,0.0,0.0,0.0,0.0,0.0,0.0,0.0,0.0,1.0,0.0,0.0,0.0,1.0,0.0,0.0,1.0,0.5,0.0,1.0,1.0,1.0,1.0,1.0,0.0
0.5,0.07407407407407407,0.037037037037037035,0.07407407407407407,0.07407407407407407,0.07407407407407407,0.0,0.0,0.0,0.0,0.0,0.25,0.5625,0.0,0.0,0.0,0.0,0.0,0.0,0.0,0.0,0.0,0.0,0.0,0.0,0.0,0.0,1.0,0.0,0.0,1.0,0.0,0.0,1.0,1.0,1.0,1.0,1.0,0.0
0.0,0.07407407407407407,0.07407407407407407,0.037037037037037035,0.037037037037037035,0.037037037037037035,1.0,0.25,0.0,0.0,1.0,0.0,0.0,0.0,0.0,0.0,0.0,0.0,0.0,0.0,0.0,0.0,0.0,1.0,0.0,0.0,0.0,1.0,0.0,0.0,1.0,0.5,0.0,1.0,1.0,1.0,1.0,1.0,0.0
0.5,0.037037037037037035,0.0,0.07407407407407407,0.07407407407407407,0.07407407407407407,0.0,0.0,0.0,0.0,0.0,0.25,0.625,0.0,0.0,1.0,0.0,0.0,0.0,0.0,0.0,0.0,1.0,0.0,0.0,0.0,0.0,1.0,0.0,0.0,0.0,0.0,0.0,1.0,1.0,1.0,1.0,1.0,0.0
0.0,0.5185185185185185,0.4074074074074074,0.48148148148148145,0.4938271604938272,0.5185185185185185,0.0,0.0,0.0,0.0,0.0,0.75,0.25,0.0,0.0,0.0,0.0,0.0,0.0,1.0,0.0,0.0,0.0,1.0,0.0,0.0,0.0,0.0,0.0,0.0,0.7272727272727273,0.45454545454545453,0.0,0.0,1.0,0.0,1.0,1.0,0.0
0.3333333333333333,0.5185185185185185,0.5185185185185185,0.4074074074074074,0.45679012345679015,0.48148148148148145,1.0,0.75,0.0,0.0,1.0,0.0,0.0,0.0,0.0,0.0,0.0,0.0,0.0,0.0,0.0,0.0,0.0,1.0,0.0,0.0,0.0,0.0,0.0,0.0,0.7857142857142857,0.5714285714285714,0.14285714285714285,0.0,1.0,0.0,1.0,1.0,0.0
1.0,0.48148148148148145,0.48148148148148145,0.4074074074074074,0.4691358024691358,0.5185185185185185,1.0,0.75,0.0,0.0,1.0,0.0,0.0,0.0,0.0,0.0,0.0,0.0,0.0,0.0,0.0,0.0,0.0,1.0,0.0,0.0,0.0,0.0,0.0,0.0,0.6923076923076923,0.3076923076923077,0.46153846153846156,0.0,1.0,0.0,1.0,1.0,0.0
0.6666666666666666,0.48148148148148145,0.37037037037037035,0.4074074074074074,0.4691358024691358,0.5185185185185185,1.0,0.75,0.0,0.0,0.0,0.75,0.875,0.0,0.0,0.0,0.0,0.0,0.0,1.0,0.0,0.0,0.0,0.0,0.0,0.0,0.0,0.0,0.0,0.0,0.7,0.4,0.3,0.0,1.0,0.0,1.0,1.0,0.0
0.0,0.4074074074074074,0.4074074074074074,0.37037037037037035,0.45679012345679015,0.5185185185185185,1.0,0.75,0.0,0.0,1.0,0.0,0.0,0.0,0.0,0.0,0.0,0.0,0.0,0.0,0.0,0.0,0.0,1.0,0.0,0.0,0.0,0.0,0.0,0.0,0.7272727272727273,0.45454545454545453,0.0,0.0,1.0,0.0,1.0,1.0,0.0
0.6666666666666666,0.37037037037037035,0.2962962962962963,0.4074074074074074,0.4691358024691358,0.5185185185185185,0.0,0.0,0.0,0.0,0.0,0.5,0.4375,1.0,0.0,0.0,0.0,0.0,1.0,0.0,0.0,0.0,0.0,0.0,0.0,0.0,0.0,0.0,0.0,1.0,0.75,0.25,0.375,0.0,1.0,0.0,1.0,1.0,0.0
0.0,0.48148148148148145,0.4074074074074074,0.2222222222222222,0.4074074074074074,0.5185185185185185,1.0,0.5,0.0,0.0,0.0,0.5,0.6875,0.0,0.0,0.0,0.0,0.0,1.0,0.0,0.0,0.0,0.0,1.0,0.0,0.0,0.0,0.0,0.0,0.0,0.7272727272727273,0.6363636363636364,0.0,0.0,1.0,0.0,1.0,1.0,0.0
0.3333333333333333,0.5185185185185185,0.5185185185185185,0.2222222222222222,0.37037037037037035,0.48148148148148145,1.0,0.5,0.0,0.0,1.0,0.0,0.0,0.0,0.0,0.0,0.0,0.0,0.0,0.0,0.0,0.0,0.0,1.0,0.0,0.0,0.0,0.0,0.0,0.0,0.7857142857142857,0.5714285714285714,0.14285714285714285,0.0,1.0,0.0,1.0,1.0,0.0
1.0,0.48148148148148145,0.4074074074074074,0.2222222222222222,0.3827160493827161,0.5185185185185185,1.0,0.5,0.0,0.0,0.0,0.5,0.75,0.0,0.0,0.0,0.0,0.0,1.0,0.0,0.0,0.0,0.0,1.0,0.0,0.0,0.0,0.0,0.0,0.0,0.7272727272727273,0.36363636363636365,0.5454545454545454,0.0,1.0,0.0,1.0,1.0,0.0
0.6666666666666666,0.2222222222222222,0.14814814814814814,0.4074074074074074,0.4444444444444444,0.5185185185185185,1.0,0.5,0.0,0.0,0.0,0.5,0.9375,0.0,0.0,0.0,1.0,0.0,1.0,0.0,0.0,0.0,0.0,0.0,0.0,0.0,0.0,0.0,0.0,0.0,0.75,0.0,0.25,0.0,1.0,0.0,1.0,1.0,0.0
0.0,0.4074074074074074,0.4074074074074074,0.14814814814814814,0.35802469135802467,0.5185185185185185,1.0,0.5,0.0,0.0,1.0,0.0,0.0,0.0,0.0,0.0,0.0,0.0,0.0,0.0,0.0,0.0,0.0,1.0,0.0,0.0,0.0,0.0,0.0,0.0,0.7272727272727273,0.6363636363636364,0.0,0.0,1.0,0.0,1.0,1.0,0.0
1.0,0.4074074074074074,0.4074074074074074,0.14814814814814814,0.35802469135802467,0.5185185185185185,1.0,0.5,0.0,0.0,1.0,0.0,0.0,0.0,0.0,0.0,0.0,0.0,0.0,0.0,0.0,0.0,0.0,1.0,0.0,0.0,0.0,0.0,0.0,0.0,0.7272727272727273,0.36363636363636365,0.5454545454545454,0.0,1.0,0.0,1.0,1.0,0.0
0.6666666666666666,0.14814814814814814,0.07407407407407407,0.4074074074074074,0.4444444444444444,0.5185185185185185,0.0,0.0,0.0,0.0,0.0,0.5,0.5625,0.0,0.0,0.0,0.0,0.0,1.0,0.0,0.0,0.0,0.0,0.0,0.0,0.0,0.0,0.0,0.0,0.0,1.0,0.0,0.5,0.0,1.0,0.0,1.0,1.0,0.0
0.0,0.4074074074074074,0.4074074074074074,0.07407407407407407,0.3333333333333333,0.5185185185185185,1.0,0.5,0.0,0.0,1.0,0.0,0.0,0.0,0.0,0.0,0.0,0.0,0.0,0.0,0.0,0.0,0.0,1.0,0.0,0.0,0.0,1.0,0.0,0.0,0.7272727272727273,0.6363636363636364,0.0,0.0,1.0,0.0,1.0,1.0,0.0
0.3333333333333333,0.5185185185185185,0.5185185185185185,0.07407407407407407,0.2962962962962963,0.4074074074074074,1.0,0.5,0.0,0.0,1.0,0.0,0.0,0.0,0.0,0.0,0.0,0.0,0.0,0.0,0.0,0.0,0.0,1.0,0.0,0.0,0.0,1.0,0.0,0.0,0.7857142857142857,0.5714285714285714,0.14285714285714285,0.0,1.0,0.0,1.0,1.0,0.0
1.0,0.4074074074074074,0.3333333333333333,0.07407407407407407,0.3333333333333333,0.5185185185185185,1.0,0.5,0.0,0.0,0.0,0.5,0.8125,0.0,0.0,0.0,0.0,0.0,1.0,0.0,0.0,0.0,0.0,1.0,0.0,0.0,0.0,1.0,0.0,0.0,0.8888888888888888,0.4444444444444444,0.4444444444444444,0.0,1.0,0.0,1.0,1.0,0.0
0.6666666666666666,0.07407407407407407,0.07407407407407407,0.3333333333333333,0.4197530864197531,0.5185185185185185,1.0,0.5,0.0,0.0,1.0,0.0,0.0,0.0,0.0,0.0,0.0,0.0,0.0,0.0,0.0,0.0,0.0,0.0,0.0,0.0,0.0,0.0,0.0,0.0,1.0,0.0,0.5,0.0,1.0,0.0,1.0,1.0,0.0
1.0,0.3333333333333333,0.25925925925925924,0.07407407407407407,0.3333333333333333,0.5185185185185185,0.0,0.0,0.0,0.0,0.0,0.5,0.375,0.0,0.0,0.0,0.0,0.0,1.0,0.0,0.0,0.0,0.0,1.0,0.0,0.0,0.0,1.0,0.0,0.0,1.0,0.2857142857142857,0.5714285714285714,0.0,1.0,0.0,1.0,1.0,0.0
0.6666666666666666,0.07407407407407407,0.07407407407407407,0.25925925925925924,0.3950617283950617,0.5185185185185185,1.0,0.5,0.0,0.0,1.0,0.0,0.0,0.0,0.0,0.0,0.0,0.0,0.0,0.0,0.0,0.0,0.0,0.0,0.0,0.0,0.0,0.0,0.0,0.0,1.0,0.0,0.5,0.0,1.0,0.0,1.0,1.0,0.0
0.0,0.4074074074074074,0.4074074074074074,0.07407407407407407,0.2839506172839506,0.5185185185185185,1.0,0.5,0.0,0.0,1.0,0.0,0.0,0.0,0.0,0.0,0.0,0.0,0.0,0.0,0.0,0.0,0.0,1.0,0.0,0.0,0.0,1.0,0.0,0.0,0.7272727272727273,0.6363636363636364,0.0,0.0,1.0,0.0,1.0,1.0,0.0
0.3333333333333333,0.5185185185185185,0.5185185185185185,0.07407407407407407,0.2469135802469136,0.4074074074074074,1.0,0.5,0.0,0.0,1.0,0.0,0.0,0.0,0.0,0.0,0.0,0.0,0.0,0.0,0.0,0.0,0.0,1.0,0.0,0.0,0.0,1.0,0.0,0.0,0.7857142857142857,0.5714285714285714,0.14285714285714285,0.0,1.0,0.0,1.0,1.0,0.0
1.0,0.25925925925925924,0.2222222222222222,0.07407407407407407,0.3333333333333333,0.5185185185185185,0.0,0.0,0.0,0.0,0.0,0.25,0.25,0.0,0.0,0.0,0.0,0.0,0.0,0.0,0.0,0.0,0.0,1.0,0.0,0.0,0.0,1.0,0.0,0.0,1.0,0.16666666666666666,0.6666666666666666,0.0,1.0,0.0,1.0,1.0,0.0
0.6666666666666666,0.07407407407407407,0.037037037037037035,0.2222222222222222,0.3827160493827161,0.5185185185185185,1.0,0.25,0.0,0.0,0.0,0.25,1.0,0.0,0.0,0.0,0.0,1.0,0.0,0.0,0.0,0.0,0.0,0.0,0.0,0.0,0.0,0.0,0.0,0.0,1.0,0.0,0.0,0.0,1.0,0.0,1.0,1.0,0.0
0.0,0.4074074074074074,0.4074074074074074,0.037037037037037035,0.25925925925925924,0.5185185185185185,1.0,0.25,0.0,0.0,1.0,0.0,0.0,0.0,0.0,0.0,0.0,0.0,0.0,0.0,0.0,0.0,0.0,1.0,0.0,0.0,0.0,1.0,0.0,0.0,0.7272727272727273,0.6363636363636364,0.0,0.0,1.0,0.0,1.0,1.0,0.0
0.3333333333333333,0.5185185185185185,0.48148148148148145,0.037037037037037035,0.2222222222222222,0.4074074074074074,1.0,0.25,0.0,0.0,0.0,0.25,0.1875,0.0,0.0,0.0,0.0,0.0,0.0,0.0,0.0,0.0,0.0,1.0,0.0,0.0,0.0,1.0,0.0,0.0,0.8461538461538461,0.5384615384615384,0.15384615384615385,0.0,1.0,0.0,1.0,1.0,0.0
1.0,0.2222222222222222,0.18518518518518517,0.037037037037037035,0.308641975308642,0.48148148148148145,1.0,0.25,0.0,0.0,0.0,0.25,0.8125,0.0,0.0,0.0,0.0,0.0,0.0,0.0,0.0,0.0,0.0,1.0,0.0,0.0,0.0,1.0,0.0,0.0,1.0,0.2,0.6,0.0,1.0,0.0,1.0,1.0,0.0
0.6666666666666666,0.037037037037037035,0.037037037037037035,0.18518518518518517,0.35802469135802467,0.48148148148148145,1.0,0.25,0.0,0.0,1.0,0.0,0.0,0.0,0.0,0.0,0.0,0.0,0.0,0.0,0.0,0.0,0.0,0.0,0.0,0.0,0.0,0.0,0.0,0.0,1.0,0.0,0.0,0.0,1.0,0.0,1.0,1.0,0.0
0.3333333333333333,0.48148148148148145,0.4444444444444444,0.037037037037037035,0.20987654320987656,0.4074074074074074,1.0,0.25,0.0,0.0,0.0,0.25,0.9375,0.0,0.0,0.0,1.0,0.0,0.0,0.0,0.0,0.0,0.0,1.0,0.0,0.0,0.0,1.0,0.0,0.0,0.8333333333333334,0.5833333333333334,0.08333333333333333,0.0,1.0,0.0,1.0,1.0,0.0
1.0,0.18518518518518517,0.14814814814814814,0.037037037037037035,0.2962962962962963,0.4444444444444444,1.0,0.25,0.0,0.0,0.0,0.25,1.0,0.0,0.0,0.0,0.0,1.0,0.0,0.0,0.0,0.0,0.0,1.0,0.0,0.0,0.0,1.0,0.0,0.0,1.0,0.25,0.5,0.0,1.0,0.0,1.0,1.0,0.0
0.3333333333333333,0.4444444444444444,0.4444444444444444,0.037037037037037035,0.19753086419753085,0.4074074074074074,1.0,0.25,0.0,0.0,1.0,0.0,0.0,0.0,0.0,0.0,0.0,0.0,0.0,0.0,0.0,0.0,0.0,1.0,0.0,0.0,0.0,1.0,0.0,0.0,0.8333333333333334,0.5833333333333334,0.08333333333333333,0.0,1.0,0.0,1.0,1.0,0.0
1.0,0.14814814814814814,0.1111111111111111,0.037037037037037035,0.2962962962962963,0.4444444444444444,0.0,0.0,0.0,0.0,0.0,0.25,0.875,0.0,0.0,0.0,0.0,0.0,0.0,0.0,0.0,0.0,0.0,1.0,0.0,0.0,0.0,1.0,0.0,0.0,1.0,0.3333333333333333,0.3333333333333333,0.0,1.0,0.0,1.0,1.0,0.0
0.6666666666666666,0.037037037037037035,0.037037037037037035,0.1111111111111111,0.32098765432098764,0.4444444444444444,1.0,0.25,0.0,0.0,1.0,0.0,0.0,0.0,0.0,0.0,0.0,0.0,0.0,0.0,0.0,0.0,0.0,0.0,0.0,0.0,0.0,0.0,0.0,0.0,1.0,0.0,0.0,0.0,1.0,0.0,1.0,1.0,0.0
0.0,0.4074074074074074,0.4074074074074074,0.037037037037037035,0.19753086419753085,0.4444444444444444,1.0,0.25,0.0,0.0,1.0,0.0,0.0,0.0,0.0,0.0,0.0,0.0,0.0,0.0,0.0,0.0,0.0,1.0,0.0,0.0,0.0,1.0,0.0,0.0,0.7272727272727273,0.6363636363636364,0.0,0.0,1.0,0.0,1.0,1.0,0.0
0.3333333333333333,0.4444444444444444,0.4444444444444444,0.037037037037037035,0.18518518518518517,0.4074074074074074,1.0,0.25,0.0,0.0,1.0,0.0,0.0,0.0,0.0,0.0,0.0,0.0,0.0,0.0,0.0,0.0,0.0,1.0,0.0,0.0,0.0,1.0,0.0,0.0,0.8333333333333334,0.5833333333333334,0.08333333333333333,0.0,1.0,0.0,1.0,1.0,0.0
1.0,0.1111111111111111,0.07407407407407407,0.037037037037037035,0.2962962962962963,0.4444444444444444,0.0,0.0,0.0,0.0,0.0,0.25,0.9375,0.0,0.0,0.0,1.0,0.0,0.0,0.0,0.0,0.0,0.0,1.0,0.0,0.0,0.0,1.0,0.0,0.0,1.0,0.5,0.0,0.0,1.0,0.0,1.0,1.0,0.0
0.6666666666666666,0.037037037037037035,0.037037037037037035,0.07407407407407407,0.308641975308642,0.4444444444444444,1.0,0.25,0.0,0.0,1.0,0.0,0.0,0.0,0.0,0.0,0.0,0.0,0.0,0.0,0.0,0.0,0.0,0.0,0.0,0.0,0.0,1.0,0.0,0.0,1.0,0.0,0.0,0.0,1.0,0.0,1.0,1.0,0.0
0.0,0.4074074074074074,0.4074074074074074,0.037037037037037035,0.18518518518518517,0.4444444444444444,1.0,0.25,0.0,0.0,1.0,0.0,0.0,0.0,0.0,0.0,0.0,0.0,0.0,0.0,0.0,0.0,0.0,1.0,0.0,0.0,0.0,1.0,0.0,0.0,0.7272727272727273,0.6363636363636364,0.0,0.0,1.0,0.0,1.0,1.0,0.0
0.3333333333333333,0.4444444444444444,0.4444444444444444,0.037037037037037035,0.17283950617283952,0.4074074074074074,1.0,0.25,0.0,0.0,1.0,0.0,0.0,0.0,0.0,0.0,0.0,0.0,0.0,0.0,0.0,0.0,0.0,1.0,0.0,0.0,0.0,1.0,0.0,0.0,0.8333333333333334,0.5833333333333334,0.08333333333333333,0.0,1.0,0.0,1.0,1.0,0.0
1.0,0.07407407407407407,0.037037037037037035,0.037037037037037035,0.2962962962962963,0.4444444444444444,0.0,0.0,0.0,0.0,0.0,0.25,0.5,0.0,1.0,0.0,0.0,0.0,0.0,0.0,0.0,0.0,0.0,1.0,0.0,1.0,0.0,1.0,1.0,0.0,1.0,0.0,0.0,0.0,1.0,0.0,1.0,1.0,0.0
1.0,0.037037037037037035,0.0,0.037037037037037035,0.2962962962962963,0.4444444444444444,0.0,0.0,0.0,0.0,0.0,0.25,0.625,0.0,0.0,1.0,0.0,0.0,0.0,0.0,0.0,0.0,1.0,0.0,1.0,0.0,1.0,1.0,0.0,0.0,0.0,0.0,0.0,0.0,1.0,0.0,1.0,1.0,0.0
0.6666666666666666,0.037037037037037035,0.0,0.4074074074074074,0.42592592592592593,0.4444444444444444,1.0,0.25,0.0,0.0,0.0,0.25,0.6875,0.0,0.0,0.0,0.0,0.0,0.0,0.0,0.0,0.0,1.0,0.0,0.0,0.0,0.0,0.0,0.0,0.0,0.0,0.0,0.0,0.0,1.0,0.0,1.0,1.0,0.0
0.0,0.4074074074074074,0.37037037037037035,0.4444444444444444,0.4444444444444444,0.4444444444444444,1.0,0.25,0.0,0.0,0.0,0.25,0.75,0.0,0.0,0.0,0.0,0.0,0.0,0.0,0.0,0.0,0.0,1.0,0.0,0.0,0.0,0.0,0.0,0.0,0.7,0.7,0.0,0.0,1.0,0.0,1.0,1.0,0.0
0.3333333333333333,0.4444444444444444,0.4074074074074074,0.37037037037037035,0.37037037037037035,0.37037037037037035,1.0,0.25,0.0,0.0,0.0,0.25,0.8125,0.0,0.0,0.0,0.0,0.0,0.0,0.0,0.0,0.0,0.0,1.0,0.0,0.0,0.0,0.0,0.0,0.0,0.8181818181818182,0.6363636363636364,0.0,0.0,1.0,0.0,1.0,1.0,0.0
0.0,0.37037037037037035,0.37037037037037035,0.4074074074074074,0.4074074074074074,0.4074074074074074,1.0,0.25,0.0,0.0,1.0,0.0,0.0,0.0,0.0,0.0,0.0,0.0,0.0,0.0,0.0,0.0,0.0,1.0,0.0,0.0,0.0,0.0,0.0,0.0,0.7,0.7,0.0,0.0,1.0,0.0,1.0,1.0,0.0
0.3333333333333333,0.4074074074074074,0.37037037037037035,0.37037037037037035,0.37037037037037035,0.37037037037037035,0.0,0.0,0.0,0.0,0.0,0.25,0.4375,1.0,0.0,0.0,0.0,0.0,0.0,0.0,0.0,0.0,0.0,1.0,0.0,0.0,0.0,0.0,0.0,1.0,0.8,0.6,0.0,0.0,1.0,0.0,1.0,1.0,0.0
0.0,0.4074074074074074,0.37037037037037035,0.3333333333333333,0.3333333333333333,0.3333333333333333,1.0,0.25,0.0,0.0,0.0,0.25,0.5625,0.0,0.0,0.0,0.0,0.0,0.0,0.0,0.0,0.0,0.0,1.0,0.0,0.0,0.0,0.0,0.0,0.0,0.6,0.8,0.0,0.0,1.0,0.0,1.0,1.0,0.0
0.3333333333333333,0.3333333333333333,0.2962962962962963,0.37037037037037035,0.37037037037037035,0.37037037037037035,1.0,0.25,0.0,0.0,0.0,0.25,0.6875,0.0,0.0,0.0,0.0,0.0,0.0,0.0,0.0,0.0,0.0,1.0,0.0,0.0,0.0,0.0,0.0,0.0,0.75,0.625,0.0,0.0,1.0,0.0,1.0,1.0,0.0
0.0,0.37037037037037035,0.37037037037037035,0.2962962962962963,0.2962962962962963,0.2962962962962963,1.0,0.25,0.0,0.0,1.0,0.0,0.0,0.0,0.0,0.0,0.0,0.0,0.0,0.0,0.0,0.0,0.0,1.0,0.0,0.0,0.0,0.0,0.0,0.0,0.6,0.8,0.0,0.0,1.0,0.0,1.0,1.0,0.0
0.3333333333333333,0.2962962962962963,0.2222222222222222,0.37037037037037035,0.37037037037037035,0.37037037037037035,0.0,0.0,0.0,0.0,0.0,0.5,0.3125,0.0,0.0,0.0,0.0,0.0,1.0,0.0,0.0,0.0,0.0,1.0,0.0,0.0,0.0,0.0,0.0,0.0,0.8333333333333334,0.5,0.0,0.0,1.0,0.0,1.0,1.0,0.0
0.0,0.37037037037037035,0.37037037037037035,0.2222222222222222,0.2222222222222222,0.2222222222222222,1.0,0.5,0.0,0.0,1.0,0.0,0.0,0.0,0.0,0.0,0.0,0.0,0.0,0.0,0.0,0.0,0.0,1.0,0.0,0.0,0.0,0.0,0.0,0.0,0.6,0.8,0.0,0.0,1.0,0.0,1.0,1.0,0.0
0.3333333333333333,0.2222222222222222,0.18518518518518517,0.37037037037037035,0.37037037037037035,0.37037037037037035,0.0,0.0,0.0,0.0,0.0,0.25,0.5,0.0,1.0,0.0,0.0,0.0,0.0,0.0,0.0,0.0,0.0,1.0,0.0,0.0,0.0,0.0,1.0,0.0,1.0,0.4,0.0,0.0,1.0,0.0,1.0,1.0,0.0
0.3333333333333333,0.18518518518518517,0.14814814814814814,0.37037037037037035,0.37037037037037035,0.37037037037037035,0.0,0.0,0.0,0.0,0.0,0.25,0.375,0.0,0.0,0.0,0.0,0.0,0.0,0.0,0.0,0.0,0.0,1.0,0.0,0.0,0.0,0.0,0.0,0.0,1.0,0.25,0.0,0.0,1.0,0.0,1.0,1.0,0.0
0.0,0.37037037037037035,0.3333333333333333,0.14814814814814814,0.14814814814814814,0.14814814814814814,1.0,0.25,0.0,0.0,0.0,0.25,0.4375,1.0,0.0,0.0,0.0,0.0,0.0,0.0,0.0,0.0,0.0,1.0,0.0,0.0,0.0,0.0,0.0,1.0,0.5555555555555556,0.7777777777777778,0.0,0.0,1.0,0.0,1.0,1.0,0.0
0.3333333333333333,0.18518518518518517,0.14814814814814814,0.2962962962962963,0.2962962962962963,0.2962962962962963,1.0,0.25,0.0,0.0,0.0,0.25,0.5625,0.0,0.0,0.0,0.0,0.0,0.0,0.0,0.0,0.0,0.0,1.0,0.0,0.0,0.0,0.0,0.0,0.0,1.0,0.5,0.0,0.0,1.0,0.0,1.0,1.0,0.0
0.0,0.2962962962962963,0.25925925925925924,0.14814814814814814,0.14814814814814814,0.14814814814814814,1.0,0.25,0.0,0.0,0.0,0.25,0.625,0.0,0.0,1.0,0.0,0.0,0.0,0.0,0.0,0.0,0.0,1.0,0.0,0.0,0.0,0.0,0.0,0.0,0.7142857142857143,0.8571428571428571,0.0,0.0,1.0,0.0,1.0,1.0,0.0
0.3333333333333333,0.14814814814814814,0.1111111111111111,0.25925925925925924,0.25925925925925924,0.25925925925925924,1.0,0.25,0.0,0.0,0.0,0.25,0.75,0.0,0.0,0.0,0.0,0.0,0.0,0.0,0.0,0.0,0.0,1.0,0.0,0.0,0.0,0.0,0.0,0.0,1.0,0.6666666666666666,0.0,0.0,1.0,0.0,1.0,1.0,0.0
0.0,0.25925925925925924,0.25925925925925924,0.1111111111111111,0.1111111111111111,0.1111111111111111,1.0,0.25,0.0,0.0,1.0,0.0,0.0,0.0,0.0,0.0,0.0,0.0,0.0,0.0,0.0,0.0,0.0,1.0,0.0,0.0,0.0,0.0,0.0,0.0,0.7142857142857143,0.8571428571428571,0.0,0.0,1.0,0.0,1.0,1.0,0.0
0.3333333333333333,0.1111111111111111,0.07407407407407407,0.25925925925925924,0.25925925925925924,0.25925925925925924,0.0,0.0,0.0,0.0,0.0,0.25,0.1875,0.0,0.0,0.0,0.0,0.0,0.0,0.0,0.0,0.0,0.0,1.0,0.0,0.0,0.0,0.0,0.0,0.0,1.0,0.5,0.0,0.0,1.0,0.0,1.0,1.0,0.0
0.0,0.25925925925925924,0.2222222222222222,0.07407407407407407,0.07407407407407407,0.07407407407407407,1.0,0.25,0.0,0.0,0.0,0.25,0.3125,0.0,0.0,0.0,0.0,0.0,0.0,0.0,0.0,0.0,0.0,1.0,0.0,0.0,0.0,1.0,0.0,0.0,0.8333333333333334,0.8333333333333334,0.0,0.0,1.0,0.0,1.0,1.0,0.0
0.3333333333333333,0.07407407407407407,0.037037037037037035,0.2222222222222222,0.2222222222222222,0.2222222222222222,1.0,0.25,0.0,0.0,0.0,0.25,0.5,0.0,1.0,0.0,0.0,0.0,0.0,0.0,0.0,0.0,0.0,1.0,0.0,1.0,0.0,0.0,1.0,0.0,1.0,0.0,0.0,0.0,1.0,0.0,1.0,1.0,0.0
0.3333333333333333,0.037037037037037035,0.0,0.2222222222222222,0.2222222222222222,0.2222222222222222,0.0,0.0,0.0,0.0,0.0,0.25,0.625,0.0,0.0,1.0,0.0,0.0,0.0,0.0,0.0,0.0,1.0,0.0,1.0,0.0,1.0,0.0,0.0,0.0,0.0,0.0,0.0,0.0,1.0,0.0,1.0,1.0,0.0
0.0,0.9629629629629629,0.8518518518518519,1.0,1.0,1.0,0.0,0.0,0.0,0.0,0.0,0.75,0.6875,0.0,0.0,0.0,0.0,0.0,0.0,1.0,0.0,0.0,0.0,1.0,0.0,0.0,0.0,0.0,0.0,0.0,0.5217391304347826,0.4782608695652174,0.21739130434782608,1.0,1.0,1.0,1.0,1.0,0.0
1.0,1.0,1.0,0.8518518518518519,0.8518518518518519,0.8518518518518519,1.0,0.75,0.0,0.0,1.0,0.0,0.0,0.0,0.0,0.0,0.0,0.0,0.0,0.0,0.0,0.0,0.0,1.0,0.0,0.0,0.0,0.0,0.0,0.0,0.5185185185185185,0.48148148148148145,0.2962962962962963,1.0,1.0,1.0,1.0,1.0,0.0
0.0,0.8518518518518519,0.7407407407407407,1.0,1.0,1.0,0.0,0.0,0.0,0.0,0.0,0.75,0.5625,1.0,1.0,0.0,0.0,0.0,0.0,0.0,0.0,1.0,0.0,1.0,0.0,0.0,0.0,0.0,1.0,1.0,0.6,0.45,0.25,1.0,1.0,1.0,1.0,1.0,0.0
0.0,0.7037037037037037,0.5925925925925926,1.037037037037037,1.037037037037037,1.037037037037037,0.0,0.0,0.0,0.0,0.0,0.75,0.625,0.0,1.0,1.0,0.0,0.0,0.0,0.0,0.0,1.0,0.0,1.0,0.0,0.0,0.0,0.0,1.0,0.0,0.75,0.4375,0.3125,1.0,1.0,1.0,1.0,1.0,0.0
0.0,0.5925925925925926,0.48148148148148145,1.037037037037037,1.037037037037037,1.037037037037037,0.0,0.0,0.0,0.0,0.0,0.75,0.9375,0.0,0.0,0.0,1.0,0.0,0.0,0.0,0.0,1.0,0.0,1.0,0.0,0.0,0.0,0.0,0.0,0.0,0.8461538461538461,0.5384615384615384,0.15384615384615385,1.0,1.0,1.0,1.0,1.0,0.0
1.0,1.037037037037037,1.037037037037037,0.48148148148148145,0.48148148148148145,0.48148148148148145,1.0,0.75,0.0,0.0,1.0,0.0,0.0,0.0,0.0,0.0,0.0,0.0,0.0,0.0,0.0,0.0,0.0,1.0,0.0,0.0,0.0,0.0,0.0,0.0,0.5,0.5,0.2857142857142857,1.0,1.0,1.0,1.0,1.0,0.0
0.0,0.48148148148148145,0.4074074074074074,1.037037037037037,1.037037037037037,1.037037037037037,0.0,0.0,0.0,0.0,0.0,0.5,0.4375,1.0,0.0,0.0,0.0,0.0,1.0,0.0,0.0,0.0,0.0,1.0,0.0,0.0,0.0,0.0,0.0,1.0,0.9090909090909091,0.45454545454545453,0.18181818181818182,1.0,1.0,1.0,1.0,1.0,0.0
1.0,1.1111111111111112,1.037037037037037,0.3333333333333333,0.3333333333333333,0.3333333333333333,1.0,0.5,0.0,0.0,0.0,0.5,0.9375,0.0,0.0,0.0,1.0,0.0,1.0,0.0,0.0,0.0,0.0,1.0,0.0,0.0,0.0,0.0,0.0,0.0,0.5,0.5714285714285714,0.21428571428571427,1.0,1.0,1.0,1.0,1.0,0.0
0.0,0.3333333333333333,0.3333333333333333,1.037037037037037,1.037037037037037,1.037037037037037,1.0,0.5,0.0,0.0,1.0,0.0,0.0,0.0,0.0,0.0,0.0,0.0,0.0,0.0,0.0,0.0,0.0,1.0,0.0,0.0,0.0,0.0,0.0,0.0,0.8888888888888888,0.3333333333333333,0.2222222222222222,1.0,1.0,1.0,1.0,1.0,0.0
1.0,1.037037037037037,0.8888888888888888,0.3333333333333333,0.3333333333333333,0.3333333333333333,0.0,0.0,0.0,0.0,0.0,1.0,0.1875,0.0,0.0,0.0,0.0,0.0,0.0,0.0,1.0,0.0,0.0,1.0,0.0,0.0,0.0,0.0,0.0,0.0,0.5416666666666666,0.5,0.25,1.0,1.0,1.0,1.0,1.0,0.0
0.0,0.3333333333333333,0.3333333333333333,0.8888888888888888,0.8888888888888888,0.8888888888888888,1.0,1.0,1.0,0.0,1.0,0.0,0.0,0.0,0.0,0.0,0.0,0.0,0.0,0.0,0.0,0.0,0.0,1.0,0.0,0.0,0.0,0.0,0.0,0.0,0.8888888888888888,0.3333333333333333,0.2222222222222222,1.0,1.0,1.0,1.0,1.0,0.0
1.0,0.8888888888888888,0.7407407407407407,0.3333333333333333,0.3333333333333333,0.3333333333333333,0.0,0.0,1.0,0.0,0.0,1.0,0.9375,0.0,0.0,0.0,1.0,0.0,0.0,0.0,0.0,1.0,0.0,1.0,0.0,0.0,0.0,0.0,0.0,0.0,0.6,0.6,0.15,1.0,1.0,1.0,1.0,1.0,0.0
0.0,0.3333333333333333,0.3333333333333333,0.7407407407407407,0.7407407407407407,0.7407407407407407,1.0,1.0,1.0,0.0,1.0,0.0,0.0,0.0,0.0,0.0,0.0,0.0,0.0,0.0,0.0,0.0,0.0,1.0,0.0,0.0,0.0,0.0,0.0,0.0,0.8888888888888888,0.3333333333333333,0.2222222222222222,1.0,1.0,1.0,1.0,1.0,0.0
1.0,0.7407407407407407,0.5925925925925926,0.3333333333333333,0.3333333333333333,0.3333333333333333,0.0,0.0,1.0,0.0,0.0,1.0,0.25,0.0,0.0,0.0,0.0,0.0,0.0,0.0,1.0,0.0,0.0,1.0,0.0,0.0,0.0,0.0,0.0,0.0,0.6875,0.5,0.1875,1.0,1.0,1.0,1.0,1.0,0.0
0.0,0.3333333333333333,0.3333333333333333,0.5925925925925926,0.5925925925925926,0.5925925925925926,1.0,1.0,0.0,0.0,1.0,0.0,0.0,0.0,0.0,0.0,0.0,0.0,0.0,0.0,0.0,0.0,0.0,1.0,0.0,0.0,0.0,0.0,0.0,0.0,0.8888888888888888,0.3333333333333333,0.2222222222222222,1.0,1.0,1.0,1.0,1.0,0.0
1.0,0.5925925925925926,0.48148148148148145,0.3333333333333333,0.3333333333333333,0.3333333333333333,0.0,0.0,0.0,0.0,0.0,0.75,0.3125,0.0,0.0,0.0,0.0,0.0,0.0,1.0,0.0,0.0,0.0,1.0,0.0,0.0,0.0,0.0,0.0,0.0,0.7692307692307693,0.38461538461538464,0.23076923076923078,1.0,1.0,1.0,1.0,1.0,0.0
0.0,0.3333333333333333,0.3333333333333333,0.48148148148148145,0.48148148148148145,0.48148148148148145,1.0,0.75,0.0,0.0,1.0,0.0,0.0,0.0,0.0,0.0,0.0,0.0,0.0,0.0,0.0,0.0,0.0,1.0,0.0,0.0,0.0,0.0,0.0,0.0,0.8888888888888888,0.3333333333333333,0.2222222222222222,1.0,1.0,1.0,1.0,1.0,0.0
1.0,0.48148148148148145,0.37037037037037035,0.3333333333333333,0.3333333333333333,0.3333333333333333,0.0,0.0,0.0,0.0,0.0,0.75,0.375,0.0,0.0,0.0,0.0,0.0,0.0,1.0,0.0,0.0,0.0,1.0,0.0,0.0,0.0,0.0,0.0,0.0,0.9,0.2,0.3,1.0,1.0,1.0,1.0,1.0,0.0
0.0,0.3333333333333333,0.3333333333333333,0.37037037037037035,0.37037037037037035,0.37037037037037035,1.0,0.75,0.0,0.0,1.0,0.0,0.0,0.0,0.0,0.0,0.0,0.0,0.0,0.0,0.0,0.0,0.0,1.0,0.0,0.0,0.0,0.0,0.0,0.0,0.8888888888888888,0.3333333333333333,0.2222222222222222,1.0,1.0,1.0,1.0,1.0,0.0
1.0,0.37037037037037035,0.3333333333333333,0.3333333333333333,0.3333333333333333,0.3333333333333333,0.0,0.0,0.0,0.0,0.0,0.25,0.4375,1.0,0.0,0.0,0.0,0.0,0.0,0.0,0.0,0.0,0.0,1.0,0.0,0.0,0.0,0.0,0.0,1.0,0.8888888888888888,0.1111111111111111,0.3333333333333333,1.0,1.0,1.0,1.0,1.0,0.0
0.0,0.37037037037037035,0.3333333333333333,0.2962962962962963,0.2962962962962963,0.2962962962962963,1.0,0.25,0.0,0.0,0.0,0.25,0.5625,0.0,0.0,0.0,0.0,0.0,0.0,0.0,0.0,0.0,0.0,1.0,0.0,0.0,0.0,0.0,0.0,0.0,0.8888888888888888,0.3333333333333333,0.2222222222222222,1.0,1.0,1.0,1.0,1.0,0.0
1.0,0.2962962962962963,0.25925925925925924,0.3333333333333333,0.3333333333333333,0.3333333333333333,1.0,0.25,0.0,0.0,0.0,0.25,0.625,0.0,0.0,1.0,0.0,0.0,0.0,0.0,0.0,0.0,0.0,1.0,0.0,0.0,0.0,0.0,0.0,0.0,1.0,0.14285714285714285,0.42857142857142855,1.0,1.0,1.0,1.0,1.0,0.0
0.0,0.3333333333333333,0.2962962962962963,0.25925925925925924,0.25925925925925924,0.25925925925925924,1.0,0.25,0.0,0.0,0.0,0.25,0.75,0.0,0.0,0.0,0.0,0.0,0.0,0.0,0.0,0.0,0.0,1.0,0.0,0.0,0.0,0.0,0.0,0.0,1.0,0.375,0.25,1.0,1.0,1.0,1.0,1.0,0.0
1.0,0.25925925925925924,0.2222222222222222,0.2962962962962963,0.2962962962962963,0.2962962962962963,1.0,0.25,0.0,1.0,0.0,0.25,1.0,0.0,0.0,0.0,0.0,1.0,0.0,0.0,0.0,0.0,0.0,1.0,0.0,0.0,0.0,0.0,0.0,0.0,1.0,0.16666666666666666,0.3333333333333333,1.0,1.0,1.0,1.0,1.0,0.0
0.0,0.2962962962962963,0.2962962962962963,0.2222222222222222,0.2222222222222222,0.2222222222222222,1.0,0.25,0.0,1.0,1.0,0.0,0.0,0.0,0.0,0.0,0.0,0.0,0.0,0.0,0.0,0.0,0.0,1.0,0.0,0.0,0.0,0.0,0.0,0.0,1.0,0.375,0.25,1.0,1.0,1.0,1.0,1.0,0.0
1.0,0.2222222222222222,0.18518518518518517,0.2962962962962963,0.2962962962962963,0.2962962962962963,0.0,0.0,0.0,0.0,0.0,0.25,0.6875,0.0,0.0,0.0,0.0,0.0,0.0,0.0,0.0,0.0,0.0,1.0,0.0,0.0,0.0,0.0,0.0,0.0,1.0,0.2,0.4,1.0,1.0,1.0,1.0,1.0,0.0
0.0,0.2962962962962963,0.25925925925925924,0.18518518518518517,0.18518518518518517,0.18518518518518517,1.0,0.25,0.0,0.0,0.0,0.25,0.875,0.0,0.0,0.0,0.0,0.0,0.0,0.0,0.0,0.0,0.0,1.0,0.0,0.0,0.0,0.0,0.0,0.0,1.0,0.42857142857142855,0.14285714285714285,1.0,1.0,1.0,1.0,1.0,0.0
1.0,0.18518518518518517,0.18518518518518517,0.25925925925925924,0.25925925925925924,0.25925925925925924,1.0,0.25,0.0,1.0,1.0,0.0,0.0,0.0,0.0,0.0,0.0,0.0,0.0,0.0,0.0,0.0,0.0,1.0,0.0,0.0,0.0,0.0,0.0,0.0,1.0,0.2,0.4,1.0,1.0,1.0,1.0,1.0,0.0
0.0,0.25925925925925924,0.2222222222222222,0.18518518518518517,0.18518518518518517,0.18518518518518517,0.0,0.0,0.0,0.0,0.0,0.25,0.3125,0.0,0.0,0.0,0.0,0.0,0.0,0.0,0.0,0.0,0.0,1.0,0.0,0.0,0.0,0.0,0.0,0.0,1.0,0.3333333333333333,0.16666666666666666,1.0,1.0,1.0,1.0,1.0,0.0
1.0,0.18518518518518517,0.14814814814814814,0.2222222222222222,0.2222222222222222,0.2222222222222222,1.0,0.25,0.0,0.0,0.0,0.25,0.8125,0.0,0.0,0.0,0.0,0.0,0.0,0.0,0.0,0.0,0.0,1.0,0.0,0.0,0.0,0.0,0.0,0.0,1.0,0.25,0.25,1.0,1.0,1.0,1.0,1.0,0.0
0.0,0.2222222222222222,0.2222222222222222,0.14814814814814814,0.14814814814814814,0.14814814814814814,1.0,0.25,0.0,0.0,1.0,0.0,0.0,0.0,0.0,0.0,0.0,0.0,0.0,0.0,0.0,0.0,0.0,1.0,0.0,0.0,0.0,0.0,0.0,0.0,1.0,0.3333333333333333,0.16666666666666666,1.0,1.0,1.0,1.0,1.0,0.0
1.0,0.14814814814814814,0.1111111111111111,0.2222222222222222,0.2222222222222222,0.2222222222222222,0.0,0.0,0.0,0.0,0.0,0.25,0.75,0.0,0.0,0.0,0.0,0.0,0.0,0.0,0.0,0.0,0.0,1.0,0.0,0.0,0.0,0.0,0.0,0.0,1.0,0.3333333333333333,0.3333333333333333,1.0,1.0,1.0,1.0,1.0,0.0
0.0,0.2222222222222222,0.2222222222222222,0.1111111111111111,0.1111111111111111,0.1111111111111111,1.0,0.25,0.0,0.0,1.0,0.0,0.0,0.0,0.0,0.0,0.0,0.0,0.0,0.0,0.0,0.0,0.0,1.0,0.0,0.0,0.0,0.0,0.0,0.0,1.0,0.3333333333333333,0.16666666666666666,1.0,1.0,1.0,1.0,1.0,0.0
1.0,0.1111111111111111,0.07407407407407407,0.2222222222222222,0.2222222222222222,0.2222222222222222,0.0,0.0,0.0,0.0,0.0,0.25,0.875,0.0,0.0,0.0,0.0,0.0,0.0,0.0,0.0,0.0,0.0,1.0,0.0,0.0,0.0,0.0,0.0,0.0,1.0,0.5,0.0,1.0,1.0,1.0,1.0,1.0,0.0
0.0,0.2222222222222222,0.2222222222222222,0.07407407407407407,0.07407407407407407,0.07407407407407407,1.0,0.25,0.0,0.0,1.0,0.0,0.0,0.0,0.0,0.0,0.0,0.0,0.0,0.0,0.0,0.0,0.0,1.0,0.0,0.0,0.0,1.0,0.0,0.0,1.0,0.3333333333333333,0.16666666666666666,1.0,1.0,1.0,1.0,1.0,0.0
1.0,0.07407407407407407,0.037037037037037035,0.2222222222222222,0.2222222222222222,0.2222222222222222,0.0,0.0,0.0,0.0,0.0,0.25,0.5,0.0,1.0,0.0,0.0,0.0,0.0,0.0,0.0,0.0,0.0,1.0,0.0,1.0,0.0,0.0,1.0,0.0,1.0,0.0,0.0,1.0,1.0,1.0,1.0,1.0,0.0
1.0,0.037037037037037035,0.0,0.2222222222222222,0.2222222222222222,0.2222222222222222,0.0,0.0,0.0,0.0,0.0,0.25,0.625,0.0,0.0,1.0,0.0,0.0,0.0,0.0,0.0,0.0,1.0,0.0,1.0,0.0,1.0,0.0,0.0,0.0,0.0,0.0,0.0,1.0,1.0,1.0,1.0,1.0,0.0
0.0,0.48148148148148145,0.37037037037037035,0.48148148148148145,0.5061728395061729,0.5185185185185185,0.0,0.0,0.0,0.0,0.0,0.75,0.6875,0.0,0.0,1.0,0.0,0.0,0.0,0.0,0.0,1.0,0.0,0.0,0.0,0.0,0.0,0.0,0.0,0.0,0.8,0.3,0.4,1.0,1.0,1.0,1.0,1.0,0.0
0.3333333333333333,0.48148148148148145,0.48148148148148145,0.37037037037037035,0.4691358024691358,0.5185185185185185,1.0,0.75,0.0,0.0,1.0,0.0,0.0,0.0,0.0,0.0,0.0,0.0,0.0,0.0,0.0,0.0,0.0,0.0,0.0,0.0,0.0,0.0,0.0,0.0,0.6923076923076923,0.6923076923076923,0.07692307692307693,1.0,1.0,1.0,1.0,1.0,0.0
0.6666666666666666,0.5185185185185185,0.5185185185185185,0.37037037037037035,0.45679012345679015,0.5185185185185185,1.0,0.75,0.0,0.0,1.0,0.0,0.0,0.0,0.0,0.0,0.0,0.0,0.0,0.0,0.0,0.0,0.0,1.0,0.0,0.0,0.0,0.0,0.0,0.0,0.7142857142857143,0.35714285714285715,0.2857142857142857,1.0,1.0,1.0,1.0,1.0,0.0
1.0,0.5185185185185185,0.5185185185185185,0.37037037037037035,0.45679012345679015,0.5185185185185185,1.0,0.75,0.0,0.0,1.0,0.0,0.0,0.0,0.0,0.0,0.0,0.0,0.0,0.0,0.0,0.0,0.0,0.0,0.0,0.0,0.0,0.0,0.0,0.0,0.7857142857142857,0.5,0.35714285714285715,1.0,1.0,1.0,1.0,1.0,0.0
0.0,0.37037037037037035,0.3333333333333333,0.48148148148148145,0.5061728395061729,0.5185185185185185,0.0,0.0,0.0,0.0,0.0,0.25,0.875,0.0,0.0,0.0,0.0,0.0,0.0,0.0,0.0,0.0,0.0,0.0,0.0,0.0,0.0,0.0,0.0,0.0,0.7777777777777778,0.3333333333333333,0.3333333333333333,1.0,1.0,1.0,1.0,1.0,0.0
0.3333333333333333,0.48148148148148145,0.48148148148148145,0.3333333333333333,0.45679012345679015,0.5185185185185185,1.0,0.25,0.0,0.0,1.0,0.0,0.0,0.0,0.0,0.0,0.0,0.0,0.0,0.0,0.0,0.0,0.0,0.0,0.0,0.0,0.0,0.0,0.0,0.0,0.6923076923076923,0.6923076923076923,0.07692307692307693,1.0,1.0,1.0,1.0,1.0,0.0
0.6666666666666666,0.5185185185185185,0.48148148148148145,0.3333333333333333,0.4444444444444444,0.5185185185185185,1.0,0.25,0.0,0.0,0.0,0.25,0.9375,0.0,0.0,0.0,1.0,0.0,0.0,0.0,0.0,0.0,0.0,1.0,0.0,0.0,0.0,0.0,0.0,0.0,0.7692307692307693,0.38461538461538464,0.23076923076923078,1.0,1.0,1.0,1.0,1.0,0.0
1.0,0.5185185185185185,0.48148148148148145,0.3333333333333333,0.43209876543209874,0.48148148148148145,1.0,0.25,0.0,1.0,0.0,0.25,1.0,0.0,0.0,0.0,0.0,1.0,0.0,0.0,0.0,0.0,0.0,0.0,0.0,0.0,0.0,0.0,0.0,0.0,0.7692307692307693,0.5384615384615384,0.3076923076923077,1.0,1.0,1.0,1.0,1.0,0.0
0.0,0.3333333333333333,0.3333333333333333,0.48148148148148145,0.48148148148148145,0.48148148148148145,1.0,0.25,0.0,1.0,1.0,0.0,0.0,0.0,0.0,0.0,0.0,0.0,0.0,0.0,0.0,0.0,0.0,0.0,0.0,0.0,0.0,0.0,0.0,0.0,0.7777777777777778,0.3333333333333333,0.3333333333333333,1.0,1.0,1.0,1.0,1.0,0.0
0.6666666666666666,0.48148148148148145,0.48148148148148145,0.3333333333333333,0.43209876543209874,0.48148148148148145,1.0,0.25,0.0,1.0,1.0,0.0,0.0,0.0,0.0,0.0,0.0,0.0,0.0,0.0,0.0,0.0,0.0,1.0,0.0,0.0,0.0,0.0,0.0,0.0,0.7692307692307693,0.38461538461538464,0.23076923076923078,1.0,1.0,1.0,1.0,1.0,0.0
1.0,0.48148148148148145,0.4074074074074074,0.3333333333333333,0.43209876543209874,0.48148148148148145,0.0,0.0,0.0,0.0,0.0,0.5,0.5,0.0,1.0,0.0,0.0,0.0,1.0,0.0,0.0,0.0,0.0,0.0,0.0,0.0,0.0,0.0,1.0,0.0,0.8181818181818182,0.45454545454545453,0.36363636363636365,1.0,1.0,1.0,1.0,1.0,0.0
1.0,0.4074074074074074,0.3333333333333333,0.3333333333333333,0.43209876543209874,0.48148148148148145,0.0,0.0,0.0,0.0,0.0,0.5,0.4375,1.0,0.0,0.0,0.0,0.0,1.0,0.0,0.0,0.0,0.0,0.0,0.0,0.0,0.0,0.0,0.0,1.0,0.8888888888888888,0.3333333333333333,0.4444444444444444,1.0,1.0,1.0,1.0,1.0,0.0
0.0,0.4074074074074074,0.3333333333333333,0.25925925925925924,0.4074074074074074,0.48148148148148145,1.0,0.5,0.0,0.0,0.0,0.5,0.8125,0.0,0.0,0.0,0.0,0.0,1.0,0.0,0.0,0.0,0.0,0.0,0.0,0.0,0.0,0.0,0.0,0.0,0.6666666666666666,0.5555555555555556,0.1111111111111111,1.0,1.0,1.0,1.0,1.0,0.0
0.3333333333333333,0.48148148148148145,0.48148148148148145,0.25925925925925924,0.35802469135802467,0.48148148148148145,1.0,0.5,0.0,0.0,1.0,0.0,0.0,0.0,0.0,0.0,0.0,0.0,0.0,0.0,0.0,0.0,0.0,0.0,0.0,0.0,0.0,0.0,0.0,0.0,0.6923076923076923,0.6923076923076923,0.07692307692307693,1.0,1.0,1.0,1.0,1.0,0.0
0.6666666666666666,0.48148148148148145,0.4074074074074074,0.25925925925925924,0.35802469135802467,0.48148148148148145,1.0,0.5,0.0,0.0,0.0,0.5,0.9375,0.0,0.0,0.0,1.0,0.0,1.0,0.0,0.0,0.0,0.0,1.0,0.0,0.0,0.0,0.0,0.0,0.0,0.8181818181818182,0.45454545454545453,0.09090909090909091,1.0,1.0,1.0,1.0,1.0,0.0
1.0,0.25925925925925924,0.25925925925925924,0.3333333333333333,0.4074074074074074,0.48148148148148145,1.0,0.5,0.0,0.0,1.0,0.0,0.0,0.0,0.0,0.0,0.0,0.0,0.0,0.0,0.0,0.0,0.0,0.0,0.0,0.0,0.0,0.0,0.0,0.0,0.8571428571428571,0.14285714285714285,0.5714285714285714,1.0,1.0,1.0,1.0,1.0,0.0
0.0,0.3333333333333333,0.3333333333333333,0.25925925925925924,0.3827160493827161,0.48148148148148145,1.0,0.5,0.0,0.0,1.0,0.0,0.0,0.0,0.0,0.0,0.0,0.0,0.0,0.0,0.0,0.0,0.0,0.0,0.0,0.0,0.0,0.0,0.0,0.0,0.6666666666666666,0.5555555555555556,0.1111111111111111,1.0,1.0,1.0,1.0,1.0,0.0
0.6666666666666666,0.4074074074074074,0.37037037037037035,0.25925925925925924,0.35802469135802467,0.48148148148148145,0.0,0.0,0.0,0.0,0.0,0.25,0.5625,0.0,0.0,0.0,0.0,0.0,0.0,0.0,0.0,0.0,0.0,1.0,0.0,0.0,0.0,0.0,0.0,0.0,0.8,0.5,0.1,1.0,1.0,1.0,1.0,1.0,0.0
1.0,0.25925925925925924,0.2222222222222222,0.3333333333333333,0.3950617283950617,0.48148148148148145,1.0,0.25,0.0,0.0,0.0,0.25,0.6875,0.0,0.0,0.0,0.0,0.0,0.0,0.0,0.0,0.0,0.0,0.0,0.0,0.0,0.0,0.0,0.0,0.0,0.8333333333333334,0.16666666666666666,0.6666666666666666,1.0,1.0,1.0,1.0,1.0,0.0
0.0,0.3333333333333333,0.2962962962962963,0.2222222222222222,0.35802469135802467,0.48148148148148145,1.0,0.25,0.0,1.0,0.0,0.25,0.75,0.0,0.0,0.0,0.0,0.0,0.0,0.0,0.0,0.0,0.0,0.0,0.0,0.0,0.0,0.0,0.0,0.0,0.625,0.625,0.125,1.0,1.0,1.0,1.0,1.0,0.0
0.3333333333333333,0.48148148148148145,0.48148148148148145,0.2222222222222222,0.2962962962962963,0.37037037037037035,1.0,0.25,0.0,1.0,1.0,0.0,0.0,0.0,0.0,0.0,0.0,0.0,0.0,0.0,0.0,0.0,0.0,0.0,0.0,0.0,0.0,0.0,0.0,0.0,0.6923076923076923,0.6923076923076923,0.07692307692307693,1.0,1.0,1.0,1.0,1.0,0.0
0.6666666666666666,0.37037037037037035,0.37037037037037035,0.2222222222222222,0.3333333333333333,0.48148148148148145,1.0,0.25,0.0,1.0,1.0,0.0,0.0,0.0,0.0,0.0,0.0,0.0,0.0,0.0,0.0,0.0,0.0,1.0,0.0,0.0,0.0,0.0,0.0,0.0,0.8,0.5,0.1,1.0,1.0,1.0,1.0,1.0,0.0
1.0,0.2222222222222222,0.18518518518518517,0.2962962962962963,0.3827160493827161,0.48148148148148145,1.0,0.25,0.0,1.0,0.0,0.25,0.8125,0.0,0.0,0.0,0.0,0.0,0.0,0.0,0.0,0.0,0.0,0.0,0.0,0.0,0.0,0.0,0.0,0.0,0.8,0.2,0.6,1.0,1.0,1.0,1.0,1.0,0.0
0.0,0.2962962962962963,0.25925925925925924,0.18518518518518517,0.34567901234567905,0.48148148148148145,1.0,0.25,0.0,1.0,0.0,0.25,1.0,0.0,0.0,0.0,0.0,1.0,0.0,0.0,0.0,0.0,0.0,0.0,0.0,0.0,0.0,0.0,0.0,0.0,0.5714285714285714,0.7142857142857143,0.0,1.0,1.0,1.0,1.0,1.0,0.0
1.0,0.18518518518518517,0.18518518518518517,0.25925925925925924,0.37037037037037035,0.48148148148148145,1.0,0.25,0.0,1.0,1.0,0.0,0.0,0.0,0.0,0.0,0.0,0.0,0.0,0.0,0.0,0.0,0.0,0.0,0.0,0.0,0.0,0.0,0.0,0.0,0.8,0.2,0.6,1.0,1.0,1.0,1.0,1.0,0.0
0.0,0.25925925925925924,0.14814814814814814,0.18518518518518517,0.34567901234567905,0.48148148148148145,0.0,0.0,0.0,0.0,0.0,0.75,0.3125,0.0,0.0,0.0,0.0,0.0,0.0,1.0,0.0,0.0,0.0,0.0,0.0,0.0,0.0,0.0,0.0,0.0,0.75,0.5,0.0,1.0,1.0,1.0,1.0,1.0,0.0
0.3333333333333333,0.48148148148148145,0.48148148148148145,0.14814814814814814,0.2345679012345679,0.37037037037037035,1.0,0.75,0.0,0.0,1.0,0.0,0.0,0.0,0.0,0.0,0.0,0.0,0.0,0.0,0.0,0.0,0.0,0.0,0.0,0.0,0.0,0.0,0.0,0.0,0.6923076923076923,0.6923076923076923,0.07692307692307693,1.0,1.0,1.0,1.0,1.0,0.0
0.6666666666666666,0.37037037037037035,0.37037037037037035,0.14814814814814814,0.2716049382716049,0.48148148148148145,1.0,0.75,0.0,0.0,1.0,0.0,0.0,0.0,0.0,0.0,0.0,0.0,0.0,0.0,0.0,0.0,0.0,1.0,0.0,0.0,0.0,0.0,0.0,0.0,0.8,0.5,0.1,1.0,1.0,1.0,1.0,1.0,0.0
1.0,0.18518518518518517,0.18518518518518517,0.14814814814814814,0.3333333333333333,0.48148148148148145,1.0,0.75,0.0,0.0,1.0,0.0,0.0,0.0,0.0,0.0,0.0,0.0,0.0,0.0,0.0,0.0,0.0,0.0,0.0,0.0,0.0,0.0,0.0,0.0,0.8,0.2,0.6,1.0,1.0,1.0,1.0,1.0,0.0
0.0,0.14814814814814814,0.1111111111111111,0.18518518518518517,0.34567901234567905,0.48148148148148145,0.0,0.0,0.0,0.0,0.0,0.25,0.5625,0.0,0.0,0.0,0.0,0.0,0.0,0.0,0.0,0.0,0.0,0.0,0.0,0.0,0.0,0.0,0.0,0.0,0.6666666666666666,0.6666666666666666,0.0,1.0,1.0,1.0,1.0,1.0,0.0
0.3333333333333333,0.48148148148148145,0.4444444444444444,0.1111111111111111,0.2222222222222222,0.37037037037037035,1.0,0.25,0.0,0.0,0.0,0.25,0.75,0.0,0.0,0.0,0.0,0.0,0.0,0.0,0.0,0.0,0.0,0.0,0.0,0.0,0.0,0.0,0.0,0.0,0.6666666666666666,0.75,0.08333333333333333,1.0,1.0,1.0,1.0,1.0,0.0
0.6666666666666666,0.37037037037037035,0.3333333333333333,0.1111111111111111,0.2469135802469136,0.4444444444444444,1.0,0.25,0.0,0.0,0.0,0.25,0.8125,0.0,0.0,0.0,0.0,0.0,0.0,0.0,0.0,0.0,0.0,1.0,0.0,0.0,0.0,0.0,0.0,0.0,0.7777777777777778,0.5555555555555556,0.0,1.0,1.0,1.0,1.0,1.0,0.0
1.0,0.18518518518518517,0.14814814814814814,0.1111111111111111,0.2962962962962963,0.4444444444444444,1.0,0.25,0.0,1.0,0.0,0.25,0.875,0.0,0.0,0.0,0.0,0.0,0.0,0.0,0.0,0.0,0.0,0.0,0.0,0.0,0.0,0.0,0.0,0.0,1.0,0.25,0.5,1.0,1.0,1.0,1.0,1.0,0.0
0.0,0.1111111111111111,0.1111111111111111,0.14814814814814814,0.308641975308642,0.4444444444444444,1.0,0.25,0.0,1.0,1.0,0.0,0.0,0.0,0.0,0.0,0.0,0.0,0.0,0.0,0.0,0.0,0.0,0.0,0.0,0.0,0.0,0.0,0.0,0.0,0.6666666666666666,0.6666666666666666,0.0,1.0,1.0,1.0,1.0,1.0,0.0
0.3333333333333333,0.4444444444444444,0.4444444444444444,0.1111111111111111,0.19753086419753085,0.3333333333333333,1.0,0.25,0.0,1.0,1.0,0.0,0.0,0.0,0.0,0.0,0.0,0.0,0.0,0.0,0.0,0.0,0.0,0.0,0.0,0.0,0.0,0.0,0.0,0.0,0.6666666666666666,0.75,0.08333333333333333,1.0,1.0,1.0,1.0,1.0,0.0
0.6666666666666666,0.3333333333333333,0.3333333333333333,0.1111111111111111,0.2345679012345679,0.4444444444444444,1.0,0.25,0.0,1.0,1.0,0.0,0.0,0.0,0.0,0.0,0.0,0.0,0.0,0.0,0.0,0.0,0.0,1.0,0.0,0.0,0.0,0.0,0.0,0.0,0.7777777777777778,0.5555555555555556,0.0,1.0,1.0,1.0,1.0,1.0,0.0
1.0,0.14814814814814814,0.1111111111111111,0.1111111111111111,0.2962962962962963,0.4444444444444444,0.0,0.0,0.0,0.0,0.0,0.25,0.375,0.0,0.0,0.0,0.0,0.0,0.0,0.0,0.0,0.0,0.0,0.0,0.0,0.0,0.0,0.0,0.0,0.0,1.0,0.0,0.6666666666666666,1.0,1.0,1.0,1.0,1.0,0.0
0.0,0.1111111111111111,0.07407407407407407,0.1111111111111111,0.2962962962962963,0.4444444444444444,1.0,0.25,0.0,0.0,0.0,0.25,0.625,0.0,0.0,1.0,0.0,0.0,0.0,0.0,0.0,0.0,0.0,0.0,0.0,0.0,0.0,0.0,0.0,0.0,0.5,1.0,0.0,1.0,1.0,1.0,1.0,1.0,0.0
0.3333333333333333,0.4444444444444444,0.4074074074074074,0.07407407407407407,0.17283950617283952,0.3333333333333333,1.0,0.25,0.0,0.0,0.0,0.25,0.875,0.0,0.0,0.0,0.0,0.0,0.0,0.0,0.0,0.0,0.0,0.0,0.0,0.0,0.0,1.0,0.0,0.0,0.6363636363636364,0.8181818181818182,0.0,1.0,1.0,1.0,1.0,1.0,0.0
0.6666666666666666,0.3333333333333333,0.3333333333333333,0.07407407407407407,0.19753086419753085,0.4074074074074074,1.0,0.25,0.0,0.0,1.0,0.0,0.0,0.0,0.0,0.0,0.0,0.0,0.0,0.0,0.0,0.0,0.0,1.0,0.0,0.0,0.0,1.0,0.0,0.0,0.7777777777777778,0.5555555555555556,0.0,1.0,1.0,1.0,1.0,1.0,0.0
1.0,0.1111111111111111,0.07407407407407407,0.07407407407407407,0.2716049382716049,0.4074074074074074,1.0,0.25,0.0,0.0,0.0,0.25,0.9375,0.0,0.0,0.0,1.0,0.0,0.0,0.0,0.0,0.0,0.0,0.0,0.0,0.0,0.0,1.0,0.0,0.0,1.0,0.0,0.5,1.0,1.0,1.0,1.0,1.0,0.0
0.0,0.07407407407407407,0.07407407407407407,0.07407407407407407,0.2716049382716049,0.4074074074074074,1.0,0.25,0.0,0.0,1.0,0.0,0.0,0.0,0.0,0.0,0.0,0.0,0.0,0.0,0.0,0.0,0.0,0.0,0.0,0.0,0.0,1.0,0.0,0.0,0.5,1.0,0.0,1.0,1.0,1.0,1.0,1.0,0.0
0.3333333333333333,0.4074074074074074,0.4074074074074074,0.07407407407407407,0.16049382716049382,0.3333333333333333,1.0,0.25,0.0,0.0,1.0,0.0,0.0,0.0,0.0,0.0,0.0,0.0,0.0,0.0,0.0,0.0,0.0,0.0,0.0,0.0,0.0,1.0,0.0,0.0,0.6363636363636364,0.8181818181818182,0.0,1.0,1.0,1.0,1.0,1.0,0.0
1.0,0.07407407407407407,0.037037037037037035,0.07407407407407407,0.2716049382716049,0.4074074074074074,0.0,0.0,0.0,0.0,0.0,0.25,0.75,0.0,0.0,0.0,0.0,0.0,0.0,0.0,0.0,0.0,0.0,0.0,0.0,0.0,0.0,1.0,0.0,0.0,1.0,0.0,1.0,1.0,1.0,1.0,1.0,1.0,0.0
0.0,0.07407407407407407,0.07407407407407407,0.037037037037037035,0.25925925925925924,0.4074074074074074,1.0,0.25,0.0,0.0,1.0,0.0,0.0,0.0,0.0,0.0,0.0,0.0,0.0,0.0,0.0,0.0,0.0,0.0,0.0,0.0,0.0,1.0,0.0,0.0,0.5,1.0,0.0,1.0,1.0,1.0,1.0,1.0,0.0
0.3333333333333333,0.4074074074074074,0.4074074074074074,0.037037037037037035,0.14814814814814814,0.3333333333333333,1.0,0.25,0.0,0.0,1.0,0.0,0.0,0.0,0.0,0.0,0.0,0.0,0.0,0.0,0.0,0.0,0.0,0.0,0.0,0.0,0.0,1.0,0.0,0.0,0.6363636363636364,0.8181818181818182,0.0,1.0,1.0,1.0,1.0,1.0,0.0
0.6666666666666666,0.3333333333333333,0.3333333333333333,0.037037037037037035,0.17283950617283952,0.4074074074074074,1.0,0.25,0.0,0.0,1.0,0.0,0.0,0.0,0.0,0.0,0.0,0.0,0.0,0.0,0.0,0.0,0.0,1.0,0.0,0.0,0.0,1.0,0.0,0.0,0.7777777777777778,0.5555555555555556,0.0,1.0,1.0,1.0,1.0,1.0,0.0
1.0,0.037037037037037035,0.0,0.07407407407407407,0.2716049382716049,0.4074074074074074,0.0,0.0,0.0,0.0,0.0,0.25,0.875,0.0,0.0,0.0,0.0,0.0,0.0,0.0,0.0,0.0,1.0,0.0,0.0,0.0,0.0,1.0,0.0,0.0,0.0,0.0,0.0,1.0,1.0,1.0,1.0,1.0,0.0
0.0,0.07407407407407407,0.07407407407407407,0.3333333333333333,0.37037037037037035,0.4074074074074074,1.0,0.25,0.0,0.0,1.0,0.0,0.0,0.0,0.0,0.0,0.0,0.0,0.0,0.0,0.0,0.0,0.0,0.0,0.0,0.0,0.0,0.0,0.0,0.0,0.5,1.0,0.0,1.0,1.0,1.0,1.0,1.0,0.0
0.3333333333333333,0.4074074074074074,0.4074074074074074,0.07407407407407407,0.2037037037037037,0.3333333333333333,1.0,0.25,0.0,0.0,1.0,0.0,0.0,0.0,0.0,0.0,0.0,0.0,0.0,0.0,0.0,0.0,0.0,0.0,0.0,0.0,0.0,1.0,0.0,0.0,0.6363636363636364,0.8181818181818182,0.0,1.0,1.0,1.0,1.0,1.0,0.0
0.6666666666666666,0.3333333333333333,0.3333333333333333,0.07407407407407407,0.24074074074074073,0.4074074074074074,1.0,0.25,0.0,0.0,1.0,0.0,0.0,0.0,0.0,0.0,0.0,0.0,0.0,0.0,0.0,0.0,0.0,1.0,0.0,0.0,0.0,1.0,0.0,0.0,0.7777777777777778,0.5555555555555556,0.0,1.0,1.0,1.0,1.0,1.0,0.0
0.0,0.07407407407407407,0.037037037037037035,0.3333333333333333,0.37037037037037035,0.4074074074074074,0.0,0.0,0.0,0.0,0.0,0.25,0.1875,0.0,0.0,0.0,0.0,0.0,0.0,0.0,0.0,0.0,0.0,0.0,0.0,0.0,0.0,0.0,0.0,0.0,1.0,1.0,0.0,1.0,1.0,1.0,1.0,1.0,0.0
0.3333333333333333,0.4074074074074074,0.37037037037037035,0.037037037037037035,0.18518518518518517,0.3333333333333333,1.0,0.25,0.0,0.0,0.0,0.25,0.4375,1.0,0.0,0.0,0.0,0.0,0.0,0.0,0.0,0.0,0.0,0.0,0.0,0.0,0.0,1.0,0.0,1.0,0.6,0.8,0.0,1.0,1.0,1.0,1.0,1.0,0.0
0.6666666666666666,0.37037037037037035,0.3333333333333333,0.037037037037037035,0.18518518518518517,0.3333333333333333,1.0,0.25,0.0,1.0,0.0,0.25,0.5,0.0,1.0,0.0,0.0,0.0,0.0,0.0,0.0,0.0,0.0,1.0,0.0,0.0,0.0,1.0,1.0,0.0,0.8888888888888888,0.5555555555555556,0.0,1.0,1.0,1.0,1.0,1.0,0.0
0.6666666666666666,0.3333333333333333,0.2962962962962963,0.037037037037037035,0.18518518518518517,0.3333333333333333,0.0,0.0,0.0,0.0,0.0,0.25,0.25,0.0,0.0,0.0,0.0,0.0,0.0,0.0,0.0,0.0,0.0,1.0,0.0,0.0,0.0,1.0,0.0,0.0,0.875,0.5,0.0,1.0,1.0,1.0,1.0,1.0,0.0
0.0,0.037037037037037035,0.037037037037037035,0.2962962962962963,0.3148148148148148,0.3333333333333333,1.0,0.25,0.0,0.0,1.0,0.0,0.0,0.0,0.0,0.0,0.0,0.0,0.0,0.0,0.0,0.0,0.0,0.0,0.0,0.0,0.0,0.0,0.0,0.0,1.0,1.0,0.0,1.0,1.0,1.0,1.0,1.0,0.0
0.3333333333333333,0.3333333333333333,0.2962962962962963,0.037037037037037035,0.16666666666666666,0.2962962962962963,1.0,0.25,0.0,0.0,0.0,0.25,0.3125,0.0,0.0,0.0,0.0,0.0,0.0,0.0,0.0,0.0,0.0,0.0,0.0,0.0,0.0,1.0,0.0,0.0,0.625,0.75,0.0,1.0,1.0,1.0,1.0,1.0,0.0
0.6666666666666666,0.2962962962962963,0.25925925925925924,0.037037037037037035,0.16666666666666666,0.2962962962962963,1.0,0.25,0.0,0.0,0.0,0.25,0.375,0.0,0.0,0.0,0.0,0.0,0.0,0.0,0.0,0.0,0.0,1.0,0.0,0.0,0.0,1.0,0.0,0.0,0.8571428571428571,0.42857142857142855,0.0,1.0,1.0,1.0,1.0,1.0,0.0
0.3333333333333333,0.2962962962962963,0.2962962962962963,0.037037037037037035,0.14814814814814814,0.25925925925925924,1.0,0.25,0.0,1.0,1.0,0.0,0.0,0.0,0.0,0.0,0.0,0.0,0.0,0.0,0.0,0.0,0.0,0.0,0.0,0.0,0.0,1.0,0.0,0.0,0.625,0.75,0.0,1.0,1.0,1.0,1.0,1.0,0.0
0.6666666666666666,0.25925925925925924,0.18518518518518517,0.037037037037037035,0.16666666666666666,0.2962962962962963,0.0,0.0,0.0,0.0,0.0,0.5,0.6875,0.0,0.0,0.0,0.0,0.0,1.0,0.0,0.0,0.0,0.0,1.0,0.0,0.0,0.0,1.0,0.0,0.0,1.0,0.6,0.0,1.0,1.0,1.0,1.0,1.0,0.0
0.0,0.037037037037037035,0.037037037037037035,0.18518518518518517,0.24074074074074073,0.2962962962962963,1.0,0.5,0.0,0.0,1.0,0.0,0.0,0.0,0.0,0.0,0.0,0.0,0.0,0.0,0.0,0.0,0.0,0.0,0.0,0.0,0.0,0.0,0.0,0.0,1.0,1.0,0.0,1.0,1.0,1.0,1.0,1.0,0.0
0.3333333333333333,0.2962962962962963,0.2962962962962963,0.037037037037037035,0.1111111111111111,0.18518518518518517,1.0,0.5,0.0,0.0,1.0,0.0,0.0,0.0,0.0,0.0,0.0,0.0,0.0,0.0,0.0,0.0,0.0,0.0,0.0,0.0,0.0,1.0,0.0,0.0,0.625,0.75,0.0,1.0,1.0,1.0,1.0,1.0,0.0
0.6666666666666666,0.18518518518518517,0.14814814814814814,0.037037037037037035,0.16666666666666666,0.2962962962962963,0.0,0.0,0.0,0.0,0.0,0.25,0.4375,1.0,0.0,0.0,0.0,0.0,0.0,0.0,0.0,0.0,0.0,1.0,0.0,0.0,0.0,1.0,0.0,1.0,1.0,0.5,0.0,1.0,1.0,1.0,1.0,1.0,0.0
0.0,0.07407407407407407,0.07407407407407407,0.1111111111111111,0.2037037037037037,0.2962962962962963,1.0,0.25,0.0,0.0,1.0,0.0,0.0,0.0,0.0,0.0,0.0,0.0,0.0,0.0,0.0,0.0,0.0,0.0,0.0,0.0,0.0,0.0,0.0,0.0,0.5,1.0,0.0,1.0,1.0,1.0,1.0,1.0,0.0
0.3333333333333333,0.2962962962962963,0.25925925925925924,0.07407407407407407,0.09259259259259259,0.1111111111111111,1.0,0.25,0.0,0.0,0.0,0.25,0.5625,0.0,0.0,0.0,0.0,0.0,0.0,0.0,0.0,0.0,0.0,0.0,0.0,0.0,0.0,1.0,0.0,0.0,0.5714285714285714,0.8571428571428571,0.0,1.0,1.0,1.0,1.0,1.0,0.0
0.6666666666666666,0.1111111111111111,0.1111111111111111,0.07407407407407407,0.16666666666666666,0.25925925925925924,1.0,0.25,0.0,1.0,1.0,0.0,0.0,0.0,0.0,0.0,0.0,0.0,0.0,0.0,0.0,0.0,0.0,1.0,0.0,0.0,0.0,1.0,0.0,0.0,1.0,0.3333333333333333,0.0,1.0,1.0,1.0,1.0,1.0,0.0
0.3333333333333333,0.25925925925925924,0.14814814814814814,0.07407407407407407,0.09259259259259259,0.1111111111111111,0.0,0.0,0.0,0.0,0.0,0.75,0.25,0.0,0.0,0.0,0.0,0.0,0.0,1.0,0.0,0.0,0.0,0.0,0.0,0.0,0.0,1.0,0.0,0.0,0.75,0.75,0.0,1.0,1.0,1.0,1.0,1.0,0.0
0.6666666666666666,0.1111111111111111,0.1111111111111111,0.07407407407407407,0.1111111111111111,0.14814814814814814,1.0,0.75,0.0,0.0,1.0,0.0,0.0,0.0,0.0,0.0,0.0,0.0,0.0,0.0,0.0,0.0,0.0,1.0,0.0,0.0,0.0,1.0,0.0,0.0,1.0,0.3333333333333333,0.0,1.0,1.0,1.0,1.0,1.0,0.0
0.0,0.07407407407407407,0.07407407407407407,0.1111111111111111,0.12962962962962962,0.14814814814814814,1.0,0.75,0.0,0.0,1.0,0.0,0.0,0.0,0.0,0.0,0.0,0.0,0.0,0.0,0.0,0.0,0.0,0.0,0.0,0.0,0.0,0.0,0.0,0.0,0.5,1.0,0.0,1.0,1.0,1.0,1.0,1.0,0.0
0.3333333333333333,0.14814814814814814,0.1111111111111111,0.07407407407407407,0.09259259259259259,0.1111111111111111,0.0,0.0,0.0,0.0,0.0,0.25,0.375,0.0,0.0,0.0,0.0,0.0,0.0,0.0,0.0,0.0,0.0,0.0,0.0,0.0,0.0,1.0,0.0,0.0,1.0,0.6666666666666666,0.0,1.0,1.0,1.0,1.0,1.0,0.0
0.6666666666666666,0.1111111111111111,0.07407407407407407,0.07407407407407407,0.09259259259259259,0.1111111111111111,1.0,0.25,0.0,0.0,0.0,0.25,0.75,0.0,0.0,0.0,0.0,0.0,0.0,0.0,0.0,0.0,0.0,1.0,0.0,0.0,0.0,1.0,0.0,0.0,1.0,0.5,0.0,1.0,1.0,1.0,1.0,1.0,0.0
0.0,0.07407407407407407,0.07407407407407407,0.07407407407407407,0.09259259259259259,0.1111111111111111,1.0,0.25,0.0,0.0,1.0,0.0,0.0,0.0,0.0,0.0,0.0,0.0,0.0,0.0,0.0,0.0,0.0,0.0,0.0,0.0,0.0,1.0,0.0,0.0,0.5,1.0,0.0,1.0,1.0,1.0,1.0,1.0,0.0
0.3333333333333333,0.1111111111111111,0.1111111111111111,0.07407407407407407,0.07407407407407407,0.07407407407407407,1.0,0.25,0.0,0.0,1.0,0.0,0.0,0.0,0.0,0.0,0.0,0.0,0.0,0.0,0.0,0.0,0.0,0.0,0.0,0.0,0.0,1.0,0.0,0.0,1.0,0.6666666666666666,0.0,1.0,1.0,1.0,1.0,1.0,0.0
0.6666666666666666,0.07407407407407407,0.037037037037037035,0.07407407407407407,0.09259259259259259,0.1111111111111111,0.0,0.0,0.0,0.0,0.0,0.25,0.5,0.0,1.0,0.0,0.0,0.0,0.0,0.0,0.0,0.0,0.0,1.0,0.0,1.0,0.0,1.0,1.0,0.0,1.0,0.0,0.0,1.0,1.0,1.0,1.0,1.0,0.0
0.6666666666666666,0.037037037037037035,0.0,0.07407407407407407,0.09259259259259259,0.1111111111111111,0.0,0.0,0.0,0.0,0.0,0.25,0.625,0.0,0.0,1.0,0.0,0.0,0.0,0.0,0.0,0.0,1.0,0.0,1.0,0.0,1.0,1.0,0.0,0.0,0.0,0.0,0.0,1.0,1.0,1.0,1.0,1.0,0.0
0.0,0.07407407407407407,0.07407407407407407,0.1111111111111111,0.1111111111111111,0.1111111111111111,1.0,0.25,0.0,0.0,1.0,0.0,0.0,0.0,0.0,0.0,0.0,0.0,0.0,0.0,0.0,0.0,0.0,0.0,0.0,0.0,0.0,0.0,0.0,0.0,0.5,1.0,0.0,1.0,1.0,1.0,1.0,1.0,0.0
0.3333333333333333,0.1111111111111111,0.1111111111111111,0.07407407407407407,0.07407407407407407,0.07407407407407407,1.0,0.25,0.0,0.0,1.0,0.0,0.0,0.0,0.0,0.0,0.0,0.0,0.0,0.0,0.0,0.0,0.0,0.0,0.0,0.0,0.0,1.0,0.0,0.0,1.0,0.6666666666666666,0.0,1.0,1.0,1.0,1.0,1.0,0.0
0.0,0.07407407407407407,0.037037037037037035,0.1111111111111111,0.1111111111111111,0.1111111111111111,0.0,0.0,0.0,0.0,0.0,0.25,0.1875,0.0,0.0,0.0,0.0,0.0,0.0,0.0,0.0,0.0,0.0,0.0,0.0,0.0,0.0,0.0,0.0,0.0,1.0,1.0,0.0,1.0,1.0,1.0,1.0,1.0,0.0
0.3333333333333333,0.1111111111111111,0.07407407407407407,0.037037037037037035,0.037037037037037035,0.037037037037037035,1.0,0.25,0.0,0.0,0.0,0.25,0.375,0.0,0.0,0.0,0.0,0.0,0.0,0.0,0.0,0.0,0.0,0.0,0.0,0.0,0.0,1.0,0.0,0.0,1.0,0.5,0.0,1.0,1.0,1.0,1.0,1.0,0.0
0.0,0.037037037037037035,0.037037037037037035,0.07407407407407407,0.07407407407407407,0.07407407407407407,1.0,0.25,0.0,0.0,1.0,0.0,0.0,0.0,0.0,0.0,0.0,0.0,0.0,0.0,0.0,0.0,0.0,0.0,0.0,0.0,0.0,1.0,0.0,0.0,1.0,1.0,0.0,1.0,1.0,1.0,1.0,1.0,0.0
0.3333333333333333,0.07407407407407407,0.037037037037037035,0.037037037037037035,0.037037037037037035,0.037037037037037035,0.0,0.0,0.0,0.0,0.0,0.25,0.1875,0.0,0.0,0.0,0.0,0.0,0.0,0.0,0.0,0.0,0.0,0.0,0.0,0.0,0.0,1.0,0.0,0.0,1.0,0.0,0.0,1.0,1.0,1.0,1.0,1.0,0.0
0.0,0.037037037037037035,0.037037037037037035,0.037037037037037035,0.037037037037037035,0.037037037037037035,1.0,0.25,0.0,0.0,1.0,0.0,0.0,0.0,0.0,0.0,0.0,0.0,0.0,0.0,0.0,0.0,0.0,0.0,0.0,0.0,0.0,1.0,0.0,0.0,1.0,1.0,0.0,1.0,1.0,1.0,1.0,1.0,0.0
0.3333333333333333,0.037037037037037035,0.0,0.037037037037037035,0.037037037037037035,0.037037037037037035,0.0,0.0,0.0,0.0,0.0,0.25,0.625,0.0,0.0,1.0,0.0,0.0,0.0,0.0,0.0,0.0,1.0,0.0,0.0,0.0,0.0,1.0,0.0,0.0,0.0,0.0,0.0,1.0,1.0,1.0,1.0,1.0,0.0
0.6666666666666666,0.48148148148148145,0.4074074074074074,0.48148148148148145,0.4938271604938272,0.5185185185185185,0.0,0.0,0.0,0.0,0.0,0.5,0.1875,0.0,0.0,0.0,0.0,0.0,1.0,0.0,0.0,0.0,0.0,0.0,0.0,0.0,0.0,0.0,0.0,0.0,0.5454545454545454,0.36363636363636365,0.18181818181818182,1.0,1.0,1.0,0.0,1.0,0.0
1.0,0.48148148148148145,0.4074074074074074,0.4074074074074074,0.4691358024691358,0.5185185185185185,1.0,0.5,0.0,0.0,0.0,0.5,0.5,0.0,1.0,0.0,0.0,0.0,1.0,0.0,0.0,0.0,0.0,0.0,0.0,0.0,0.0,0.0,1.0,0.0,0.5454545454545454,0.36363636363636365,0.5454545454545454,1.0,1.0,1.0,0.0,1.0,0.0
1.0,0.4074074074074074,0.2962962962962963,0.4074074074074074,0.4691358024691358,0.5185185185185185,0.0,0.0,0.0,0.0,0.0,0.75,0.25,0.0,0.0,0.0,0.0,0.0,0.0,1.0,0.0,0.0,0.0,0.0,0.0,0.0,0.0,0.0,0.0,0.0,0.625,0.125,0.75,1.0,1.0,1.0,0.0,1.0,0.0
0.3333333333333333,0.48148148148148145,0.48148148148148145,0.2962962962962963,0.4074074074074074,0.5185185185185185,1.0,0.75,0.0,0.0,1.0,0.0,0.0,0.0,0.0,0.0,0.0,0.0,0.0,0.0,0.0,0.0,0.0,1.0,0.0,0.0,0.0,0.0,0.0,0.0,0.6923076923076923,0.5384615384615384,0.07692307692307693,1.0,1.0,1.0,0.0,1.0,0.0
0.0,0.5185185185185185,0.4074074074074074,0.2962962962962963,0.3950617283950617,0.48148148148148145,1.0,0.75,0.0,0.0,0.0,0.75,0.6875,0.0,0.0,0.0,0.0,0.0,0.0,1.0,0.0,0.0,0.0,0.0,0.0,0.0,0.0,0.0,0.0,0.0,0.7272727272727273,0.45454545454545453,0.36363636363636365,1.0,1.0,1.0,0.0,1.0,0.0
0.6666666666666666,0.4074074074074074,0.4074074074074074,0.2962962962962963,0.3950617283950617,0.48148148148148145,1.0,0.75,0.0,0.0,1.0,0.0,0.0,0.0,0.0,0.0,0.0,0.0,0.0,0.0,0.0,0.0,0.0,0.0,0.0,0.0,0.0,0.0,0.0,0.0,0.5454545454545454,0.36363636363636365,0.18181818181818182,1.0,1.0,1.0,0.0,1.0,0.0
1.0,0.2962962962962963,0.2962962962962963,0.4074074074074074,0.43209876543209874,0.48148148148148145,1.0,0.75,0.0,0.0,1.0,0.0,0.0,0.0,0.0,0.0,0.0,0.0,0.0,0.0,0.0,0.0,0.0,0.0,0.0,0.0,0.0,0.0,0.0,0.0,0.625,0.125,0.75,1.0,1.0,1.0,0.0,1.0,0.0
0.0,0.4074074074074074,0.3333333333333333,0.2962962962962963,0.3950617283950617,0.48148148148148145,0.0,0.0,0.0,0.0,0.0,0.5,0.375,0.0,0.0,0.0,0.0,0.0,1.0,0.0,0.0,0.0,0.0,0.0,0.0,0.0,0.0,0.0,0.0,0.0,0.7777777777777778,0.3333333333333333,0.4444444444444444,1.0,1.0,1.0,0.0,1.0,0.0
0.6666666666666666,0.4074074074074074,0.3333333333333333,0.2962962962962963,0.37037037037037035,0.48148148148148145,1.0,0.5,0.0,0.0,0.0,0.5,0.5625,0.0,0.0,0.0,0.0,0.0,1.0,0.0,0.0,0.0,0.0,0.0,0.0,0.0,0.0,0.0,0.0,0.0,0.5555555555555556,0.4444444444444444,0.2222222222222222,1.0,1.0,1.0,0.0,1.0,0.0
1.0,0.2962962962962963,0.2222222222222222,0.3333333333333333,0.3827160493827161,0.48148148148148145,1.0,0.5,0.0,0.0,0.0,0.5,0.8125,0.0,0.0,0.0,0.0,0.0,1.0,0.0,0.0,0.0,0.0,0.0,0.0,0.0,0.0,0.0,0.0,0.0,0.6666666666666666,0.16666666666666666,0.6666666666666666,1.0,1.0,1.0,0.0,1.0,0.0
0.3333333333333333,0.48148148148148145,0.48148148148148145,0.2222222222222222,0.2962962962962963,0.3333333333333333,1.0,0.5,0.0,0.0,1.0,0.0,0.0,0.0,0.0,0.0,0.0,0.0,0.0,0.0,0.0,0.0,0.0,1.0,0.0,0.0,0.0,0.0,0.0,0.0,0.6923076923076923,0.5384615384615384,0.07692307692307693,1.0,1.0,1.0,0.0,1.0,0.0
0.0,0.3333333333333333,0.3333333333333333,0.2222222222222222,0.34567901234567905,0.48148148148148145,1.0,0.5,0.0,0.0,1.0,0.0,0.0,0.0,0.0,0.0,0.0,0.0,0.0,0.0,0.0,0.0,0.0,0.0,0.0,0.0,0.0,0.0,0.0,0.0,0.7777777777777778,0.3333333333333333,0.4444444444444444,1.0,1.0,1.0,0.0,1.0,0.0
0.6666666666666666,0.3333333333333333,0.25925925925925924,0.2222222222222222,0.34567901234567905,0.48148148148148145,1.0,0.5,0.0,0.0,0.0,0.5,0.9375,0.0,0.0,0.0,1.0,0.0,1.0,0.0,0.0,0.0,0.0,0.0,0.0,0.0,0.0,0.0,0.0,0.0,0.5714285714285714,0.5714285714285714,0.0,1.0,1.0,1.0,0.0,1.0,0.0
1.0,0.2222222222222222,0.2222222222222222,0.25925925925925924,0.35802469135802467,0.48148148148148145,1.0,0.5,0.0,0.0,1.0,0.0,0.0,0.0,0.0,0.0,0.0,0.0,0.0,0.0,0.0,0.0,0.0,0.0,0.0,0.0,0.0,0.0,0.0,0.0,0.6666666666666666,0.16666666666666666,0.6666666666666666,1.0,1.0,1.0,0.0,1.0,0.0
0.6666666666666666,0.25925925925925924,0.2222222222222222,0.2222222222222222,0.34567901234567905,0.48148148148148145,0.0,0.0,0.0,0.0,0.0,0.25,0.375,0.0,0.0,0.0,0.0,0.0,0.0,0.0,0.0,0.0,0.0,0.0,0.0,0.0,0.0,0.0,0.0,0.0,0.5,0.5,0.0,1.0,1.0,1.0,0.0,1.0,0.0
1.0,0.2222222222222222,0.18518518518518517,0.2222222222222222,0.34567901234567905,0.48148148148148145,1.0,0.25,0.0,0.0,0.0,0.25,0.9375,0.0,0.0,0.0,1.0,0.0,0.0,0.0,0.0,0.0,0.0,0.0,0.0,0.0,0.0,0.0,0.0,0.0,0.8,0.2,0.6,1.0,1.0,1.0,0.0,1.0,0.0
0.3333333333333333,0.48148148148148145,0.48148148148148145,0.18518518518518517,0.2469135802469136,0.3333333333333333,1.0,0.25,0.0,0.0,1.0,0.0,0.0,0.0,0.0,0.0,0.0,0.0,0.0,0.0,0.0,0.0,0.0,1.0,0.0,0.0,0.0,0.0,0.0,0.0,0.6923076923076923,0.5384615384615384,0.07692307692307693,1.0,1.0,1.0,0.0,1.0,0.0
0.0,0.3333333333333333,0.2962962962962963,0.18518518518518517,0.2962962962962963,0.48148148148148145,1.0,0.25,0.0,0.0,0.0,0.25,1.0,0.0,0.0,0.0,0.0,1.0,0.0,0.0,0.0,0.0,0.0,0.0,0.0,0.0,0.0,0.0,0.0,0.0,0.75,0.375,0.375,1.0,1.0,1.0,0.0,1.0,0.0
0.6666666666666666,0.2222222222222222,0.2222222222222222,0.18518518518518517,0.32098765432098764,0.48148148148148145,1.0,0.25,0.0,0.0,1.0,0.0,0.0,0.0,0.0,0.0,0.0,0.0,0.0,0.0,0.0,0.0,0.0,0.0,0.0,0.0,0.0,0.0,0.0,0.0,0.5,0.5,0.0,1.0,1.0,1.0,0.0,1.0,0.0
1.0,0.18518518518518517,0.18518518518518517,0.2222222222222222,0.3333333333333333,0.48148148148148145,1.0,0.25,0.0,0.0,1.0,0.0,0.0,0.0,0.0,0.0,0.0,0.0,0.0,0.0,0.0,0.0,0.0,0.0,0.0,0.0,0.0,0.0,0.0,0.0,0.8,0.2,0.6,1.0,1.0,1.0,0.0,1.0,0.0
0.0,0.2962962962962963,0.2222222222222222,0.18518518518518517,0.2962962962962963,0.48148148148148145,0.0,0.0,0.0,0.0,0.0,0.5,0.625,0.0,0.0,1.0,0.0,0.0,1.0,0.0,0.0,0.0,0.0,0.0,0.0,0.0,0.0,0.0,0.0,0.0,0.8333333333333334,0.5,0.5,1.0,1.0,1.0,0.0,1.0,0.0
0.6666666666666666,0.2222222222222222,0.14814814814814814,0.18518518518518517,0.2962962962962963,0.48148148148148145,1.0,0.5,0.0,0.0,0.0,0.5,0.75,0.0,0.0,0.0,0.0,0.0,1.0,0.0,0.0,0.0,0.0,0.0,0.0,0.0,0.0,0.0,0.0,0.0,0.75,0.75,0.0,1.0,1.0,1.0,0.0,1.0,0.0
1.0,0.18518518518518517,0.1111111111111111,0.14814814814814814,0.2839506172839506,0.48148148148148145,1.0,0.5,0.0,0.0,0.0,0.5,0.875,0.0,0.0,0.0,0.0,0.0,1.0,0.0,0.0,0.0,0.0,0.0,0.0,0.0,0.0,0.0,0.0,0.0,1.0,0.3333333333333333,0.3333333333333333,1.0,1.0,1.0,0.0,1.0,0.0
0.3333333333333333,0.48148148148148145,0.48148148148148145,0.1111111111111111,0.16049382716049382,0.2222222222222222,1.0,0.5,0.0,0.0,1.0,0.0,0.0,0.0,0.0,0.0,0.0,0.0,0.0,0.0,0.0,0.0,0.0,1.0,0.0,0.0,0.0,0.0,0.0,0.0,0.6923076923076923,0.5384615384615384,0.07692307692307693,1.0,1.0,1.0,0.0,1.0,0.0
0.0,0.2222222222222222,0.2222222222222222,0.1111111111111111,0.2469135802469136,0.48148148148148145,1.0,0.5,0.0,0.0,1.0,0.0,0.0,0.0,0.0,0.0,0.0,0.0,0.0,0.0,0.0,0.0,0.0,0.0,0.0,0.0,0.0,0.0,0.0,0.0,0.8333333333333334,0.5,0.5,1.0,1.0,1.0,0.0,1.0,0.0
0.6666666666666666,0.14814814814814814,0.14814814814814814,0.1111111111111111,0.2716049382716049,0.48148148148148145,1.0,0.5,0.0,0.0,1.0,0.0,0.0,0.0,0.0,0.0,0.0,0.0,0.0,0.0,0.0,0.0,0.0,0.0,0.0,0.0,0.0,0.0,0.0,0.0,0.75,0.75,0.0,1.0,1.0,1.0,0.0,1.0,0.0
1.0,0.1111111111111111,0.07407407407407407,0.14814814814814814,0.2839506172839506,0.48148148148148145,0.0,0.0,0.0,0.0,0.0,0.25,0.375,0.0,0.0,0.0,0.0,0.0,0.0,0.0,0.0,0.0,0.0,0.0,0.0,0.0,0.0,0.0,0.0,0.0,1.0,0.0,0.5,1.0,1.0,1.0,0.0,1.0,0.0
0.3333333333333333,0.48148148148148145,0.4444444444444444,0.07407407407407407,0.14814814814814814,0.2222222222222222,1.0,0.25,0.0,0.0,0.0,0.25,0.5,0.0,1.0,0.0,0.0,0.0,0.0,0.0,0.0,0.0,0.0,1.0,0.0,0.0,0.0,1.0,1.0,0.0,0.75,0.5,0.08333333333333333,1.0,1.0,1.0,0.0,1.0,0.0
0.3333333333333333,0.4444444444444444,0.37037037037037035,0.07407407407407407,0.14814814814814814,0.2222222222222222,0.0,0.0,0.0,0.0,0.0,0.5,0.4375,1.0,0.0,0.0,0.0,0.0,1.0,0.0,0.0,0.0,0.0,1.0,0.0,0.0,0.0,1.0,0.0,0.0,0.8,0.4,0.1,1.0,1.0,1.0,0.0,1.0,0.0
0.0,0.2222222222222222,0.14814814814814814,0.07407407407407407,0.19753086419753085,0.37037037037037035,1.0,0.5,0.0,0.0,0.0,0.5,0.8125,0.0,0.0,0.0,0.0,0.0,1.0,0.0,0.0,0.0,0.0,0.0,0.0,0.0,0.0,1.0,0.0,0.0,1.0,0.75,0.25,1.0,1.0,1.0,0.0,1.0,0.0
0.6666666666666666,0.14814814814814814,0.14814814814814814,0.07407407407407407,0.19753086419753085,0.37037037037037035,1.0,0.5,0.0,0.0,1.0,0.0,0.0,0.0,0.0,0.0,0.0,0.0,0.0,0.0,0.0,0.0,0.0,0.0,0.0,0.0,0.0,1.0,0.0,0.0,0.75,0.75,0.0,1.0,1.0,1.0,0.0,1.0,0.0
1.0,0.07407407407407407,0.07407407407407407,0.14814814814814814,0.2222222222222222,0.37037037037037035,1.0,0.5,0.0,0.0,1.0,0.0,0.0,0.0,0.0,0.0,0.0,0.0,0.0,0.0,0.0,0.0,0.0,0.0,0.0,0.0,0.0,0.0,0.0,0.0,1.0,0.0,0.5,1.0,1.0,1.0,0.0,1.0,0.0
0.3333333333333333,0.37037037037037035,0.37037037037037035,0.07407407407407407,0.1234567901234568,0.14814814814814814,1.0,0.5,0.0,0.0,1.0,0.0,0.0,0.0,0.0,0.0,0.0,0.0,0.0,0.0,0.0,0.0,0.0,1.0,0.0,0.0,0.0,1.0,0.0,0.0,0.8,0.4,0.1,1.0,1.0,1.0,0.0,1.0,0.0
0.0,0.14814814814814814,0.1111111111111111,0.07407407407407407,0.19753086419753085,0.37037037037037035,0.0,0.0,0.0,0.0,0.0,0.25,0.875,0.0,0.0,0.0,0.0,0.0,0.0,0.0,0.0,0.0,0.0,0.0,0.0,0.0,0.0,1.0,0.0,0.0,1.0,1.0,0.0,1.0,1.0,1.0,0.0,1.0,0.0
0.6666666666666666,0.14814814814814814,0.14814814814814814,0.07407407407407407,0.18518518518518517,0.37037037037037035,1.0,0.25,0.0,0.0,1.0,0.0,0.0,0.0,0.0,0.0,0.0,0.0,0.0,0.0,0.0,0.0,0.0,0.0,0.0,0.0,0.0,1.0,0.0,0.0,0.75,0.75,0.0,1.0,1.0,1.0,0.0,1.0,0.0
1.0,0.07407407407407407,0.037037037037037035,0.1111111111111111,0.20987654320987656,0.37037037037037035,1.0,0.25,0.0,0.0,0.0,0.25,0.9375,0.0,0.0,0.0,1.0,0.0,0.0,0.0,0.0,0.0,0.0,0.0,0.0,0.0,0.0,0.0,0.0,0.0,1.0,0.0,0.0,1.0,1.0,1.0,0.0,1.0,0.0
0.3333333333333333,0.37037037037037035,0.37037037037037035,0.037037037037037035,0.09876543209876543,0.14814814814814814,1.0,0.25,0.0,1.0,1.0,0.0,0.0,0.0,0.0,0.0,0.0,0.0,0.0,0.0,0.0,0.0,0.0,1.0,0.0,0.0,0.0,1.0,0.0,0.0,0.8,0.4,0.1,1.0,1.0,1.0,0.0,1.0,0.0
0.0,0.1111111111111111,0.1111111111111111,0.037037037037037035,0.18518518518518517,0.37037037037037035,1.0,0.25,0.0,1.0,1.0,0.0,0.0,0.0,0.0,0.0,0.0,0.0,0.0,0.0,0.0,0.0,0.0,0.0,0.0,0.0,0.0,1.0,0.0,0.0,1.0,1.0,0.0,1.0,1.0,1.0,0.0,1.0,0.0
1.0,0.037037037037037035,0.0,0.1111111111111111,0.20987654320987656,0.37037037037037035,0.0,0.0,0.0,0.0,0.0,0.25,0.5625,0.0,0.0,0.0,0.0,0.0,0.0,0.0,0.0,0.0,1.0,0.0,0.0,0.0,0.0,0.0,0.0,0.0,0.0,0.0,0.0,1.0,1.0,1.0,0.0,1.0,0.0
0.3333333333333333,0.37037037037037035,0.3333333333333333,0.1111111111111111,0.12962962962962962,0.14814814814814814,1.0,0.25,0.0,0.0,0.0,0.25,0.6875,0.0,0.0,0.0,0.0,0.0,0.0,0.0,0.0,0.0,0.0,1.0,0.0,0.0,0.0,0.0,0.0,0.0,0.7777777777777778,0.4444444444444444,0.1111111111111111,1.0,1.0,1.0,0.0,1.0,0.0
0.0,0.1111111111111111,0.1111111111111111,0.14814814814814814,0.24074074074074073,0.3333333333333333,1.0,0.25,0.0,0.0,1.0,0.0,0.0,0.0,0.0,0.0,0.0,0.0,0.0,0.0,0.0,0.0,0.0,0.0,0.0,0.0,0.0,0.0,0.0,0.0,1.0,1.0,0.0,1.0,1.0,1.0,0.0,1.0,0.0
0.6666666666666666,0.14814814814814814,0.1111111111111111,0.1111111111111111,0.2222222222222222,0.3333333333333333,1.0,0.25,0.0,0.0,0.0,0.25,0.75,0.0,0.0,0.0,0.0,0.0,0.0,0.0,0.0,0.0,0.0,0.0,0.0,0.0,0.0,0.0,0.0,0.0,0.6666666666666666,1.0,0.0,1.0,1.0,1.0,0.0,1.0,0.0
0.3333333333333333,0.3333333333333333,0.2962962962962963,0.1111111111111111,0.1111111111111111,0.1111111111111111,1.0,0.25,0.0,0.0,0.0,0.25,0.875,0.0,0.0,0.0,0.0,0.0,0.0,0.0,0.0,0.0,0.0,1.0,0.0,0.0,0.0,0.0,0.0,0.0,0.75,0.5,0.0,1.0,1.0,1.0,0.0,1.0,0.0
0.6666666666666666,0.1111111111111111,0.1111111111111111,0.1111111111111111,0.2037037037037037,0.2962962962962963,1.0,0.25,0.0,0.0,1.0,0.0,0.0,0.0,0.0,0.0,0.0,0.0,0.0,0.0,0.0,0.0,0.0,0.0,0.0,0.0,0.0,0.0,0.0,0.0,0.6666666666666666,1.0,0.0,1.0,1.0,1.0,0.0,1.0,0.0
0.3333333333333333,0.2962962962962963,0.2222222222222222,0.1111111111111111,0.1111111111111111,0.1111111111111111,0.0,0.0,0.0,0.0,0.0,0.5,0.1875,0.0,0.0,0.0,0.0,0.0,1.0,0.0,0.0,0.0,0.0,1.0,0.0,0.0,0.0,0.0,0.0,0.0,0.8333333333333334,0.3333333333333333,0.0,1.0,1.0,1.0,0.0,1.0,0.0
0.0,0.1111111111111111,0.1111111111111111,0.1111111111111111,0.16666666666666666,0.2222222222222222,1.0,0.5,0.0,0.0,1.0,0.0,0.0,0.0,0.0,0.0,0.0,0.0,0.0,0.0,0.0,0.0,0.0,0.0,0.0,0.0,0.0,0.0,0.0,0.0,1.0,1.0,0.0,1.0,1.0,1.0,0.0,1.0,0.0
0.6666666666666666,0.1111111111111111,0.037037037037037035,0.1111111111111111,0.16666666666666666,0.2222222222222222,1.0,0.5,0.0,0.0,0.0,0.5,0.3125,0.0,0.0,0.0,0.0,0.0,1.0,0.0,0.0,0.0,0.0,0.0,0.0,0.0,0.0,0.0,0.0,0.0,1.0,1.0,0.0,1.0,1.0,1.0,0.0,1.0,0.0
0.3333333333333333,0.2222222222222222,0.2222222222222222,0.037037037037037035,0.07407407407407407,0.1111111111111111,1.0,0.5,0.0,0.0,1.0,0.0,0.0,0.0,0.0,0.0,0.0,0.0,0.0,0.0,0.0,0.0,0.0,1.0,0.0,0.0,0.0,1.0,0.0,0.0,0.8333333333333334,0.3333333333333333,0.0,1.0,1.0,1.0,0.0,1.0,0.0
0.6666666666666666,0.037037037037037035,0.0,0.1111111111111111,0.16666666666666666,0.2222222222222222,0.0,0.0,0.0,0.0,0.0,0.25,0.4375,1.0,0.0,0.0,0.0,0.0,0.0,0.0,0.0,0.0,1.0,0.0,0.0,0.0,0.0,0.0,0.0,0.0,0.0,0.0,0.0,1.0,1.0,1.0,0.0,1.0,0.0
0.3333333333333333,0.2222222222222222,0.18518518518518517,0.1111111111111111,0.1111111111111111,0.1111111111111111,1.0,0.25,0.0,0.0,0.0,0.25,0.5625,0.0,0.0,0.0,0.0,0.0,0.0,0.0,0.0,0.0,0.0,1.0,0.0,0.0,0.0,0.0,0.0,0.0,0.8,0.4,0.0,1.0,1.0,1.0,0.0,1.0,0.0
0.0,0.1111111111111111,0.1111111111111111,0.18518518518518517,0.18518518518518517,0.18518518518518517,1.0,0.25,0.0,1.0,1.0,0.0,0.0,0.0,0.0,0.0,0.0,0.0,0.0,0.0,0.0,0.0,0.0,0.0,0.0,0.0,0.0,0.0,0.0,0.0,1.0,1.0,0.0,1.0,1.0,1.0,0.0,1.0,0.0
0.3333333333333333,0.18518518518518517,0.14814814814814814,0.1111111111111111,0.1111111111111111,0.1111111111111111,0.0,0.0,0.0,0.0,0.0,0.25,0.3125,0.0,0.0,0.0,0.0,0.0,0.0,0.0,0.0,0.0,0.0,1.0,0.0,0.0,0.0,0.0,0.0,0.0,0.75,0.25,0.0,1.0,1.0,1.0,0.0,1.0,0.0
0.0,0.1111111111111111,0.1111111111111111,0.14814814814814814,0.14814814814814814,0.14814814814814814,1.0,0.25,0.0,0.0,1.0,0.0,0.0,0.0,0.0,0.0,0.0,0.0,0.0,0.0,0.0,0.0,0.0,0.0,0.0,0.0,0.0,0.0,0.0,0.0,1.0,1.0,0.0,1.0,1.0,1.0,0.0,1.0,0.0
0.3333333333333333,0.14814814814814814,0.1111111111111111,0.1111111111111111,0.1111111111111111,0.1111111111111111,0.0,0.0,0.0,0.0,0.0,0.25,0.625,0.0,0.0,1.0,0.0,0.0,0.0,0.0,0.0,0.0,0.0,1.0,0.0,0.0,0.0,0.0,0.0,0.0,1.0,0.3333333333333333,0.0,1.0,1.0,1.0,0.0,1.0,0.0
0.0,0.1111111111111111,0.1111111111111111,0.1111111111111111,0.1111111111111111,0.1111111111111111,1.0,0.25,0.0,0.0,1.0,0.0,0.0,0.0,0.0,0.0,0.0,0.0,0.0,0.0,0.0,0.0,0.0,0.0,0.0,0.0,0.0,0.0,0.0,0.0,1.0,1.0,0.0,1.0,1.0,1.0,0.0,1.0,0.0
0.3333333333333333,0.1111111111111111,0.07407407407407407,0.1111111111111111,0.1111111111111111,0.1111111111111111,0.0,0.0,0.0,0.0,0.0,0.25,0.75,0.0,0.0,0.0,0.0,0.0,0.0,0.0,0.0,0.0,0.0,1.0,0.0,0.0,0.0,0.0,0.0,0.0,1.0,0.5,0.0,1.0,1.0,1.0,0.0,1.0,0.0
0.0,0.1111111111111111,0.1111111111111111,0.07407407407407407,0.07407407407407407,0.07407407407407407,1.0,0.25,0.0,0.0,1.0,0.0,0.0,0.0,0.0,0.0,0.0,0.0,0.0,0.0,0.0,0.0,0.0,0.0,0.0,0.0,0.0,1.0,0.0,0.0,1.0,1.0,0.0,1.0,1.0,1.0,0.0,1.0,0.0
0.3333333333333333,0.07407407407407407,0.037037037037037035,0.1111111111111111,0.1111111111111111,0.1111111111111111,0.0,0.0,0.0,0.0,0.0,0.25,0.5,0.0,1.0,0.0,0.0,0.0,0.0,0.0,0.0,0.0,0.0,1.0,0.0,1.0,0.0,0.0,1.0,0.0,1.0,0.0,0.0,1.0,1.0,1.0,0.0,1.0,0.0
0.3333333333333333,0.037037037037037035,0.0,0.1111111111111111,0.1111111111111111,0.1111111111111111,0.0,0.0,0.0,0.0,0.0,0.25,0.625,0.0,0.0,1.0,0.0,0.0,0.0,0.0,0.0,0.0,1.0,0.0,1.0,0.0,1.0,0.0,0.0,0.0,0.0,0.0,0.0,1.0,1.0,1.0,0.0,1.0,0.0
0.0,1.0,0.7777777777777778,1.0,1.0,1.0,0.0,0.0,0.0,0.0,0.0,1.5,0.9375,0.0,0.0,1.0,1.0,0.0,0.0,0.0,0.0,1.0,0.0,0.0,0.0,0.0,0.0,0.0,0.0,0.0,0.5238095238095238,0.47619047619047616,0.2857142857142857,0.0,1.0,1.0,1.0,0.0,0.0
1.0,1.0,1.0,0.7777777777777778,0.7777777777777778,0.7777777777777778,1.0,1.5,0.0,0.0,1.0,0.0,0.0,0.0,0.0,0.0,0.0,0.0,0.0,0.0,0.0,0.0,0.0,0.0,0.0,0.0,0.0,0.0,0.0,0.0,0.48148148148148145,0.5185185185185185,0.18518518518518517,0.0,1.0,1.0,1.0,0.0,0.0
0.0,0.7777777777777778,0.6296296296296297,1.0,1.0,1.0,0.0,0.0,0.0,0.0,0.0,1.0,0.5625,1.0,1.0,0.0,0.0,0.0,0.0,0.0,0.0,1.0,0.0,0.0,0.0,0.0,0.0,0.0,1.0,1.0,0.5882352941176471,0.4117647058823529,0.35294117647058826,0.0,1.0,1.0,1.0,0.0,0.0
0.0,0.5925925925925926,0.48148148148148145,1.037037037037037,1.037037037037037,1.037037037037037,0.0,0.0,0.0,0.0,0.0,0.75,0.375,0.0,0.0,0.0,0.0,0.0,0.0,1.0,0.0,0.0,0.0,0.0,0.0,0.0,0.0,0.0,0.0,0.0,0.6923076923076923,0.23076923076923078,0.46153846153846156,0.0,1.0,1.0,1.0,0.0,0.0
1.0,1.037037037037037,0.9259259259259259,0.48148148148148145,0.48148148148148145,0.48148148148148145,1.0,0.75,0.0,0.0,0.0,0.75,0.4375,1.0,0.0,0.0,0.0,0.0,0.0,1.0,0.0,0.0,0.0,0.0,0.0,0.0,0.0,0.0,0.0,1.0,0.48,0.48,0.2,0.0,1.0,1.0,1.0,0.0,0.0
0.0,0.5925925925925926,0.5925925925925926,0.8148148148148148,0.8148148148148148,0.8148148148148148,1.0,0.75,0.0,0.0,1.0,0.0,0.0,0.0,0.0,0.0,0.0,0.0,0.0,0.0,0.0,0.0,0.0,0.0,0.0,0.0,0.0,0.0,0.0,0.0,0.5625,0.375,0.375,0.0,1.0,1.0,1.0,0.0,0.0
1.0,0.8148148148148148,0.7037037037037037,0.5925925925925926,0.5925925925925926,0.5925925925925926,0.0,0.0,0.0,0.0,0.0,0.75,0.25,0.0,0.0,0.0,0.0,0.0,0.0,1.0,0.0,0.0,0.0,0.0,0.0,0.0,0.0,0.0,0.0,0.0,0.5789473684210527,0.3157894736842105,0.2631578947368421,0.0,1.0,1.0,1.0,0.0,0.0
0.0,0.5925925925925926,0.5925925925925926,0.7037037037037037,0.7037037037037037,0.7037037037037037,1.0,0.75,0.0,0.0,1.0,0.0,0.0,0.0,0.0,0.0,0.0,0.0,0.0,0.0,0.0,0.0,0.0,0.0,0.0,0.0,0.0,0.0,0.0,0.0,0.5625,0.375,0.375,0.0,1.0,1.0,1.0,0.0,0.0
1.0,0.7037037037037037,0.5555555555555556,0.5925925925925926,0.5925925925925926,0.5925925925925926,0.0,0.0,0.0,0.0,0.0,1.0,0.3125,0.0,0.0,0.0,0.0,0.0,0.0,0.0,1.0,0.0,0.0,0.0,0.0,0.0,0.0,0.0,0.0,0.0,0.6666666666666666,0.13333333333333333,0.3333333333333333,0.0,1.0,1.0,1.0,0.0,0.0
0.0,0.5925925925925926,0.5925925925925926,0.5555555555555556,0.5555555555555556,0.5555555555555556,1.0,1.0,0.0,0.0,1.0,0.0,0.0,0.0,0.0,0.0,0.0,0.0,0.0,0.0,0.0,0.0,0.0,0.0,0.0,0.0,0.0,0.0,0.0,0.0,0.5625,0.375,0.375,0.0,1.0,1.0,1.0,0.0,0.0
1.0,0.5555555555555556,0.5185185185185185,0.5925925925925926,0.5925925925925926,0.5925925925925926,0.0,0.0,0.0,0.0,0.0,0.25,0.9375,0.0,0.0,0.0,1.0,0.0,0.0,0.0,0.0,0.0,0.0,0.0,0.0,0.0,0.0,0.0,0.0,0.0,0.7142857142857143,0.14285714285714285,0.2857142857142857,0.0,1.0,1.0,1.0,0.0,0.0
0.0,0.5925925925925926,0.5555555555555556,0.5185185185185185,0.5185185185185185,0.5185185185185185,1.0,0.25,0.0,0.0,0.0,0.25,1.0,0.0,0.0,0.0,0.0,1.0,0.0,0.0,0.0,0.0,0.0,0.0,0.0,0.0,0.0,0.0,0.0,0.0,0.5333333333333333,0.4,0.3333333333333333,0.0,1.0,1.0,1.0,0.0,0.0
1.0,0.5185185185185185,0.5185185185185185,0.5555555555555556,0.5555555555555556,0.5555555555555556,1.0,0.25,0.0,0.0,1.0,0.0,0.0,0.0,0.0,0.0,0.0,0.0,0.0,0.0,0.0,0.0,0.0,0.0,0.0,0.0,0.0,0.0,0.0,0.0,0.7142857142857143,0.14285714285714285,0.2857142857142857,0.0,1.0,1.0,1.0,0.0,0.0
0.0,0.5555555555555556,0.5185185185185185,0.5185185185185185,0.5185185185185185,0.5185185185185185,0.0,0.0,0.0,0.0,0.0,0.25,0.1875,0.0,0.0,0.0,0.0,0.0,0.0,0.0,0.0,0.0,0.0,0.0,0.0,0.0,0.0,0.0,0.0,0.0,0.5714285714285714,0.35714285714285715,0.35714285714285715,0.0,1.0,1.0,1.0,0.0,0.0
1.0,0.5185185185185185,0.48148148148148145,0.5185185185185185,0.5185185185185185,0.5185185185185185,1.0,0.25,0.0,0.0,0.0,0.25,0.5,0.0,1.0,0.0,0.0,0.0,0.0,0.0,0.0,0.0,0.0,0.0,0.0,0.0,0.0,0.0,1.0,0.0,0.6923076923076923,0.07692307692307693,0.3076923076923077,0.0,1.0,1.0,1.0,0.0,0.0
1.0,0.48148148148148145,0.3333333333333333,0.5185185185185185,0.5185185185185185,0.5185185185185185,0.0,0.0,0.0,0.0,0.0,1.0,0.8125,0.0,0.0,1.0,0.0,0.0,0.0,0.0,0.0,1.0,0.0,0.0,0.0,0.0,0.0,0.0,0.0,0.0,0.8888888888888888,0.1111111111111111,0.3333333333333333,0.0,1.0,1.0,1.0,0.0,0.0
0.0,0.5185185185185185,0.5185185185185185,0.3333333333333333,0.3333333333333333,0.3333333333333333,1.0,1.0,0.0,0.0,1.0,0.0,0.0,0.0,0.0,0.0,0.0,0.0,0.0,0.0,0.0,0.0,0.0,0.0,0.0,0.0,0.0,0.0,0.0,0.0,0.5714285714285714,0.35714285714285715,0.35714285714285715,0.0,1.0,1.0,1.0,0.0,0.0
1.0,0.3333333333333333,0.25925925925925924,0.5185185185185185,0.5185185185185185,0.5185185185185185,0.0,0.0,0.0,0.0,0.0,0.5,0.75,0.0,0.0,0.0,0.0,0.0,1.0,0.0,0.0,0.0,0.0,0.0,0.0,0.0,0.0,0.0,0.0,0.0,1.0,0.14285714285714285,0.42857142857142855,0.0,1.0,1.0,1.0,0.0,0.0
0.0,0.5185185185185185,0.4444444444444444,0.25925925925925924,0.25925925925925924,0.25925925925925924,1.0,0.5,0.0,0.0,0.0,0.5,0.8125,0.0,0.0,0.0,0.0,0.0,1.0,0.0,0.0,0.0,0.0,0.0,0.0,0.0,0.0,0.0,0.0,0.0,0.5833333333333334,0.4166666666666667,0.25,0.0,1.0,1.0,1.0,0.0,0.0
1.0,0.25925925925925924,0.25925925925925924,0.4444444444444444,0.4444444444444444,0.4444444444444444,1.0,0.5,0.0,0.0,1.0,0.0,0.0,0.0,0.0,0.0,0.0,0.0,0.0,0.0,0.0,0.0,0.0,0.0,0.0,0.0,0.0,0.0,0.0,0.0,1.0,0.14285714285714285,0.42857142857142855,0.0,1.0,1.0,1.0,0.0,0.0
0.0,0.4444444444444444,0.3333333333333333,0.25925925925925924,0.25925925925925924,0.25925925925925924,0.0,0.0,0.0,0.0,0.0,0.75,0.1875,0.0,0.0,0.0,0.0,0.0,0.0,1.0,0.0,0.0,0.0,0.0,0.0,0.0,0.0,0.0,0.0,0.0,0.6666666666666666,0.2222222222222222,0.3333333333333333,0.0,1.0,1.0,1.0,0.0,0.0
1.0,0.25925925925925924,0.25925925925925924,0.3333333333333333,0.3333333333333333,0.3333333333333333,1.0,0.75,0.0,0.0,1.0,0.0,0.0,0.0,0.0,0.0,0.0,0.0,0.0,0.0,0.0,0.0,0.0,0.0,0.0,0.0,0.0,0.0,0.0,0.0,1.0,0.14285714285714285,0.42857142857142855,0.0,1.0,1.0,1.0,0.0,0.0
0.0,0.3333333333333333,0.25925925925925924,0.25925925925925924,0.25925925925925924,0.25925925925925924,0.0,0.0,0.0,0.0,0.0,0.5,0.5,0.0,1.0,0.0,0.0,0.0,1.0,0.0,0.0,0.0,0.0,0.0,0.0,0.0,0.0,0.0,1.0,0.0,0.7142857142857143,0.0,0.42857142857142855,0.0,1.0,1.0,1.0,0.0,0.0
0.0,0.25925925925925924,0.18518518518518517,0.25925925925925924,0.25925925925925924,0.25925925925925924,0.0,0.0,0.0,0.0,0.0,0.5,0.5625,0.0,0.0,0.0,0.0,0.0,1.0,0.0,0.0,0.0,0.0,0.0,0.0,0.0,0.0,0.0,0.0,0.0,0.8,0.0,0.6,0.0,1.0,1.0,1.0,0.0,0.0
1.0,0.25925925925925924,0.25925925925925924,0.18518518518518517,0.18518518518518517,0.18518518518518517,1.0,0.5,0.0,0.0,1.0,0.0,0.0,0.0,0.0,0.0,0.0,0.0,0.0,0.0,0.0,0.0,0.0,0.0,0.0,0.0,0.0,0.0,0.0,0.0,1.0,0.14285714285714285,0.42857142857142855,0.0,1.0,1.0,1.0,0.0,0.0
0.0,0.18518518518518517,0.14814814814814814,0.25925925925925924,0.25925925925925924,0.25925925925925924,0.0,0.0,0.0,0.0,0.0,0.25,0.875,0.0,0.0,0.0,0.0,0.0,0.0,0.0,0.0,0.0,0.0,0.0,0.0,0.0,0.0,0.0,0.0,0.0,1.0,0.0,0.5,0.0,1.0,1.0,1.0,0.0,0.0
1.0,0.25925925925925924,0.2222222222222222,0.14814814814814814,0.14814814814814814,0.14814814814814814,1.0,0.25,0.0,0.0,0.0,0.25,0.9375,0.0,0.0,0.0,1.0,0.0,0.0,0.0,0.0,0.0,0.0,0.0,0.0,0.0,0.0,0.0,0.0,0.0,1.0,0.16666666666666666,0.3333333333333333,0.0,1.0,1.0,1.0,0.0,0.0
0.0,0.14814814814814814,0.14814814814814814,0.2222222222222222,0.2222222222222222,0.2222222222222222,1.0,0.25,0.0,1.0,1.0,0.0,0.0,0.0,0.0,0.0,0.0,0.0,0.0,0.0,0.0,0.0,0.0,0.0,0.0,0.0,0.0,0.0,0.0,0.0,1.0,0.0,0.5,0.0,1.0,1.0,1.0,0.0,0.0
1.0,0.2222222222222222,0.18518518518518517,0.14814814814814814,0.14814814814814814,0.14814814814814814,0.0,0.0,0.0,0.0,0.0,0.25,0.25,0.0,0.0,0.0,0.0,0.0,0.0,0.0,0.0,0.0,0.0,0.0,0.0,0.0,0.0,0.0,0.0,0.0,1.0,0.0,0.4,0.0,1.0,1.0,1.0,0.0,0.0
0.0,0.14814814814814814,0.1111111111111111,0.18518518518518517,0.18518518518518517,0.18518518518518517,1.0,0.25,0.0,0.0,0.0,0.25,0.625,0.0,0.0,1.0,0.0,0.0,0.0,0.0,0.0,0.0,0.0,0.0,0.0,0.0,0.0,0.0,0.0,0.0,1.0,0.0,0.6666666666666666,0.0,1.0,1.0,1.0,0.0,0.0
1.0,0.18518518518518517,0.14814814814814814,0.1111111111111111,0.1111111111111111,0.1111111111111111,1.0,0.25,0.0,0.0,0.0,0.25,1.0,0.0,0.0,0.0,0.0,1.0,0.0,0.0,0.0,0.0,0.0,0.0,0.0,0.0,0.0,0.0,0.0,0.0,1.0,0.0,0.25,0.0,1.0,1.0,1.0,0.0,0.0
0.0,0.1111111111111111,0.1111111111111111,0.14814814814814814,0.14814814814814814,0.14814814814814814,1.0,0.25,0.0,0.0,1.0,0.0,0.0,0.0,0.0,0.0,0.0,0.0,0.0,0.0,0.0,0.0,0.0,0.0,0.0,0.0,0.0,0.0,0.0,0.0,1.0,0.0,0.6666666666666666,0.0,1.0,1.0,1.0,0.0,0.0
1.0,0.14814814814814814,0.1111111111111111,0.1111111111111111,0.1111111111111111,0.1111111111111111,0.0,0.0,0.0,0.0,0.0,0.25,0.5625,0.0,0.0,0.0,0.0,0.0,0.0,0.0,0.0,0.0,0.0,0.0,0.0,0.0,0.0,0.0,0.0,0.0,1.0,0.0,0.3333333333333333,0.0,1.0,1.0,1.0,0.0,0.0
0.0,0.1111111111111111,0.07407407407407407,0.1111111111111111,0.1111111111111111,0.1111111111111111,1.0,0.25,0.0,0.0,0.0,0.25,0.6875,0.0,0.0,0.0,0.0,0.0,0.0,0.0,0.0,0.0,0.0,0.0,0.0,0.0,0.0,0.0,0.0,0.0,1.0,0.0,1.0,0.0,1.0,1.0,1.0,0.0,0.0
1.0,0.1111111111111111,0.07407407407407407,0.07407407407407407,0.07407407407407407,0.07407407407407407,1.0,0.25,0.0,0.0,0.0,0.25,0.875,0.0,0.0,0.0,0.0,0.0,0.0,0.0,0.0,0.0,0.0,0.0,0.0,0.0,0.0,1.0,0.0,0.0,1.0,0.0,0.0,0.0,1.0,1.0,1.0,0.0,0.0
0.0,0.07407407407407407,0.07407407407407407,0.07407407407407407,0.07407407407407407,0.07407407407407407,1.0,0.25,0.0,1.0,1.0,0.0,0.0,0.0,0.0,0.0,0.0,0.0,0.0,0.0,0.0,0.0,0.0,0.0,0.0,0.0,0.0,1.0,0.0,0.0,1.0,0.0,1.0,0.0,1.0,1.0,1.0,0.0,0.0
1.0,0.07407407407407407,0.037037037037037035,0.07407407407407407,0.07407407407407407,0.07407407407407407,0.0,0.0,0.0,0.0,0.0,0.25,0.625,0.0,0.0,1.0,0.0,0.0,0.0,0.0,0.0,0.0,0.0,0.0,0.0,0.0,0.0,1.0,0.0,0.0,1.0,0.0,0.0,0.0,1.0,1.0,1.0,0.0,0.0
0.0,0.07407407407407407,0.037037037037037035,0.037037037037037035,0.037037037037037035,0.037037037037037035,1.0,0.25,0.0,0.0,0.0,0.25,0.875,0.0,0.0,0.0,0.0,0.0,0.0,0.0,0.0,0.0,0.0,0.0,0.0,0.0,0.0,1.0,0.0,0.0,1.0,0.0,1.0,0.0,1.0,1.0,1.0,0.0,0.0
1.0,0.037037037037037035,0.037037037037037035,0.037037037037037035,0.037037037037037035,0.037037037037037035,1.0,0.25,0.0,0.0,1.0,0.0,0.0,0.0,0.0,0.0,0.0,0.0,0.0,0.0,0.0,0.0,0.0,0.0,0.0,0.0,0.0,1.0,0.0,0.0,1.0,0.0,0.0,0.0,1.0,1.0,1.0,0.0,0.0
0.0,0.037037037037037035,0.0,0.037037037037037035,0.037037037037037035,0.037037037037037035,0.0,0.0,0.0,0.0,0.0,0.25,0.9375,0.0,0.0,0.0,1.0,0.0,0.0,0.0,0.0,0.0,1.0,0.0,0.0,0.0,0.0,1.0,0.0,0.0,0.0,0.0,0.0,0.0,1.0,1.0,1.0,0.0,1.0
0.0,1.0,0.8888888888888888,1.0,1.0,1.0,0.0,0.0,0.0,0.0,0.0,0.75,0.375,0.0,0.0,0.0,0.0,0.0,0.0,1.0,0.0,0.0,0.0,1.0,0.0,0.0,0.0,0.0,0.0,0.0,0.4583333333333333,0.4583333333333333,0.125,1.0,1.0,1.0,0.0,1.0,0.0
1.0,1.0,0.8888888888888888,0.8888888888888888,0.8888888888888888,0.8888888888888888,1.0,0.75,0.0,0.0,0.0,0.75,0.875,0.0,0.0,0.0,0.0,0.0,0.0,1.0,0.0,0.0,0.0,1.0,0.0,0.0,0.0,0.0,0.0,0.0,0.5416666666666666,0.4166666666666667,0.3333333333333333,1.0,1.0,1.0,0.0,1.0,0.0
0.0,0.8888888888888888,0.8888888888888888,0.8888888888888888,0.8888888888888888,0.8888888888888888,1.0,0.75,0.0,0.0,1.0,0.0,0.0,0.0,0.0,0.0,0.0,0.0,0.0,0.0,0.0,0.0,0.0,1.0,0.0,0.0,0.0,0.0,0.0,0.0,0.4583333333333333,0.4583333333333333,0.125,1.0,1.0,1.0,0.0,1.0,0.0
1.0,0.8888888888888888,0.7407407407407407,0.8888888888888888,0.8888888888888888,0.8888888888888888,0.0,0.0,0.0,0.0,0.0,1.0,0.3125,0.0,0.0,0.0,0.0,0.0,0.0,0.0,1.0,0.0,0.0,1.0,0.0,0.0,0.0,0.0,0.0,0.0,0.6,0.3,0.4,1.0,1.0,1.0,0.0,1.0,0.0
0.0,0.8888888888888888,0.8888888888888888,0.7407407407407407,0.7407407407407407,0.7407407407407407,1.0,1.0,1.0,0.0,1.0,0.0,0.0,0.0,0.0,0.0,0.0,0.0,0.0,0.0,0.0,0.0,0.0,1.0,0.0,0.0,0.0,0.0,0.0,0.0,0.4583333333333333,0.4583333333333333,0.125,1.0,1.0,1.0,0.0,1.0,0.0
1.0,0.7407407407407407,0.6296296296296297,0.8888888888888888,0.8888888888888888,0.8888888888888888,0.0,0.0,1.0,0.0,0.0,0.75,0.9375,0.0,0.0,0.0,1.0,0.0,0.0,1.0,0.0,0.0,0.0,1.0,0.0,0.0,0.0,0.0,0.0,0.0,0.6470588235294118,0.35294117647058826,0.29411764705882354,1.0,1.0,1.0,0.0,1.0,0.0
0.0,0.8888888888888888,0.7777777777777778,0.6296296296296297,0.6296296296296297,0.6296296296296297,1.0,0.75,1.0,0.0,0.0,0.75,0.5625,0.0,0.0,0.0,0.0,0.0,0.0,1.0,0.0,0.0,0.0,1.0,0.0,0.0,0.0,0.0,0.0,0.0,0.47619047619047616,0.5238095238095238,0.14285714285714285,1.0,1.0,1.0,0.0,1.0,0.0
1.0,0.6296296296296297,0.6296296296296297,0.7777777777777778,0.7777777777777778,0.7777777777777778,1.0,0.75,1.0,0.0,1.0,0.0,0.0,0.0,0.0,0.0,0.0,0.0,0.0,0.0,0.0,0.0,0.0,1.0,0.0,0.0,0.0,0.0,0.0,0.0,0.6470588235294118,0.35294117647058826,0.29411764705882354,1.0,1.0,1.0,0.0,1.0,0.0
0.0,0.7777777777777778,0.6666666666666666,0.6296296296296297,0.6296296296296297,0.6296296296296297,0.0,0.0,1.0,0.0,0.0,0.75,0.75,0.0,0.0,1.0,0.0,0.0,0.0,0.0,0.0,1.0,0.0,1.0,0.0,0.0,0.0,0.0,0.0,0.0,0.5555555555555556,0.6111111111111112,0.16666666666666666,1.0,1.0,1.0,0.0,1.0,0.0
1.0,0.6296296296296297,0.6296296296296297,0.6666666666666666,0.6666666666666666,0.6666666666666666,1.0,0.75,1.0,0.0,1.0,0.0,0.0,0.0,0.0,0.0,0.0,0.0,0.0,0.0,0.0,0.0,0.0,1.0,0.0,0.0,0.0,0.0,0.0,0.0,0.6470588235294118,0.35294117647058826,0.29411764705882354,1.0,1.0,1.0,0.0,1.0,0.0
0.0,0.6666666666666666,0.5555555555555556,0.6296296296296297,0.6296296296296297,0.6296296296296297,0.0,0.0,1.0,0.0,0.0,0.75,0.4375,1.0,0.0,0.0,0.0,0.0,0.0,1.0,0.0,0.0,0.0,1.0,0.0,0.0,0.0,0.0,0.0,0.0,0.6,0.5333333333333333,0.2,1.0,1.0,1.0,0.0,1.0,0.0
1.0,0.6296296296296297,0.6296296296296297,0.5555555555555556,0.5555555555555556,0.5555555555555556,1.0,0.75,1.0,0.0,1.0,0.0,0.0,0.0,0.0,0.0,0.0,0.0,0.0,0.0,0.0,0.0,0.0,1.0,0.0,0.0,0.0,0.0,0.0,0.0,0.6470588235294118,0.35294117647058826,0.29411764705882354,1.0,1.0,1.0,0.0,1.0,0.0
0.0,0.5555555555555556,0.5185185185185185,0.6296296296296297,0.6296296296296297,0.6296296296296297,0.0,0.0,1.0,0.0,0.0,0.25,0.25,0.0,0.0,0.0,0.0,0.0,0.0,0.0,0.0,0.0,0.0,1.0,0.0,0.0,0.0,0.0,0.0,0.0,0.6428571428571429,0.5,0.21428571428571427,1.0,1.0,1.0,0.0,1.0,0.0
1.0,0.6296296296296297,0.5925925925925926,0.5185185185185185,0.5185185185185185,0.5185185185185185,1.0,0.25,1.0,0.0,0.0,0.25,0.1875,0.0,0.0,0.0,0.0,0.0,0.0,0.0,0.0,0.0,0.0,1.0,0.0,0.0,0.0,0.0,0.0,0.0,0.6875,0.3125,0.3125,1.0,1.0,1.0,0.0,1.0,0.0
0.0,0.5185185185185185,0.5185185185185185,0.5925925925925926,0.5925925925925926,0.5925925925925926,1.0,0.25,1.0,0.0,1.0,0.0,0.0,0.0,0.0,0.0,0.0,0.0,0.0,0.0,0.0,0.0,0.0,1.0,0.0,0.0,0.0,0.0,0.0,0.0,0.6428571428571429,0.5,0.21428571428571427,1.0,1.0,1.0,0.0,1.0,0.0
1.0,0.5925925925925926,0.5185185185185185,0.5185185185185185,0.5185185185185185,0.5185185185185185,0.0,0.0,1.0,0.0,0.0,0.5,0.8125,0.0,0.0,0.0,0.0,0.0,1.0,0.0,0.0,0.0,0.0,1.0,0.0,0.0,0.0,0.0,0.0,0.0,0.7142857142857143,0.35714285714285715,0.21428571428571427,1.0,1.0,1.0,0.0,1.0,0.0
0.0,0.5185185185185185,0.4444444444444444,0.5185185185185185,0.5185185185185185,0.5185185185185185,1.0,0.5,1.0,0.0,0.0,0.5,0.25,0.0,0.0,0.0,0.0,0.0,1.0,0.0,0.0,0.0,0.0,1.0,0.0,0.0,0.0,0.0,0.0,0.0,0.6666666666666666,0.4166666666666667,0.25,1.0,1.0,1.0,0.0,1.0,0.0
1.0,0.5185185185185185,0.5185185185185185,0.4444444444444444,0.4444444444444444,0.4444444444444444,1.0,0.5,1.0,0.0,1.0,0.0,0.0,0.0,0.0,0.0,0.0,0.0,0.0,0.0,0.0,0.0,0.0,1.0,0.0,0.0,0.0,0.0,0.0,0.0,0.7142857142857143,0.35714285714285715,0.21428571428571427,1.0,1.0,1.0,0.0,1.0,0.0
0.0,0.4444444444444444,0.4074074074074074,0.5185185185185185,0.5185185185185185,0.5185185185185185,0.0,0.0,1.0,0.0,0.0,0.25,0.625,0.0,0.0,1.0,0.0,0.0,0.0,0.0,0.0,0.0,0.0,1.0,0.0,0.0,0.0,0.0,0.0,0.0,0.7272727272727273,0.45454545454545453,0.2727272727272727,1.0,1.0,1.0,0.0,1.0,0.0
1.0,0.5185185185185185,0.48148148148148145,0.4074074074074074,0.4074074074074074,0.4074074074074074,1.0,0.25,1.0,0.0,0.0,0.25,0.1875,0.0,0.0,0.0,0.0,0.0,0.0,0.0,0.0,0.0,0.0,1.0,0.0,0.0,0.0,0.0,0.0,0.0,0.6923076923076923,0.3076923076923077,0.23076923076923078,1.0,1.0,1.0,0.0,1.0,0.0
0.0,0.4074074074074074,0.4074074074074074,0.48148148148148145,0.48148148148148145,0.48148148148148145,1.0,0.25,1.0,0.0,1.0,0.0,0.0,0.0,0.0,0.0,0.0,0.0,0.0,0.0,0.0,0.0,0.0,1.0,0.0,0.0,0.0,0.0,0.0,0.0,0.7272727272727273,0.45454545454545453,0.2727272727272727,1.0,1.0,1.0,0.0,1.0,0.0
1.0,0.48148148148148145,0.4074074074074074,0.4074074074074074,0.4074074074074074,0.4074074074074074,0.0,0.0,1.0,0.0,0.0,0.5,0.75,0.0,0.0,0.0,0.0,0.0,1.0,0.0,0.0,0.0,0.0,1.0,0.0,0.0,0.0,0.0,0.0,0.0,0.7272727272727273,0.36363636363636365,0.2727272727272727,1.0,1.0,1.0,0.0,1.0,0.0
0.0,0.4074074074074074,0.4074074074074074,0.4074074074074074,0.4074074074074074,0.4074074074074074,1.0,0.5,1.0,0.0,1.0,0.0,0.0,0.0,0.0,0.0,0.0,0.0,0.0,0.0,0.0,0.0,0.0,1.0,0.0,0.0,0.0,0.0,0.0,0.0,0.7272727272727273,0.45454545454545453,0.2727272727272727,1.0,1.0,1.0,0.0,1.0,0.0
1.0,0.4074074074074074,0.37037037037037035,0.4074074074074074,0.4074074074074074,0.4074074074074074,0.0,0.0,1.0,0.0,0.0,0.25,0.875,0.0,0.0,0.0,0.0,0.0,0.0,0.0,0.0,0.0,0.0,1.0,0.0,0.0,0.0,0.0,0.0,0.0,0.7,0.4,0.2,1.0,1.0,1.0,0.0,1.0,0.0
0.0,0.4074074074074074,0.37037037037037035,0.37037037037037035,0.37037037037037035,0.37037037037037035,1.0,0.25,1.0,0.0,0.0,0.25,0.5,0.0,1.0,0.0,0.0,0.0,0.0,0.0,0.0,0.0,0.0,1.0,0.0,0.0,0.0,0.0,1.0,0.0,0.8,0.4,0.3,1.0,1.0,1.0,0.0,1.0,0.0
0.0,0.37037037037037035,0.2962962962962963,0.37037037037037035,0.37037037037037035,0.37037037037037035,0.0,0.0,1.0,0.0,0.0,0.5,0.8125,0.0,0.0,0.0,0.0,0.0,1.0,0.0,0.0,0.0,0.0,1.0,0.0,0.0,0.0,0.0,0.0,0.0,0.875,0.5,0.125,1.0,1.0,1.0,0.0,1.0,0.0
1.0,0.37037037037037035,0.2962962962962963,0.2962962962962963,0.2962962962962963,0.2962962962962963,1.0,0.5,1.0,0.0,0.0,0.5,0.6875,0.0,0.0,0.0,0.0,0.0,1.0,0.0,0.0,0.0,0.0,1.0,0.0,0.0,0.0,0.0,0.0,0.0,0.75,0.5,0.25,1.0,1.0,1.0,0.0,1.0,0.0
0.0,0.2962962962962963,0.2222222222222222,0.2962962962962963,0.2962962962962963,0.2962962962962963,1.0,0.5,1.0,0.0,0.0,0.5,0.1875,0.0,0.0,0.0,0.0,0.0,1.0,0.0,0.0,0.0,0.0,1.0,0.0,0.0,0.0,0.0,0.0,0.0,1.0,0.3333333333333333,0.16666666666666666,1.0,1.0,1.0,0.0,1.0,0.0
1.0,0.2962962962962963,0.2962962962962963,0.2222222222222222,0.2222222222222222,0.2222222222222222,1.0,0.5,1.0,0.0,1.0,0.0,0.0,0.0,0.0,0.0,0.0,0.0,0.0,0.0,0.0,0.0,0.0,1.0,0.0,0.0,0.0,0.0,0.0,0.0,0.75,0.5,0.25,1.0,1.0,1.0,0.0,1.0,0.0
0.0,0.2222222222222222,0.18518518518518517,0.2962962962962963,0.2962962962962963,0.2962962962962963,0.0,0.0,1.0,0.0,0.0,0.25,0.75,0.0,0.0,0.0,0.0,0.0,0.0,0.0,0.0,0.0,0.0,1.0,0.0,0.0,0.0,0.0,0.0,0.0,1.0,0.4,0.2,1.0,1.0,1.0,0.0,1.0,0.0
1.0,0.2962962962962963,0.25925925925925924,0.18518518518518517,0.18518518518518517,0.18518518518518517,1.0,0.25,1.0,0.0,0.0,0.25,0.5,0.0,1.0,0.0,0.0,0.0,0.0,0.0,0.0,0.0,0.0,1.0,0.0,0.0,0.0,0.0,1.0,0.0,0.8571428571428571,0.42857142857142855,0.2857142857142857,1.0,1.0,1.0,0.0,1.0,0.0
1.0,0.25925925925925924,0.2222222222222222,0.18518518518518517,0.18518518518518517,0.18518518518518517,0.0,0.0,1.0,0.0,0.0,0.25,0.4375,1.0,0.0,0.0,0.0,0.0,0.0,0.0,0.0,0.0,0.0,1.0,0.0,0.0,0.0,0.0,0.0,0.0,0.8333333333333334,0.3333333333333333,0.3333333333333333,1.0,1.0,1.0,0.0,1.0,0.0
0.0,0.18518518518518517,0.14814814814814814,0.2222222222222222,0.2222222222222222,0.2222222222222222,1.0,0.25,1.0,0.0,0.0,0.25,0.375,0.0,0.0,0.0,0.0,0.0,0.0,0.0,0.0,0.0,0.0,1.0,0.0,0.0,0.0,0.0,0.0,0.0,1.0,0.25,0.25,1.0,1.0,1.0,0.0,1.0,0.0
1.0,0.2222222222222222,0.2222222222222222,0.14814814814814814,0.14814814814814814,0.14814814814814814,1.0,0.25,1.0,0.0,1.0,0.0,0.0,0.0,0.0,0.0,0.0,0.0,0.0,0.0,0.0,0.0,0.0,1.0,0.0,0.0,0.0,0.0,0.0,0.0,0.8333333333333334,0.3333333333333333,0.3333333333333333,1.0,1.0,1.0,0.0,1.0,0.0
0.0,0.14814814814814814,0.1111111111111111,0.2222222222222222,0.2222222222222222,0.2222222222222222,0.0,0.0,1.0,0.0,0.0,0.25,0.6875,0.0,0.0,0.0,0.0,0.0,0.0,0.0,0.0,0.0,0.0,1.0,0.0,0.0,0.0,0.0,0.0,0.0,1.0,0.3333333333333333,0.3333333333333333,1.0,1.0,1.0,0.0,1.0,0.0
1.0,0.2222222222222222,0.18518518518518517,0.1111111111111111,0.1111111111111111,0.1111111111111111,1.0,0.25,1.0,0.0,0.0,0.25,0.5625,0.0,0.0,0.0,0.0,0.0,0.0,0.0,0.0,0.0,0.0,1.0,0.0,0.0,0.0,0.0,0.0,0.0,0.8,0.4,0.4,1.0,1.0,1.0,0.0,1.0,0.0
0.0,0.1111111111111111,0.1111111111111111,0.18518518518518517,0.18518518518518517,0.18518518518518517,1.0,0.25,1.0,1.0,1.0,0.0,0.0,0.0,0.0,0.0,0.0,0.0,0.0,0.0,0.0,0.0,0.0,1.0,0.0,0.0,0.0,0.0,0.0,0.0,1.0,0.3333333333333333,0.3333333333333333,1.0,1.0,1.0,0.0,1.0,0.0
1.0,0.18518518518518517,0.14814814814814814,0.1111111111111111,0.1111111111111111,0.1111111111111111,0.0,0.0,1.0,0.0,0.0,0.25,0.25,0.0,0.0,0.0,0.0,0.0,0.0,0.0,0.0,0.0,0.0,1.0,0.0,0.0,0.0,0.0,0.0,0.0,0.75,0.25,0.5,1.0,1.0,1.0,0.0,1.0,0.0
0.0,0.1111111111111111,0.1111111111111111,0.14814814814814814,0.14814814814814814,0.14814814814814814,1.0,0.25,1.0,0.0,1.0,0.0,0.0,0.0,0.0,0.0,0.0,0.0,0.0,0.0,0.0,0.0,0.0,1.0,0.0,0.0,0.0,0.0,0.0,0.0,1.0,0.3333333333333333,0.3333333333333333,1.0,1.0,1.0,0.0,1.0,0.0
1.0,0.14814814814814814,0.07407407407407407,0.1111111111111111,0.1111111111111111,0.1111111111111111,0.0,0.0,1.0,0.0,0.0,0.5,1.0,0.0,0.0,0.0,0.0,1.0,1.0,0.0,0.0,0.0,0.0,1.0,0.0,0.0,0.0,0.0,0.0,0.0,1.0,0.5,0.0,1.0,1.0,1.0,0.0,1.0,0.0
0.0,0.1111111111111111,0.1111111111111111,0.07407407407407407,0.07407407407407407,0.07407407407407407,1.0,0.5,1.0,0.0,1.0,0.0,0.0,0.0,0.0,0.0,0.0,0.0,0.0,0.0,0.0,0.0,0.0,1.0,0.0,0.0,0.0,1.0,0.0,0.0,1.0,0.3333333333333333,0.3333333333333333,1.0,1.0,1.0,0.0,1.0,0.0
1.0,0.07407407407407407,0.037037037037037035,0.1111111111111111,0.1111111111111111,0.1111111111111111,0.0,0.0,1.0,0.0,0.0,0.25,0.5,0.0,1.0,0.0,0.0,0.0,0.0,0.0,0.0,0.0,0.0,1.0,0.0,1.0,0.0,0.0,1.0,0.0,1.0,0.0,0.0,1.0,1.0,1.0,0.0,1.0,0.0
1.0,0.037037037037037035,0.0,0.1111111111111111,0.1111111111111111,0.1111111111111111,0.0,0.0,1.0,0.0,0.0,0.25,0.625,0.0,0.0,1.0,0.0,0.0,0.0,0.0,0.0,0.0,1.0,0.0,1.0,0.0,1.0,0.0,0.0,0.0,0.0,0.0,0.0,1.0,1.0,1.0,0.0,1.0,0.0
0.6666666666666666,0.48148148148148145,0.4074074074074074,0.48148148148148145,0.5061728395061729,0.5185185185185185,0.0,0.0,0.0,0.0,0.0,0.5,0.1875,0.0,0.0,0.0,0.0,0.0,1.0,0.0,0.0,0.0,0.0,0.0,0.0,0.0,0.0,0.0,0.0,0.0,0.6363636363636364,0.2727272727272727,0.36363636363636365,1.0,1.0,0.0,0.0,0.0,0.0
0.3333333333333333,0.5185185185185185,0.4444444444444444,0.4074074074074074,0.4691358024691358,0.5185185185185185,1.0,0.5,0.0,0.0,0.0,0.5,0.5,0.0,1.0,0.0,0.0,0.0,1.0,0.0,0.0,0.0,0.0,0.0,0.0,0.0,0.0,0.0,1.0,0.0,0.6666666666666666,0.3333333333333333,0.3333333333333333,1.0,1.0,0.0,0.0,0.0,0.0
0.3333333333333333,0.4444444444444444,0.37037037037037035,0.4074074074074074,0.4691358024691358,0.5185185185185185,0.0,0.0,0.0,0.0,0.0,0.5,0.3125,0.0,0.0,0.0,0.0,0.0,1.0,0.0,0.0,0.0,0.0,0.0,0.0,0.0,0.0,0.0,0.0,0.0,0.7,0.2,0.4,1.0,1.0,0.0,0.0,0.0,0.0
1.0,0.5185185185185185,0.4444444444444444,0.37037037037037035,0.4197530864197531,0.48148148148148145,1.0,0.5,0.0,0.0,0.0,0.5,0.375,0.0,0.0,0.0,0.0,0.0,1.0,0.0,0.0,0.0,0.0,0.0,0.0,0.0,0.0,0.0,0.0,0.0,0.75,0.5,0.16666666666666666,1.0,1.0,0.0,0.0,0.0,0.0
0.0,0.48148148148148145,0.4074074074074074,0.37037037037037035,0.4074074074074074,0.4444444444444444,1.0,0.5,0.0,0.0,0.0,0.5,0.6875,0.0,0.0,0.0,0.0,0.0,1.0,0.0,0.0,0.0,0.0,0.0,0.0,0.0,0.0,0.0,0.0,0.0,0.8181818181818182,0.45454545454545453,0.36363636363636365,1.0,1.0,0.0,0.0,0.0,0.0
0.6666666666666666,0.4074074074074074,0.3333333333333333,0.37037037037037035,0.4074074074074074,0.4444444444444444,1.0,0.5,0.0,0.0,0.0,0.5,0.75,0.0,0.0,0.0,0.0,0.0,1.0,0.0,0.0,0.0,0.0,0.0,0.0,0.0,0.0,0.0,0.0,0.0,0.6666666666666666,0.3333333333333333,0.4444444444444444,1.0,1.0,0.0,0.0,0.0,0.0
0.3333333333333333,0.37037037037037035,0.2962962962962963,0.3333333333333333,0.3950617283950617,0.4444444444444444,1.0,0.5,0.0,0.0,0.0,0.5,0.8125,0.0,0.0,0.0,0.0,0.0,1.0,0.0,0.0,0.0,0.0,0.0,0.0,0.0,0.0,0.0,0.0,0.0,0.75,0.25,0.25,1.0,1.0,0.0,0.0,0.0,0.0
1.0,0.4444444444444444,0.4444444444444444,0.2962962962962963,0.34567901234567905,0.4074074074074074,1.0,0.5,0.0,0.0,1.0,0.0,0.0,0.0,0.0,0.0,0.0,0.0,0.0,0.0,0.0,0.0,0.0,0.0,0.0,0.0,0.0,0.0,0.0,0.0,0.75,0.5,0.16666666666666666,1.0,1.0,0.0,0.0,0.0,0.0
0.0,0.4074074074074074,0.4074074074074074,0.2962962962962963,0.35802469135802467,0.4444444444444444,1.0,0.5,0.0,0.0,1.0,0.0,0.0,0.0,0.0,0.0,0.0,0.0,0.0,0.0,0.0,0.0,0.0,0.0,0.0,0.0,0.0,0.0,0.0,0.0,0.8181818181818182,0.45454545454545453,0.36363636363636365,1.0,1.0,0.0,0.0,0.0,0.0
0.6666666666666666,0.3333333333333333,0.25925925925925924,0.2962962962962963,0.3827160493827161,0.4444444444444444,1.0,0.5,0.0,0.0,0.0,0.5,0.875,0.0,0.0,0.0,0.0,0.0,1.0,0.0,0.0,0.0,0.0,0.0,0.0,0.0,0.0,0.0,0.0,0.0,0.7142857142857143,0.42857142857142855,0.2857142857142857,1.0,1.0,0.0,0.0,0.0,0.0
0.3333333333333333,0.2962962962962963,0.2962962962962963,0.25925925925925924,0.37037037037037035,0.4444444444444444,1.0,0.5,0.0,0.0,1.0,0.0,0.0,0.0,0.0,0.0,0.0,0.0,0.0,0.0,0.0,0.0,0.0,0.0,0.0,0.0,0.0,0.0,0.0,0.0,0.75,0.25,0.25,1.0,1.0,0.0,0.0,0.0,0.0
0.6666666666666666,0.25925925925925924,0.18518518518518517,0.2962962962962963,0.3827160493827161,0.4444444444444444,0.0,0.0,0.0,0.0,0.0,0.5,0.4375,1.0,0.0,0.0,0.0,0.0,1.0,0.0,0.0,0.0,0.0,0.0,0.0,0.0,0.0,0.0,0.0,0.0,0.8,0.2,0.4,1.0,1.0,0.0,0.0,0.0,0.0
0.3333333333333333,0.2962962962962963,0.2962962962962963,0.18518518518518517,0.34567901234567905,0.4444444444444444,1.0,0.5,0.0,0.0,1.0,0.0,0.0,0.0,0.0,0.0,0.0,0.0,0.0,0.0,0.0,0.0,0.0,0.0,0.0,0.0,0.0,0.0,0.0,0.0,0.75,0.25,0.25,1.0,1.0,0.0,0.0,0.0,0.0
1.0,0.4444444444444444,0.37037037037037035,0.18518518518518517,0.2962962962962963,0.4074074074074074,1.0,0.5,0.0,0.0,0.0,0.5,0.625,0.0,0.0,1.0,0.0,0.0,1.0,0.0,0.0,0.0,0.0,0.0,0.0,0.0,0.0,0.0,0.0,0.0,0.9,0.6,0.2,1.0,1.0,0.0,0.0,0.0,0.0
0.0,0.4074074074074074,0.3333333333333333,0.18518518518518517,0.2839506172839506,0.37037037037037035,1.0,0.5,0.0,0.0,0.0,0.5,0.6875,0.0,0.0,0.0,0.0,0.0,1.0,0.0,0.0,0.0,0.0,0.0,0.0,0.0,0.0,0.0,0.0,0.0,0.8888888888888888,0.5555555555555556,0.4444444444444444,1.0,1.0,0.0,0.0,0.0,0.0
0.6666666666666666,0.18518518518518517,0.1111111111111111,0.2962962962962963,0.3333333333333333,0.37037037037037035,1.0,0.5,0.0,0.0,0.0,0.5,0.9375,0.0,0.0,0.0,1.0,0.0,1.0,0.0,0.0,0.0,0.0,0.0,0.0,0.0,0.0,0.0,0.0,0.0,1.0,0.3333333333333333,0.0,1.0,1.0,0.0,0.0,0.0,0.0
1.0,0.37037037037037035,0.37037037037037035,0.1111111111111111,0.2469135802469136,0.3333333333333333,1.0,0.5,0.0,0.0,1.0,0.0,0.0,0.0,0.0,0.0,0.0,0.0,0.0,0.0,0.0,0.0,0.0,0.0,0.0,0.0,0.0,0.0,0.0,0.0,0.9,0.6,0.2,1.0,1.0,0.0,0.0,0.0,0.0
0.0,0.3333333333333333,0.3333333333333333,0.1111111111111111,0.25925925925925924,0.37037037037037035,1.0,0.5,0.0,0.0,1.0,0.0,0.0,0.0,0.0,0.0,0.0,0.0,0.0,0.0,0.0,0.0,0.0,0.0,0.0,0.0,0.0,0.0,0.0,0.0,0.8888888888888888,0.5555555555555556,0.4444444444444444,1.0,1.0,0.0,0.0,0.0,0.0
0.6666666666666666,0.1111111111111111,0.07407407407407407,0.2962962962962963,0.3333333333333333,0.37037037037037035,0.0,0.0,0.0,0.0,0.0,0.25,0.625,0.0,0.0,1.0,0.0,0.0,0.0,0.0,0.0,0.0,0.0,0.0,0.0,0.0,0.0,0.0,0.0,0.0,1.0,0.5,0.0,1.0,1.0,0.0,0.0,0.0,0.0
0.3333333333333333,0.2962962962962963,0.25925925925925924,0.07407407407407407,0.25925925925925924,0.37037037037037035,1.0,0.25,0.0,0.0,0.0,0.25,0.75,0.0,0.0,0.0,0.0,0.0,0.0,0.0,0.0,0.0,0.0,0.0,0.0,0.0,0.0,1.0,0.0,0.0,0.8571428571428571,0.2857142857142857,0.2857142857142857,1.0,1.0,0.0,0.0,0.0,0.0
1.0,0.37037037037037035,0.3333333333333333,0.07407407407407407,0.2222222222222222,0.3333333333333333,1.0,0.25,0.0,0.0,0.0,0.25,0.875,0.0,0.0,0.0,0.0,0.0,0.0,0.0,0.0,0.0,0.0,0.0,0.0,0.0,0.0,1.0,0.0,0.0,0.8888888888888888,0.6666666666666666,0.1111111111111111,1.0,1.0,0.0,0.0,0.0,0.0
0.0,0.3333333333333333,0.2962962962962963,0.07407407407407407,0.2222222222222222,0.3333333333333333,1.0,0.25,0.0,0.0,0.0,0.25,0.9375,0.0,0.0,0.0,1.0,0.0,0.0,0.0,0.0,0.0,0.0,0.0,0.0,0.0,0.0,1.0,0.0,0.0,0.875,0.625,0.375,1.0,1.0,0.0,0.0,0.0,0.0
0.6666666666666666,0.07407407407407407,0.07407407407407407,0.25925925925925924,0.2962962962962963,0.3333333333333333,1.0,0.25,0.0,0.0,1.0,0.0,0.0,0.0,0.0,0.0,0.0,0.0,0.0,0.0,0.0,0.0,0.0,0.0,0.0,0.0,0.0,0.0,0.0,0.0,1.0,0.5,0.0,1.0,1.0,0.0,0.0,0.0,0.0
0.3333333333333333,0.25925925925925924,0.2222222222222222,0.07407407407407407,0.2345679012345679,0.3333333333333333,1.0,0.25,0.0,0.0,0.0,0.25,1.0,0.0,0.0,0.0,0.0,1.0,0.0,0.0,0.0,0.0,0.0,0.0,0.0,0.0,0.0,1.0,0.0,0.0,0.8333333333333334,0.3333333333333333,0.16666666666666666,1.0,1.0,0.0,0.0,0.0,0.0
1.0,0.3333333333333333,0.3333333333333333,0.07407407407407407,0.19753086419753085,0.2962962962962963,1.0,0.25,0.0,0.0,1.0,0.0,0.0,0.0,0.0,0.0,0.0,0.0,0.0,0.0,0.0,0.0,0.0,0.0,0.0,0.0,0.0,1.0,0.0,0.0,0.8888888888888888,0.6666666666666666,0.1111111111111111,1.0,1.0,0.0,0.0,0.0,0.0
0.0,0.2962962962962963,0.2962962962962963,0.07407407407407407,0.20987654320987656,0.3333333333333333,1.0,0.25,0.0,0.0,1.0,0.0,0.0,0.0,0.0,0.0,0.0,0.0,0.0,0.0,0.0,0.0,0.0,0.0,0.0,0.0,0.0,1.0,0.0,0.0,0.875,0.625,0.375,1.0,1.0,0.0,0.0,0.0,0.0
0.3333333333333333,0.2222222222222222,0.14814814814814814,0.07407407407407407,0.2345679012345679,0.3333333333333333,0.0,0.0,0.0,0.0,0.0,0.5,0.5625,0.0,0.0,0.0,0.0,0.0,1.0,0.0,0.0,0.0,0.0,0.0,0.0,0.0,0.0,1.0,0.0,0.0,1.0,0.5,0.25,1.0,1.0,0.0,0.0,0.0,0.0
1.0,0.3333333333333333,0.3333333333333333,0.07407407407407407,0.17283950617283952,0.2962962962962963,1.0,0.5,0.0,0.0,1.0,0.0,0.0,0.0,0.0,0.0,0.0,0.0,0.0,0.0,0.0,0.0,0.0,0.0,0.0,0.0,0.0,1.0,0.0,0.0,0.8888888888888888,0.6666666666666666,0.1111111111111111,1.0,1.0,0.0,0.0,0.0,0.0
0.0,0.2962962962962963,0.2222222222222222,0.07407407407407407,0.18518518518518517,0.3333333333333333,1.0,0.5,0.0,0.0,0.0,0.5,0.8125,0.0,0.0,0.0,0.0,0.0,1.0,0.0,0.0,0.0,0.0,0.0,0.0,0.0,0.0,1.0,0.0,0.0,1.0,0.8333333333333334,0.16666666666666666,1.0,1.0,0.0,0.0,0.0,0.0
0.6666666666666666,0.07407407407407407,0.07407407407407407,0.14814814814814814,0.2345679012345679,0.3333333333333333,1.0,0.5,0.0,0.0,1.0,0.0,0.0,0.0,0.0,0.0,0.0,0.0,0.0,0.0,0.0,0.0,0.0,0.0,0.0,0.0,0.0,0.0,0.0,0.0,1.0,0.5,0.0,1.0,1.0,0.0,0.0,0.0,0.0
0.3333333333333333,0.14814814814814814,0.14814814814814814,0.07407407407407407,0.20987654320987656,0.3333333333333333,1.0,0.5,0.0,0.0,1.0,0.0,0.0,0.0,0.0,0.0,0.0,0.0,0.0,0.0,0.0,0.0,0.0,0.0,0.0,0.0,0.0,1.0,0.0,0.0,1.0,0.5,0.25,1.0,1.0,0.0,0.0,0.0,0.0
0.0,0.2222222222222222,0.18518518518518517,0.07407407407407407,0.18518518518518517,0.3333333333333333,0.0,0.0,0.0,0.0,0.0,0.25,0.5,0.0,1.0,0.0,0.0,0.0,0.0,0.0,0.0,0.0,0.0,0.0,0.0,0.0,0.0,1.0,1.0,0.0,1.0,0.8,0.2,1.0,1.0,0.0,0.0,0.0,0.0
0.0,0.18518518518518517,0.14814814814814814,0.07407407407407407,0.18518518518518517,0.3333333333333333,0.0,0.0,0.0,0.0,0.0,0.25,0.875,0.0,0.0,0.0,0.0,0.0,0.0,0.0,0.0,0.0,0.0,0.0,0.0,0.0,0.0,1.0,0.0,0.0,1.0,1.0,0.0,1.0,1.0,0.0,0.0,0.0,0.0
0.6666666666666666,0.07407407407407407,0.07407407407407407,0.14814814814814814,0.20987654320987656,0.3333333333333333,1.0,0.25,0.0,0.0,1.0,0.0,0.0,0.0,0.0,0.0,0.0,0.0,0.0,0.0,0.0,0.0,0.0,0.0,0.0,0.0,0.0,0.0,0.0,0.0,1.0,0.5,0.0,1.0,1.0,0.0,0.0,0.0,0.0
0.3333333333333333,0.14814814814814814,0.1111111111111111,0.07407407407407407,0.18518518518518517,0.3333333333333333,1.0,0.25,0.0,0.0,0.0,0.25,0.9375,0.0,0.0,0.0,1.0,0.0,0.0,0.0,0.0,0.0,0.0,0.0,0.0,0.0,0.0,1.0,0.0,0.0,1.0,0.6666666666666666,0.0,1.0,1.0,0.0,0.0,0.0,0.0
1.0,0.3333333333333333,0.3333333333333333,0.07407407407407407,0.1111111111111111,0.14814814814814814,1.0,0.25,0.0,0.0,1.0,0.0,0.0,0.0,0.0,0.0,0.0,0.0,0.0,0.0,0.0,0.0,0.0,0.0,0.0,0.0,0.0,1.0,0.0,0.0,0.8888888888888888,0.6666666666666666,0.1111111111111111,1.0,1.0,0.0,0.0,0.0,0.0
0.0,0.14814814814814814,0.14814814814814814,0.07407407407407407,0.17283950617283952,0.3333333333333333,1.0,0.25,0.0,0.0,1.0,0.0,0.0,0.0,0.0,0.0,0.0,0.0,0.0,0.0,0.0,0.0,0.0,0.0,0.0,0.0,0.0,1.0,0.0,0.0,1.0,1.0,0.0,1.0,1.0,0.0,0.0,0.0,0.0
0.3333333333333333,0.1111111111111111,0.07407407407407407,0.07407407407407407,0.18518518518518517,0.3333333333333333,0.0,0.0,0.0,0.0,0.0,0.25,0.25,0.0,0.0,0.0,0.0,0.0,0.0,0.0,0.0,0.0,0.0,0.0,0.0,0.0,0.0,1.0,0.0,0.0,1.0,0.5,0.0,1.0,1.0,0.0,0.0,0.0,0.0
1.0,0.3333333333333333,0.2962962962962963,0.07407407407407407,0.09876543209876543,0.14814814814814814,1.0,0.25,0.0,0.0,0.0,0.25,0.5,0.0,1.0,0.0,0.0,0.0,0.0,0.0,0.0,0.0,0.0,0.0,0.0,0.0,0.0,1.0,1.0,0.0,0.875,0.625,0.125,1.0,1.0,0.0,0.0,0.0,0.0
1.0,0.2962962962962963,0.2222222222222222,0.07407407407407407,0.09876543209876543,0.14814814814814814,0.0,0.0,0.0,0.0,0.0,0.5,0.25,0.0,0.0,0.0,0.0,0.0,1.0,0.0,0.0,0.0,0.0,0.0,0.0,0.0,0.0,1.0,0.0,0.0,1.0,0.5,0.16666666666666666,1.0,1.0,0.0,0.0,0.0,0.0
0.0,0.14814814814814814,0.14814814814814814,0.07407407407407407,0.1234567901234568,0.2222222222222222,1.0,0.5,0.0,0.0,1.0,0.0,0.0,0.0,0.0,0.0,0.0,0.0,0.0,0.0,0.0,0.0,0.0,0.0,0.0,0.0,0.0,1.0,0.0,0.0,1.0,1.0,0.0,1.0,1.0,0.0,0.0,0.0,0.0
0.6666666666666666,0.07407407407407407,0.07407407407407407,0.07407407407407407,0.14814814814814814,0.2222222222222222,1.0,0.5,0.0,0.0,1.0,0.0,0.0,0.0,0.0,0.0,0.0,0.0,0.0,0.0,0.0,0.0,0.0,0.0,0.0,0.0,0.0,1.0,0.0,0.0,1.0,0.5,0.0,1.0,1.0,0.0,0.0,0.0,0.0
0.3333333333333333,0.07407407407407407,0.07407407407407407,0.07407407407407407,0.14814814814814814,0.2222222222222222,1.0,0.5,0.0,0.0,1.0,0.0,0.0,0.0,0.0,0.0,0.0,0.0,0.0,0.0,0.0,0.0,0.0,0.0,0.0,0.0,0.0,1.0,0.0,0.0,1.0,0.5,0.0,1.0,1.0,0.0,0.0,0.0,0.0
1.0,0.2222222222222222,0.18518518518518517,0.07407407407407407,0.09876543209876543,0.14814814814814814,0.0,0.0,0.0,0.0,0.0,0.25,0.1875,0.0,0.0,0.0,0.0,0.0,0.0,0.0,0.0,0.0,0.0,0.0,0.0,0.0,0.0,1.0,0.0,0.0,1.0,0.4,0.2,1.0,1.0,0.0,0.0,0.0,0.0
0.0,0.14814814814814814,0.1111111111111111,0.07407407407407407,0.1111111111111111,0.18518518518518517,1.0,0.25,0.0,0.0,0.0,0.25,0.25,0.0,0.0,0.0,0.0,0.0,0.0,0.0,0.0,0.0,0.0,0.0,0.0,0.0,0.0,1.0,0.0,0.0,1.0,1.0,0.0,1.0,1.0,0.0,0.0,0.0,0.0
0.6666666666666666,0.07407407407407407,0.037037037037037035,0.07407407407407407,0.1234567901234568,0.18518518518518517,1.0,0.25,0.0,0.0,0.0,0.25,0.5625,0.0,0.0,0.0,0.0,0.0,0.0,0.0,0.0,0.0,0.0,0.0,0.0,0.0,0.0,1.0,0.0,0.0,1.0,1.0,0.0,1.0,1.0,0.0,0.0,0.0,0.0
0.3333333333333333,0.07407407407407407,0.037037037037037035,0.037037037037037035,0.1111111111111111,0.18518518518518517,1.0,0.25,0.0,0.0,0.0,0.25,0.75,0.0,0.0,0.0,0.0,0.0,0.0,0.0,0.0,0.0,0.0,0.0,0.0,0.0,0.0,1.0,0.0,0.0,1.0,1.0,0.0,1.0,1.0,0.0,0.0,0.0,0.0
1.0,0.18518518518518517,0.14814814814814814,0.037037037037037035,0.0617283950617284,0.1111111111111111,1.0,0.25,0.0,0.0,0.0,0.25,1.0,0.0,0.0,0.0,0.0,1.0,0.0,0.0,0.0,0.0,0.0,0.0,0.0,0.0,0.0,1.0,0.0,0.0,1.0,0.5,0.0,1.0,1.0,0.0,0.0,0.0,0.0
0.0,0.1111111111111111,0.1111111111111111,0.037037037037037035,0.07407407407407407,0.14814814814814814,1.0,0.25,0.0,0.0,1.0,0.0,0.0,0.0,0.0,0.0,0.0,0.0,0.0,0.0,0.0,0.0,0.0,0.0,0.0,0.0,0.0,1.0,0.0,0.0,1.0,1.0,0.0,1.0,1.0,0.0,0.0,0.0,0.0
0.6666666666666666,0.037037037037037035,0.037037037037037035,0.037037037037037035,0.09876543209876543,0.14814814814814814,1.0,0.25,0.0,0.0,1.0,0.0,0.0,0.0,0.0,0.0,0.0,0.0,0.0,0.0,0.0,0.0,0.0,0.0,0.0,0.0,0.0,1.0,0.0,0.0,1.0,1.0,0.0,1.0,1.0,0.0,0.0,0.0,0.0
0.3333333333333333,0.037037037037037035,0.037037037037037035,0.037037037037037035,0.09876543209876543,0.14814814814814814,1.0,0.25,0.0,0.0,1.0,0.0,0.0,0.0,0.0,0.0,0.0,0.0,0.0,0.0,0.0,0.0,0.0,0.0,0.0,0.0,0.0,1.0,0.0,0.0,1.0,1.0,0.0,1.0,1.0,0.0,0.0,0.0,0.0
1.0,0.14814814814814814,0.1111111111111111,0.037037037037037035,0.0617283950617284,0.1111111111111111,0.0,0.0,0.0,0.0,0.0,0.25,0.3125,0.0,0.0,0.0,0.0,0.0,0.0,0.0,0.0,0.0,0.0,0.0,0.0,0.0,0.0,1.0,0.0,0.0,1.0,0.3333333333333333,0.0,1.0,1.0,0.0,0.0,0.0,0.0
0.0,0.1111111111111111,0.07407407407407407,0.037037037037037035,0.0617283950617284,0.1111111111111111,1.0,0.25,0.0,0.0,0.0,0.25,0.375,0.0,0.0,0.0,0.0,0.0,0.0,0.0,0.0,0.0,0.0,0.0,0.0,0.0,0.0,1.0,0.0,0.0,1.0,1.0,0.0,1.0,1.0,0.0,0.0,0.0,0.0
0.6666666666666666,0.037037037037037035,0.037037037037037035,0.037037037037037035,0.07407407407407407,0.1111111111111111,1.0,0.25,0.0,0.0,1.0,0.0,0.0,0.0,0.0,0.0,0.0,0.0,0.0,0.0,0.0,0.0,0.0,0.0,0.0,0.0,0.0,1.0,0.0,0.0,1.0,1.0,0.0,1.0,1.0,0.0,0.0,0.0,0.0
0.3333333333333333,0.037037037037037035,0.037037037037037035,0.037037037037037035,0.07407407407407407,0.1111111111111111,1.0,0.25,0.0,0.0,1.0,0.0,0.0,0.0,0.0,0.0,0.0,0.0,0.0,0.0,0.0,0.0,0.0,0.0,0.0,0.0,0.0,1.0,0.0,0.0,1.0,1.0,0.0,1.0,1.0,0.0,0.0,0.0,0.0
1.0,0.1111111111111111,0.07407407407407407,0.037037037037037035,0.04938271604938271,0.07407407407407407,1.0,0.25,0.0,0.0,0.0,0.25,0.4375,1.0,0.0,0.0,0.0,0.0,0.0,0.0,0.0,0.0,0.0,0.0,0.0,0.0,0.0,1.0,0.0,0.0,1.0,0.0,0.0,1.0,1.0,0.0,0.0,0.0,0.0
0.0,0.07407407407407407,0.07407407407407407,0.037037037037037035,0.04938271604938271,0.07407407407407407,1.0,0.25,0.0,0.0,1.0,0.0,0.0,0.0,0.0,0.0,0.0,0.0,0.0,0.0,0.0,0.0,0.0,0.0,0.0,0.0,0.0,1.0,0.0,0.0,1.0,1.0,0.0,1.0,1.0,0.0,0.0,0.0,0.0
1.0,0.07407407407407407,0.037037037037037035,0.037037037037037035,0.04938271604938271,0.07407407407407407,0.0,0.0,0.0,0.0,0.0,0.25,0.5625,0.0,0.0,0.0,0.0,0.0,0.0,0.0,0.0,0.0,0.0,0.0,0.0,0.0,0.0,1.0,0.0,0.0,1.0,0.0,0.0,1.0,1.0,0.0,0.0,0.0,0.0
0.0,0.07407407407407407,0.07407407407407407,0.037037037037037035,0.037037037037037035,0.037037037037037035,1.0,0.25,0.0,0.0,1.0,0.0,0.0,0.0,0.0,0.0,0.0,0.0,0.0,0.0,0.0,0.0,0.0,0.0,0.0,0.0,0.0,1.0,0.0,0.0,1.0,1.0,0.0,1.0,1.0,0.0,0.0,0.0,0.0
0.6666666666666666,0.037037037037037035,0.037037037037037035,0.037037037037037035,0.04938271604938271,0.07407407407407407,1.0,0.25,0.0,0.0,1.0,0.0,0.0,0.0,0.0,0.0,0.0,0.0,0.0,0.0,0.0,0.0,0.0,0.0,0.0,0.0,0.0,1.0,0.0,0.0,1.0,1.0,0.0,1.0,1.0,0.0,0.0,0.0,0.0
0.3333333333333333,0.037037037037037035,0.037037037037037035,0.037037037037037035,0.04938271604938271,0.07407407407407407,1.0,0.25,0.0,0.0,1.0,0.0,0.0,0.0,0.0,0.0,0.0,0.0,0.0,0.0,0.0,0.0,0.0,0.0,0.0,0.0,0.0,1.0,0.0,0.0,1.0,1.0,0.0,1.0,1.0,0.0,0.0,0.0,0.0
1.0,0.037037037037037035,0.0,0.037037037037037035,0.04938271604938271,0.07407407407407407,0.0,0.0,0.0,0.0,0.0,0.25,0.625,0.0,0.0,1.0,0.0,0.0,0.0,0.0,0.0,0.0,1.0,0.0,0.0,0.0,0.0,1.0,0.0,0.0,0.0,0.0,0.0,1.0,1.0,0.0,0.0,0.0,0.0
0.0,0.07407407407407407,0.07407407407407407,0.037037037037037035,0.037037037037037035,0.037037037037037035,1.0,0.25,0.0,0.0,1.0,0.0,0.0,0.0,0.0,0.0,0.0,0.0,0.0,0.0,0.0,0.0,0.0,0.0,0.0,0.0,0.0,1.0,0.0,0.0,1.0,1.0,0.0,1.0,1.0,0.0,0.0,0.0,0.0
0.6666666666666666,0.037037037037037035,0.037037037037037035,0.037037037037037035,0.05555555555555555,0.07407407407407407,1.0,0.25,0.0,0.0,1.0,0.0,0.0,0.0,0.0,0.0,0.0,0.0,0.0,0.0,0.0,0.0,0.0,0.0,0.0,0.0,0.0,1.0,0.0,0.0,1.0,1.0,0.0,1.0,1.0,0.0,0.0,0.0,0.0
0.3333333333333333,0.037037037037037035,0.037037037037037035,0.037037037037037035,0.05555555555555555,0.07407407407407407,1.0,0.25,0.0,0.0,1.0,0.0,0.0,0.0,0.0,0.0,0.0,0.0,0.0,0.0,0.0,0.0,0.0,0.0,0.0,0.0,0.0,1.0,0.0,0.0,1.0,1.0,0.0,1.0,1.0,0.0,0.0,0.0,0.0
0.0,0.07407407407407407,0.037037037037037035,0.037037037037037035,0.037037037037037035,0.037037037037037035,0.0,0.0,0.0,0.0,0.0,0.25,0.3125,0.0,0.0,0.0,0.0,0.0,0.0,0.0,0.0,0.0,0.0,0.0,0.0,0.0,0.0,1.0,0.0,0.0,1.0,1.0,0.0,1.0,1.0,0.0,0.0,0.0,0.0
0.6666666666666666,0.037037037037037035,0.0,0.037037037037037035,0.037037037037037035,0.037037037037037035,1.0,0.25,0.0,0.0,0.0,0.25,0.375,0.0,0.0,0.0,0.0,0.0,0.0,0.0,0.0,0.0,1.0,0.0,0.0,0.0,0.0,1.0,0.0,0.0,0.0,0.0,0.0,1.0,1.0,0.0,0.0,0.0,0.0
0.3333333333333333,0.037037037037037035,0.0,0.037037037037037035,0.037037037037037035,0.037037037037037035,1.0,0.25,0.0,0.0,0.0,0.25,0.4375,1.0,0.0,0.0,0.0,0.0,0.0,0.0,0.0,0.0,1.0,0.0,0.0,0.0,0.0,1.0,0.0,0.0,0.0,0.0,0.0,1.0,1.0,0.0,0.0,0.0,0.0
0.0,0.6666666666666666,0.6296296296296297,0.6666666666666666,0.6666666666666666,0.6666666666666666,0.0,0.0,0.0,0.0,0.0,0.25,0.5,0.0,1.0,0.0,0.0,0.0,0.0,0.0,0.0,0.0,0.0,0.0,0.0,0.0,0.0,0.0,1.0,0.0,0.5882352941176471,0.35294117647058826,0.17647058823529413,1.0,1.0,0.0,0.0,1.0,0.0
0.0,0.6296296296296297,0.5185185185185185,0.6666666666666666,0.6666666666666666,0.6666666666666666,0.0,0.0,0.0,0.0,0.0,0.75,0.3125,0.0,0.0,0.0,0.0,0.0,0.0,0.0,0.0,1.0,0.0,0.0,0.0,0.0,0.0,0.0,0.0,0.0,0.6428571428571429,0.21428571428571427,0.21428571428571427,1.0,1.0,0.0,0.0,1.0,0.0
1.0,0.6666666666666666,0.5555555555555556,0.5185185185185185,0.5925925925925926,0.6666666666666666,1.0,0.75,0.0,0.0,0.0,0.75,0.375,0.0,0.0,0.0,0.0,0.0,0.0,0.0,0.0,1.0,0.0,1.0,0.0,0.0,0.0,0.0,0.0,0.0,0.7333333333333333,0.4666666666666667,0.26666666666666666,1.0,1.0,0.0,0.0,1.0,0.0
0.5,0.6666666666666666,0.5555555555555556,0.5185185185185185,0.5370370370370371,0.5555555555555556,1.0,0.75,0.0,0.0,0.0,0.75,0.4375,1.0,0.0,0.0,0.0,0.0,0.0,0.0,0.0,1.0,0.0,0.0,0.0,0.0,0.0,0.0,0.0,0.0,0.6666666666666666,0.26666666666666666,0.4666666666666667,1.0,1.0,0.0,0.0,1.0,0.0
0.0,0.5185185185185185,0.5185185185185185,0.5555555555555556,0.5555555555555556,0.5555555555555556,1.0,0.75,0.0,0.0,1.0,0.0,0.0,0.0,0.0,0.0,0.0,0.0,0.0,0.0,0.0,0.0,0.0,0.0,0.0,0.0,0.0,0.0,0.0,0.0,0.6428571428571429,0.21428571428571427,0.21428571428571427,1.0,1.0,0.0,0.0,1.0,0.0
1.0,0.5555555555555556,0.5555555555555556,0.5185185185185185,0.5370370370370371,0.5555555555555556,1.0,0.75,0.0,0.0,1.0,0.0,0.0,0.0,0.0,0.0,0.0,0.0,0.0,0.0,0.0,0.0,0.0,1.0,0.0,0.0,0.0,0.0,0.0,0.0,0.7333333333333333,0.4666666666666667,0.26666666666666666,1.0,1.0,0.0,0.0,1.0,0.0
0.5,0.5555555555555556,0.4074074074074074,0.5185185185185185,0.5370370370370371,0.5555555555555556,0.0,0.0,0.0,0.0,0.0,1.0,0.75,0.0,0.0,1.0,0.0,0.0,0.0,0.0,0.0,1.0,0.0,0.0,0.0,0.0,0.0,0.0,0.0,0.0,0.5454545454545454,0.36363636363636365,0.6363636363636364,1.0,1.0,0.0,0.0,1.0,0.0
0.0,0.5185185185185185,0.5185185185185185,0.4074074074074074,0.48148148148148145,0.5555555555555556,1.0,1.0,0.0,0.0,1.0,0.0,0.0,0.0,0.0,0.0,0.0,0.0,0.0,0.0,0.0,0.0,0.0,0.0,0.0,0.0,0.0,0.0,0.0,0.0,0.6428571428571429,0.21428571428571427,0.21428571428571427,1.0,1.0,0.0,0.0,1.0,0.0
1.0,0.5555555555555556,0.5555555555555556,0.4074074074074074,0.46296296296296297,0.5185185185185185,1.0,1.0,0.0,0.0,1.0,0.0,0.0,0.0,0.0,0.0,0.0,0.0,0.0,0.0,0.0,0.0,0.0,1.0,0.0,0.0,0.0,0.0,0.0,0.0,0.7333333333333333,0.4666666666666667,0.26666666666666666,1.0,1.0,0.0,0.0,1.0,0.0
0.5,0.4074074074074074,0.37037037037037035,0.5185185185185185,0.5370370370370371,0.5555555555555556,0.0,0.0,0.0,0.0,0.0,0.25,0.4375,1.0,0.0,0.0,0.0,0.0,0.0,0.0,0.0,0.0,0.0,0.0,0.0,0.0,0.0,0.0,0.0,0.0,0.6,0.3,0.7,1.0,1.0,0.0,0.0,1.0,0.0
0.0,0.5185185185185185,0.48148148148148145,0.37037037037037035,0.46296296296296297,0.5555555555555556,1.0,0.25,0.0,0.0,0.0,0.25,0.5,0.0,1.0,0.0,0.0,0.0,0.0,0.0,0.0,0.0,0.0,0.0,0.0,0.0,0.0,0.0,1.0,0.0,0.6153846153846154,0.15384615384615385,0.23076923076923078,1.0,1.0,0.0,0.0,1.0,0.0
0.0,0.48148148148148145,0.37037037037037035,0.37037037037037035,0.46296296296296297,0.5555555555555556,0.0,0.0,0.0,0.0,0.0,0.75,0.6875,0.0,0.0,0.0,0.0,0.0,0.0,1.0,0.0,0.0,0.0,0.0,0.0,0.0,0.0,0.0,0.0,0.0,0.7,0.2,0.3,1.0,1.0,0.0,0.0,1.0,0.0
1.0,0.5555555555555556,0.5555555555555556,0.37037037037037035,0.37037037037037035,0.37037037037037035,1.0,0.75,0.0,0.0,1.0,0.0,0.0,0.0,0.0,0.0,0.0,0.0,0.0,0.0,0.0,0.0,0.0,1.0,0.0,0.0,0.0,0.0,0.0,0.0,0.7333333333333333,0.4666666666666667,0.26666666666666666,1.0,1.0,0.0,0.0,1.0,0.0
0.5,0.37037037037037035,0.25925925925925924,0.37037037037037035,0.46296296296296297,0.5555555555555556,1.0,0.75,0.0,0.0,0.0,0.75,0.875,0.0,0.0,0.0,0.0,0.0,0.0,1.0,0.0,0.0,0.0,0.0,0.0,0.0,0.0,0.0,0.0,0.0,0.7142857142857143,0.42857142857142855,0.5714285714285714,1.0,1.0,0.0,0.0,1.0,0.0
0.0,0.37037037037037035,0.37037037037037035,0.25925925925925924,0.4074074074074074,0.5555555555555556,1.0,0.75,0.0,0.0,1.0,0.0,0.0,0.0,0.0,0.0,0.0,0.0,0.0,0.0,0.0,0.0,0.0,0.0,0.0,0.0,0.0,0.0,0.0,0.0,0.7,0.2,0.3,1.0,1.0,0.0,0.0,1.0,0.0
0.5,0.25925925925925924,0.18518518518518517,0.37037037037037035,0.46296296296296297,0.5555555555555556,0.0,0.0,0.0,0.0,0.0,0.5,0.8125,0.0,0.0,0.0,0.0,0.0,1.0,0.0,0.0,0.0,0.0,0.0,0.0,0.0,0.0,0.0,0.0,0.0,0.8,0.6,0.4,1.0,1.0,0.0,0.0,1.0,0.0
0.0,0.37037037037037035,0.37037037037037035,0.18518518518518517,0.37037037037037035,0.5555555555555556,1.0,0.5,0.0,0.0,1.0,0.0,0.0,0.0,0.0,0.0,0.0,0.0,0.0,0.0,0.0,0.0,0.0,0.0,0.0,0.0,0.0,0.0,0.0,0.0,0.7,0.2,0.3,1.0,1.0,0.0,0.0,1.0,0.0
1.0,0.5555555555555556,0.5555555555555556,0.18518518518518517,0.2777777777777778,0.37037037037037035,1.0,0.5,0.0,0.0,1.0,0.0,0.0,0.0,0.0,0.0,0.0,0.0,0.0,0.0,0.0,0.0,0.0,1.0,0.0,0.0,0.0,0.0,0.0,0.0,0.7333333333333333,0.4666666666666667,0.26666666666666666,1.0,1.0,0.0,0.0,1.0,0.0
0.5,0.18518518518518517,0.1111111111111111,0.37037037037037035,0.46296296296296297,0.5555555555555556,0.0,0.0,0.0,0.0,0.0,0.5,0.9375,0.0,0.0,0.0,1.0,0.0,1.0,0.0,0.0,0.0,0.0,0.0,0.0,0.0,0.0,0.0,0.0,0.0,1.0,1.0,0.0,1.0,1.0,0.0,0.0,1.0,0.0
0.0,0.37037037037037035,0.37037037037037035,0.1111111111111111,0.3333333333333333,0.5555555555555556,1.0,0.5,0.0,0.0,1.0,0.0,0.0,0.0,0.0,0.0,0.0,0.0,0.0,0.0,0.0,0.0,0.0,0.0,0.0,0.0,0.0,0.0,0.0,0.0,0.7,0.2,0.3,1.0,1.0,0.0,0.0,1.0,0.0
1.0,0.5555555555555556,0.5555555555555556,0.1111111111111111,0.24074074074074073,0.37037037037037035,1.0,0.5,0.0,0.0,1.0,0.0,0.0,0.0,0.0,0.0,0.0,0.0,0.0,0.0,0.0,0.0,0.0,1.0,0.0,0.0,0.0,0.0,0.0,0.0,0.7333333333333333,0.4666666666666667,0.26666666666666666,1.0,1.0,0.0,0.0,1.0,0.0
0.5,0.1111111111111111,0.07407407407407407,0.37037037037037035,0.46296296296296297,0.5555555555555556,0.0,0.0,0.0,0.0,0.0,0.25,0.375,0.0,0.0,0.0,0.0,0.0,0.0,0.0,0.0,0.0,0.0,0.0,0.0,0.0,0.0,0.0,0.0,0.0,1.0,1.0,0.0,1.0,1.0,0.0,0.0,1.0,0.0
0.0,0.37037037037037035,0.3333333333333333,0.07407407407407407,0.3148148148148148,0.5555555555555556,1.0,0.25,0.0,0.0,0.0,0.25,0.5625,0.0,0.0,0.0,0.0,0.0,0.0,0.0,0.0,0.0,0.0,0.0,0.0,0.0,0.0,1.0,0.0,0.0,0.7777777777777778,0.2222222222222222,0.3333333333333333,1.0,1.0,0.0,0.0,1.0,0.0
1.0,0.5555555555555556,0.5185185185185185,0.07407407407407407,0.2037037037037037,0.3333333333333333,1.0,0.25,0.0,0.0,0.0,0.25,0.9375,0.0,0.0,0.0,1.0,0.0,0.0,0.0,0.0,0.0,0.0,1.0,0.0,0.0,0.0,1.0,0.0,0.0,0.7142857142857143,0.5,0.21428571428571427,1.0,1.0,0.0,0.0,1.0,0.0
0.5,0.07407407407407407,0.07407407407407407,0.3333333333333333,0.42592592592592593,0.5185185185185185,1.0,0.25,0.0,0.0,1.0,0.0,0.0,0.0,0.0,0.0,0.0,0.0,0.0,0.0,0.0,0.0,0.0,0.0,0.0,0.0,0.0,0.0,0.0,0.0,1.0,1.0,0.0,1.0,1.0,0.0,0.0,1.0,0.0
0.0,0.3333333333333333,0.2962962962962963,0.07407407407407407,0.2962962962962963,0.5185185185185185,1.0,0.25,0.0,0.0,0.0,0.25,1.0,0.0,0.0,0.0,0.0,1.0,0.0,0.0,0.0,0.0,0.0,0.0,0.0,0.0,0.0,1.0,0.0,0.0,0.75,0.25,0.25,1.0,1.0,0.0,0.0,1.0,0.0
1.0,0.5185185185185185,0.5185185185185185,0.07407407407407407,0.18518518518518517,0.2962962962962963,1.0,0.25,0.0,0.0,1.0,0.0,0.0,0.0,0.0,0.0,0.0,0.0,0.0,0.0,0.0,0.0,0.0,1.0,0.0,0.0,0.0,1.0,0.0,0.0,0.7142857142857143,0.5,0.21428571428571427,1.0,1.0,0.0,0.0,1.0,0.0
0.0,0.2962962962962963,0.18518518518518517,0.07407407407407407,0.2962962962962963,0.5185185185185185,0.0,0.0,0.0,0.0,0.0,0.75,0.75,0.0,0.0,0.0,0.0,0.0,0.0,1.0,0.0,0.0,0.0,0.0,0.0,0.0,0.0,1.0,0.0,0.0,1.0,0.4,0.4,1.0,1.0,0.0,0.0,1.0,0.0
1.0,0.5185185185185185,0.5185185185185185,0.07407407407407407,0.12962962962962962,0.18518518518518517,1.0,0.75,0.0,0.0,1.0,0.0,0.0,0.0,0.0,0.0,0.0,0.0,0.0,0.0,0.0,0.0,0.0,1.0,0.0,0.0,0.0,1.0,0.0,0.0,0.7142857142857143,0.5,0.21428571428571427,1.0,1.0,0.0,0.0,1.0,0.0
0.5,0.07407407407407407,0.07407407407407407,0.18518518518518517,0.35185185185185186,0.5185185185185185,1.0,0.75,0.0,0.0,1.0,0.0,0.0,0.0,0.0,0.0,0.0,0.0,0.0,0.0,0.0,0.0,0.0,0.0,0.0,0.0,0.0,0.0,0.0,0.0,1.0,1.0,0.0,1.0,1.0,0.0,0.0,1.0,0.0
0.0,0.18518518518518517,0.14814814814814814,0.07407407407407407,0.2962962962962963,0.5185185185185185,0.0,0.0,0.0,0.0,0.0,0.25,0.1875,0.0,0.0,0.0,0.0,0.0,0.0,0.0,0.0,0.0,0.0,0.0,0.0,0.0,0.0,1.0,0.0,0.0,1.0,0.25,0.5,1.0,1.0,0.0,0.0,1.0,0.0
1.0,0.5185185185185185,0.48148148148148145,0.07407407407407407,0.1111111111111111,0.14814814814814814,1.0,0.25,0.0,0.0,0.0,0.25,0.5,0.0,1.0,0.0,0.0,0.0,0.0,0.0,0.0,0.0,0.0,1.0,0.0,0.0,0.0,1.0,1.0,0.0,0.7692307692307693,0.46153846153846156,0.23076923076923078,1.0,1.0,0.0,0.0,1.0,0.0
1.0,0.48148148148148145,0.4074074074074074,0.07407407407407407,0.1111111111111111,0.14814814814814814,0.0,0.0,0.0,0.0,0.0,0.5,0.625,0.0,0.0,1.0,0.0,0.0,1.0,0.0,0.0,0.0,0.0,1.0,0.0,0.0,0.0,1.0,0.0,0.0,0.9090909090909091,0.5454545454545454,0.2727272727272727,1.0,1.0,0.0,0.0,1.0,0.0
0.5,0.07407407407407407,0.07407407407407407,0.14814814814814814,0.2777777777777778,0.4074074074074074,1.0,0.5,0.0,0.0,1.0,0.0,0.0,0.0,0.0,0.0,0.0,0.0,0.0,0.0,0.0,0.0,0.0,0.0,0.0,0.0,0.0,0.0,0.0,0.0,1.0,1.0,0.0,1.0,1.0,0.0,0.0,1.0,0.0
0.0,0.14814814814814814,0.14814814814814814,0.07407407407407407,0.24074074074074073,0.4074074074074074,1.0,0.5,0.0,0.0,1.0,0.0,0.0,0.0,0.0,0.0,0.0,0.0,0.0,0.0,0.0,0.0,0.0,0.0,0.0,0.0,0.0,1.0,0.0,0.0,1.0,0.25,0.5,1.0,1.0,0.0,0.0,1.0,0.0
1.0,0.4074074074074074,0.3333333333333333,0.07407407407407407,0.1111111111111111,0.14814814814814814,0.0,0.0,0.0,0.0,0.0,0.5,0.1875,0.0,0.0,0.0,0.0,0.0,1.0,0.0,0.0,0.0,0.0,1.0,0.0,0.0,0.0,1.0,0.0,0.0,1.0,0.4444444444444444,0.3333333333333333,1.0,1.0,0.0,0.0,1.0,0.0
0.5,0.07407407407407407,0.07407407407407407,0.14814814814814814,0.24074074074074073,0.3333333333333333,1.0,0.5,0.0,0.0,1.0,0.0,0.0,0.0,0.0,0.0,0.0,0.0,0.0,0.0,0.0,0.0,0.0,0.0,0.0,0.0,0.0,0.0,0.0,0.0,1.0,1.0,0.0,1.0,1.0,0.0,0.0,1.0,0.0
0.0,0.14814814814814814,0.14814814814814814,0.07407407407407407,0.2037037037037037,0.3333333333333333,1.0,0.5,0.0,0.0,1.0,0.0,0.0,0.0,0.0,0.0,0.0,0.0,0.0,0.0,0.0,0.0,0.0,0.0,0.0,0.0,0.0,1.0,0.0,0.0,1.0,0.25,0.5,1.0,1.0,0.0,0.0,1.0,0.0
1.0,0.3333333333333333,0.2962962962962963,0.07407407407407407,0.1111111111111111,0.14814814814814814,0.0,0.0,0.0,0.0,0.0,0.25,0.3125,0.0,0.0,0.0,0.0,0.0,0.0,0.0,0.0,0.0,0.0,1.0,0.0,0.0,0.0,1.0,0.0,0.0,1.0,0.375,0.375,1.0,1.0,0.0,0.0,1.0,0.0
0.5,0.07407407407407407,0.037037037037037035,0.14814814814814814,0.2222222222222222,0.2962962962962963,1.0,0.25,0.0,0.0,0.0,0.25,0.4375,1.0,0.0,0.0,0.0,0.0,0.0,0.0,0.0,0.0,0.0,0.0,0.0,0.0,0.0,0.0,0.0,0.0,1.0,1.0,0.0,1.0,1.0,0.0,0.0,1.0,0.0
0.0,0.14814814814814814,0.1111111111111111,0.037037037037037035,0.16666666666666666,0.2962962962962963,1.0,0.25,0.0,0.0,0.0,0.25,0.5625,0.0,0.0,0.0,0.0,0.0,0.0,0.0,0.0,0.0,0.0,0.0,0.0,0.0,0.0,1.0,0.0,0.0,1.0,0.3333333333333333,0.6666666666666666,1.0,1.0,0.0,0.0,1.0,0.0
1.0,0.2962962962962963,0.25925925925925924,0.037037037037037035,0.07407407407407407,0.1111111111111111,1.0,0.25,0.0,0.0,0.0,0.25,0.8125,0.0,0.0,0.0,0.0,0.0,0.0,0.0,0.0,0.0,0.0,1.0,0.0,0.0,0.0,1.0,0.0,0.0,1.0,0.42857142857142855,0.2857142857142857,1.0,1.0,0.0,0.0,1.0,0.0
0.5,0.037037037037037035,0.037037037037037035,0.1111111111111111,0.18518518518518517,0.25925925925925924,1.0,0.25,0.0,0.0,1.0,0.0,0.0,0.0,0.0,0.0,0.0,0.0,0.0,0.0,0.0,0.0,0.0,0.0,0.0,0.0,0.0,0.0,0.0,0.0,1.0,1.0,0.0,1.0,1.0,0.0,0.0,1.0,0.0
0.0,0.1111111111111111,0.07407407407407407,0.037037037037037035,0.14814814814814814,0.25925925925925924,1.0,0.25,0.0,0.0,0.0,0.25,0.9375,0.0,0.0,0.0,1.0,0.0,0.0,0.0,0.0,0.0,0.0,0.0,0.0,0.0,0.0,1.0,0.0,0.0,1.0,0.5,0.5,1.0,1.0,0.0,0.0,1.0,0.0
1.0,0.25925925925925924,0.2222222222222222,0.037037037037037035,0.05555555555555555,0.07407407407407407,1.0,0.25,0.0,0.0,0.0,0.25,1.0,0.0,0.0,0.0,0.0,1.0,0.0,0.0,0.0,0.0,0.0,1.0,0.0,0.0,0.0,1.0,0.0,0.0,1.0,0.5,0.16666666666666666,1.0,1.0,0.0,0.0,1.0,0.0
0.0,0.07407407407407407,0.07407407407407407,0.037037037037037035,0.12962962962962962,0.2222222222222222,1.0,0.25,0.0,0.0,1.0,0.0,0.0,0.0,0.0,0.0,0.0,0.0,0.0,0.0,0.0,0.0,0.0,0.0,0.0,0.0,0.0,1.0,0.0,0.0,1.0,0.5,0.5,1.0,1.0,0.0,0.0,1.0,0.0
1.0,0.2222222222222222,0.18518518518518517,0.037037037037037035,0.05555555555555555,0.07407407407407407,0.0,0.0,0.0,0.0,0.0,0.25,0.375,0.0,0.0,0.0,0.0,0.0,0.0,0.0,0.0,0.0,0.0,1.0,0.0,0.0,0.0,1.0,0.0,0.0,1.0,0.4,0.2,1.0,1.0,0.0,0.0,1.0,0.0
0.5,0.037037037037037035,0.037037037037037035,0.07407407407407407,0.12962962962962962,0.18518518518518517,1.0,0.25,0.0,0.0,1.0,0.0,0.0,0.0,0.0,0.0,0.0,0.0,0.0,0.0,0.0,0.0,0.0,0.0,0.0,0.0,0.0,1.0,0.0,0.0,1.0,1.0,0.0,1.0,1.0,0.0,0.0,1.0,0.0
0.0,0.07407407407407407,0.037037037037037035,0.037037037037037035,0.1111111111111111,0.18518518518518517,1.0,0.25,0.0,0.0,0.0,0.25,0.8125,0.0,0.0,0.0,0.0,0.0,0.0,0.0,0.0,0.0,0.0,0.0,0.0,0.0,0.0,1.0,0.0,0.0,1.0,1.0,0.0,1.0,1.0,0.0,0.0,1.0,0.0
1.0,0.18518518518518517,0.14814814814814814,0.037037037037037035,0.037037037037037035,0.037037037037037035,1.0,0.25,0.0,0.0,0.0,0.25,0.875,0.0,0.0,0.0,0.0,0.0,0.0,0.0,0.0,0.0,0.0,1.0,0.0,0.0,0.0,1.0,0.0,0.0,1.0,0.5,0.0,1.0,1.0,0.0,0.0,1.0,0.0
0.0,0.037037037037037035,0.037037037037037035,0.037037037037037035,0.09259259259259259,0.14814814814814814,1.0,0.25,0.0,0.0,1.0,0.0,0.0,0.0,0.0,0.0,0.0,0.0,0.0,0.0,0.0,0.0,0.0,0.0,0.0,0.0,0.0,1.0,0.0,0.0,1.0,1.0,0.0,1.0,1.0,0.0,0.0,1.0,0.0
1.0,0.14814814814814814,0.1111111111111111,0.037037037037037035,0.037037037037037035,0.037037037037037035,0.0,0.0,0.0,0.0,0.0,0.25,0.5625,0.0,0.0,0.0,0.0,0.0,0.0,0.0,0.0,0.0,0.0,1.0,0.0,0.0,0.0,1.0,0.0,0.0,1.0,0.6666666666666666,0.0,1.0,1.0,0.0,0.0,1.0,0.0
0.5,0.037037037037037035,0.037037037037037035,0.037037037037037035,0.07407407407407407,0.1111111111111111,1.0,0.25,0.0,0.0,1.0,0.0,0.0,0.0,0.0,0.0,0.0,0.0,0.0,0.0,0.0,0.0,0.0,0.0,0.0,0.0,0.0,1.0,0.0,0.0,1.0,1.0,0.0,1.0,1.0,0.0,0.0,1.0,0.0
0.0,0.037037037037037035,0.037037037037037035,0.037037037037037035,0.07407407407407407,0.1111111111111111,1.0,0.25,0.0,0.0,1.0,0.0,0.0,0.0,0.0,0.0,0.0,0.0,0.0,0.0,0.0,0.0,0.0,0.0,0.0,0.0,0.0,1.0,0.0,0.0,1.0,1.0,0.0,1.0,1.0,0.0,0.0,1.0,0.0
1.0,0.1111111111111111,0.07407407407407407,0.037037037037037035,0.037037037037037035,0.037037037037037035,0.0,0.0,0.0,0.0,0.0,0.25,0.4375,1.0,0.0,0.0,0.0,0.0,0.0,0.0,0.0,0.0,0.0,1.0,0.0,0.0,0.0,1.0,0.0,0.0,1.0,0.5,0.0,1.0,1.0,0.0,0.0,1.0,0.0
0.5,0.037037037037037035,0.037037037037037035,0.037037037037037035,0.05555555555555555,0.07407407407407407,1.0,0.25,0.0,0.0,1.0,0.0,0.0,0.0,0.0,0.0,0.0,0.0,0.0,0.0,0.0,0.0,0.0,0.0,0.0,0.0,0.0,1.0,0.0,0.0,1.0,1.0,0.0,1.0,1.0,0.0,0.0,1.0,0.0
0.0,0.037037037037037035,0.037037037037037035,0.037037037037037035,0.05555555555555555,0.07407407407407407,1.0,0.25,0.0,0.0,1.0,0.0,0.0,0.0,0.0,0.0,0.0,0.0,0.0,0.0,0.0,0.0,0.0,0.0,0.0,0.0,0.0,1.0,0.0,0.0,1.0,1.0,0.0,1.0,1.0,0.0,0.0,1.0,0.0
1.0,0.07407407407407407,0.037037037037037035,0.037037037037037035,0.037037037037037035,0.037037037037037035,0.0,0.0,0.0,0.0,0.0,0.25,0.5,0.0,1.0,0.0,0.0,0.0,0.0,0.0,0.0,0.0,0.0,1.0,0.0,1.0,0.0,1.0,1.0,0.0,1.0,0.0,0.0,1.0,1.0,0.0,0.0,1.0,0.0
1.0,0.037037037037037035,0.0,0.037037037037037035,0.037037037037037035,0.037037037037037035,0.0,0.0,0.0,0.0,0.0,0.25,0.625,0.0,0.0,1.0,0.0,0.0,0.0,0.0,0.0,0.0,1.0,0.0,1.0,0.0,1.0,1.0,0.0,0.0,0.0,0.0,0.0,1.0,1.0,0.0,0.0,1.0,0.0
0.5,0.037037037037037035,0.037037037037037035,0.037037037037037035,0.037037037037037035,0.037037037037037035,1.0,0.25,0.0,0.0,1.0,0.0,0.0,0.0,0.0,0.0,0.0,0.0,0.0,0.0,0.0,0.0,0.0,0.0,0.0,0.0,0.0,1.0,0.0,0.0,1.0,1.0,0.0,1.0,1.0,0.0,0.0,1.0,0.0
0.0,0.037037037037037035,0.037037037037037035,0.037037037037037035,0.037037037037037035,0.037037037037037035,1.0,0.25,0.0,0.0,1.0,0.0,0.0,0.0,0.0,0.0,0.0,0.0,0.0,0.0,0.0,0.0,0.0,0.0,0.0,0.0,0.0,1.0,0.0,0.0,1.0,1.0,0.0,1.0,1.0,0.0,0.0,1.0,0.0
0.5,0.037037037037037035,0.0,0.037037037037037035,0.037037037037037035,0.037037037037037035,0.0,0.0,0.0,0.0,0.0,0.25,0.25,0.0,0.0,0.0,0.0,0.0,0.0,0.0,0.0,0.0,1.0,0.0,0.0,0.0,0.0,1.0,0.0,0.0,0.0,0.0,0.0,1.0,1.0,0.0,0.0,1.0,0.0
0.0,0.9629629629629629,0.8148148148148148,0.9629629629629629,0.9629629629629629,0.9629629629629629,0.0,0.0,0.0,0.0,0.0,1.0,0.5625,1.0,1.0,0.0,0.0,0.0,0.0,0.0,0.0,1.0,0.0,1.0,0.0,0.0,0.0,0.0,0.0,1.0,0.5454545454545454,0.5,0.18181818181818182,1.0,0.0,1.0,1.0,1.0,0.0
1.0,1.0,0.8518518518518519,0.7777777777777778,0.7777777777777778,0.7777777777777778,1.0,1.0,0.0,0.0,0.0,1.0,0.75,0.0,0.0,1.0,0.0,0.0,0.0,0.0,0.0,1.0,0.0,1.0,0.0,0.0,0.0,0.0,0.0,0.0,0.5217391304347826,0.4782608695652174,0.34782608695652173,1.0,0.0,1.0,1.0,1.0,0.0
0.0,0.7777777777777778,0.7777777777777778,0.8518518518518519,0.8518518518518519,0.8518518518518519,1.0,1.0,0.0,0.0,1.0,0.0,0.0,0.0,0.0,0.0,0.0,0.0,0.0,0.0,0.0,0.0,0.0,1.0,0.0,0.0,0.0,0.0,0.0,0.0,0.5714285714285714,0.47619047619047616,0.19047619047619047,1.0,0.0,1.0,1.0,1.0,0.0
1.0,0.8518518518518519,0.7037037037037037,0.7777777777777778,0.7777777777777778,0.7777777777777778,0.0,0.0,0.0,0.0,0.0,1.0,0.8125,0.0,0.0,0.0,0.0,0.0,0.0,0.0,1.0,0.0,0.0,1.0,0.0,0.0,0.0,0.0,0.0,0.0,0.5789473684210527,0.5789473684210527,0.21052631578947367,1.0,0.0,1.0,1.0,1.0,0.0
0.0,0.7777777777777778,0.7777777777777778,0.7037037037037037,0.7037037037037037,0.7037037037037037,1.0,1.0,1.0,0.0,1.0,0.0,0.0,0.0,0.0,0.0,0.0,0.0,0.0,0.0,0.0,0.0,0.0,1.0,0.0,0.0,0.0,0.0,0.0,0.0,0.5714285714285714,0.47619047619047616,0.19047619047619047,1.0,0.0,1.0,1.0,1.0,0.0
1.0,0.7037037037037037,0.6666666666666666,0.7777777777777778,0.7777777777777778,0.7777777777777778,0.0,0.0,1.0,0.0,0.0,0.25,0.625,0.0,0.0,1.0,0.0,0.0,0.0,0.0,0.0,0.0,0.0,1.0,0.0,0.0,0.0,0.0,0.0,0.0,0.6111111111111112,0.6111111111111112,0.2222222222222222,1.0,0.0,1.0,1.0,1.0,0.0
0.0,0.7777777777777778,0.7407407407407407,0.6666666666666666,0.6666666666666666,0.6666666666666666,1.0,0.25,1.0,0.0,0.0,0.25,0.5625,0.0,0.0,0.0,0.0,0.0,0.0,0.0,0.0,0.0,0.0,1.0,0.0,0.0,0.0,0.0,0.0,0.0,0.55,0.5,0.2,1.0,0.0,1.0,1.0,1.0,0.0
1.0,0.6666666666666666,0.6296296296296297,0.7407407407407407,0.7407407407407407,0.7407407407407407,1.0,0.25,1.0,0.0,0.0,0.25,0.4375,1.0,0.0,0.0,0.0,0.0,0.0,0.0,0.0,0.0,0.0,1.0,0.0,0.0,0.0,0.0,0.0,1.0,0.5882352941176471,0.5882352941176471,0.23529411764705882,1.0,0.0,1.0,1.0,1.0,0.0
0.0,0.7777777777777778,0.7407407407407407,0.5925925925925926,0.5925925925925926,0.5925925925925926,1.0,0.25,1.0,0.0,0.0,0.25,0.3125,0.0,0.0,0.0,0.0,0.0,0.0,0.0,0.0,0.0,0.0,1.0,0.0,0.0,0.0,0.0,0.0,0.0,0.5,0.5,0.2,1.0,0.0,1.0,1.0,1.0,0.0
1.0,0.5925925925925926,0.5555555555555556,0.7407407407407407,0.7407407407407407,0.7407407407407407,1.0,0.25,1.0,0.0,0.0,0.25,0.25,0.0,0.0,0.0,0.0,0.0,0.0,0.0,0.0,0.0,0.0,1.0,0.0,0.0,0.0,0.0,0.0,0.0,0.6666666666666666,0.5333333333333333,0.26666666666666666,1.0,0.0,1.0,1.0,1.0,0.0
0.0,0.7407407407407407,0.7037037037037037,0.5555555555555556,0.5555555555555556,0.5555555555555556,1.0,0.25,1.0,0.0,0.0,0.25,0.1875,0.0,0.0,0.0,0.0,0.0,0.0,0.0,0.0,0.0,0.0,1.0,0.0,0.0,0.0,0.0,0.0,0.0,0.5263157894736842,0.47368421052631576,0.21052631578947367,1.0,0.0,1.0,1.0,1.0,0.0
1.0,0.5555555555555556,0.5555555555555556,0.7037037037037037,0.7037037037037037,0.7037037037037037,1.0,0.25,1.0,0.0,1.0,0.0,0.0,0.0,0.0,0.0,0.0,0.0,0.0,0.0,0.0,0.0,0.0,1.0,0.0,0.0,0.0,0.0,0.0,0.0,0.6666666666666666,0.5333333333333333,0.26666666666666666,1.0,0.0,1.0,1.0,1.0,0.0
0.0,0.7037037037037037,0.5925925925925926,0.5555555555555556,0.5555555555555556,0.5555555555555556,0.0,0.0,1.0,0.0,0.0,0.75,0.75,0.0,0.0,0.0,0.0,0.0,0.0,1.0,0.0,0.0,0.0,1.0,0.0,0.0,0.0,0.0,0.0,0.0,0.5625,0.5625,0.25,1.0,0.0,1.0,1.0,1.0,0.0
1.0,0.5555555555555556,0.4444444444444444,0.5925925925925926,0.5925925925925926,0.5925925925925926,1.0,0.75,1.0,0.0,0.0,0.75,0.3125,0.0,0.0,0.0,0.0,0.0,0.0,1.0,0.0,0.0,0.0,1.0,0.0,0.0,0.0,0.0,0.0,0.0,0.75,0.4166666666666667,0.3333333333333333,1.0,0.0,1.0,1.0,1.0,0.0
0.0,0.5925925925925926,0.5925925925925926,0.4444444444444444,0.4444444444444444,0.4444444444444444,1.0,0.75,1.0,0.0,1.0,0.0,0.0,0.0,0.0,0.0,0.0,0.0,0.0,0.0,0.0,0.0,0.0,1.0,0.0,0.0,0.0,0.0,0.0,0.0,0.5625,0.5625,0.25,1.0,0.0,1.0,1.0,1.0,0.0
1.0,0.4444444444444444,0.4074074074074074,0.5925925925925926,0.5925925925925926,0.5925925925925926,0.0,0.0,1.0,0.0,0.0,0.25,0.6875,0.0,0.0,0.0,0.0,0.0,0.0,0.0,0.0,0.0,0.0,1.0,0.0,0.0,0.0,0.0,0.0,0.0,0.7272727272727273,0.45454545454545453,0.36363636363636365,1.0,0.0,1.0,1.0,1.0,0.0
0.0,0.5925925925925926,0.5555555555555556,0.4074074074074074,0.4074074074074074,0.4074074074074074,1.0,0.25,1.0,0.0,0.0,0.25,0.25,0.0,0.0,0.0,0.0,0.0,0.0,0.0,0.0,0.0,0.0,1.0,0.0,0.0,0.0,0.0,0.0,0.0,0.5333333333333333,0.5333333333333333,0.26666666666666666,1.0,0.0,1.0,1.0,1.0,0.0
1.0,0.4074074074074074,0.37037037037037035,0.5555555555555556,0.5555555555555556,0.5555555555555556,1.0,0.25,1.0,0.0,0.0,0.25,0.1875,0.0,0.0,0.0,0.0,0.0,0.0,0.0,0.0,0.0,0.0,1.0,0.0,0.0,0.0,0.0,0.0,0.0,0.7,0.4,0.4,1.0,0.0,1.0,1.0,1.0,0.0
0.0,0.5555555555555556,0.5555555555555556,0.37037037037037035,0.37037037037037035,0.37037037037037035,1.0,0.25,1.0,0.0,1.0,0.0,0.0,0.0,0.0,0.0,0.0,0.0,0.0,0.0,0.0,0.0,0.0,1.0,0.0,0.0,0.0,0.0,0.0,0.0,0.5333333333333333,0.5333333333333333,0.26666666666666666,1.0,0.0,1.0,1.0,1.0,0.0
1.0,0.37037037037037035,0.2962962962962963,0.5555555555555556,0.5555555555555556,0.5555555555555556,0.0,0.0,1.0,0.0,0.0,0.5,0.875,0.0,0.0,0.0,0.0,0.0,1.0,0.0,0.0,0.0,0.0,1.0,0.0,0.0,0.0,0.0,0.0,0.0,0.75,0.5,0.25,1.0,0.0,1.0,1.0,1.0,0.0
0.0,0.5555555555555556,0.48148148148148145,0.2962962962962963,0.2962962962962963,0.2962962962962963,1.0,0.5,1.0,0.0,0.0,0.5,0.4375,1.0,0.0,0.0,0.0,0.0,1.0,0.0,0.0,0.0,0.0,1.0,0.0,0.0,0.0,0.0,0.0,1.0,0.5384615384615384,0.46153846153846156,0.3076923076923077,1.0,0.0,1.0,1.0,1.0,0.0
1.0,0.37037037037037035,0.2962962962962963,0.4074074074074074,0.4074074074074074,0.4074074074074074,1.0,0.5,1.0,0.0,0.0,0.5,0.25,0.0,0.0,0.0,0.0,0.0,1.0,0.0,0.0,0.0,0.0,1.0,0.0,0.0,0.0,0.0,0.0,0.0,0.75,0.5,0.25,1.0,0.0,1.0,1.0,1.0,0.0
0.0,0.4074074074074074,0.4074074074074074,0.2962962962962963,0.2962962962962963,0.2962962962962963,1.0,0.5,1.0,0.0,1.0,0.0,0.0,0.0,0.0,0.0,0.0,0.0,0.0,0.0,0.0,0.0,0.0,1.0,0.0,0.0,0.0,0.0,0.0,0.0,0.5454545454545454,0.36363636363636365,0.36363636363636365,1.0,0.0,1.0,1.0,1.0,0.0
1.0,0.2962962962962963,0.25925925925925924,0.4074074074074074,0.4074074074074074,0.4074074074074074,0.0,0.0,1.0,0.0,0.0,0.25,0.1875,0.0,0.0,0.0,0.0,0.0,0.0,0.0,0.0,0.0,0.0,1.0,0.0,0.0,0.0,0.0,0.0,0.0,0.8571428571428571,0.42857142857142855,0.2857142857142857,1.0,0.0,1.0,1.0,1.0,0.0
0.0,0.4074074074074074,0.4074074074074074,0.25925925925925924,0.25925925925925924,0.25925925925925924,1.0,0.25,1.0,0.0,1.0,0.0,0.0,0.0,0.0,0.0,0.0,0.0,0.0,0.0,0.0,0.0,0.0,1.0,0.0,0.0,0.0,0.0,0.0,0.0,0.5454545454545454,0.36363636363636365,0.36363636363636365,1.0,0.0,1.0,1.0,1.0,0.0
1.0,0.25925925925925924,0.18518518518518517,0.4074074074074074,0.4074074074074074,0.4074074074074074,0.0,0.0,1.0,0.0,0.0,0.5,0.9375,0.0,0.0,0.0,1.0,0.0,1.0,0.0,0.0,0.0,0.0,1.0,0.0,0.0,0.0,0.0,0.0,0.0,1.0,0.6,0.0,1.0,0.0,1.0,1.0,1.0,0.0
0.0,0.4074074074074074,0.3333333333333333,0.18518518518518517,0.18518518518518517,0.18518518518518517,1.0,0.5,1.0,0.0,0.0,0.5,0.875,0.0,0.0,0.0,0.0,0.0,1.0,0.0,0.0,0.0,0.0,1.0,0.0,0.0,0.0,0.0,0.0,0.0,0.5555555555555556,0.4444444444444444,0.2222222222222222,1.0,0.0,1.0,1.0,1.0,0.0
1.0,0.18518518518518517,0.18518518518518517,0.3333333333333333,0.3333333333333333,0.3333333333333333,1.0,0.5,1.0,0.0,1.0,0.0,0.0,0.0,0.0,0.0,0.0,0.0,0.0,0.0,0.0,0.0,0.0,1.0,0.0,0.0,0.0,0.0,0.0,0.0,1.0,0.6,0.0,1.0,0.0,1.0,1.0,1.0,0.0
0.0,0.3333333333333333,0.25925925925925924,0.18518518518518517,0.18518518518518517,0.18518518518518517,0.0,0.0,1.0,0.0,0.0,0.5,0.6875,0.0,0.0,0.0,0.0,0.0,1.0,0.0,0.0,0.0,0.0,1.0,0.0,0.0,0.0,0.0,0.0,0.0,0.5714285714285714,0.5714285714285714,0.2857142857142857,1.0,0.0,1.0,1.0,1.0,0.0
1.0,0.18518518518518517,0.18518518518518517,0.25925925925925924,0.25925925925925924,0.25925925925925924,1.0,0.5,1.0,0.0,1.0,0.0,0.0,0.0,0.0,0.0,0.0,0.0,0.0,0.0,0.0,0.0,0.0,1.0,0.0,0.0,0.0,0.0,0.0,0.0,1.0,0.6,0.0,1.0,0.0,1.0,1.0,1.0,0.0
0.0,0.25925925925925924,0.18518518518518517,0.18518518518518517,0.18518518518518517,0.18518518518518517,0.0,0.0,1.0,0.0,0.0,0.5,0.375,0.0,0.0,0.0,0.0,0.0,1.0,0.0,0.0,0.0,0.0,1.0,0.0,0.0,0.0,0.0,0.0,0.0,0.6,0.4,0.4,1.0,0.0,1.0,1.0,1.0,0.0
1.0,0.18518518518518517,0.18518518518518517,0.18518518518518517,0.18518518518518517,0.18518518518518517,1.0,0.5,1.0,0.0,1.0,0.0,0.0,0.0,0.0,0.0,0.0,0.0,0.0,0.0,0.0,0.0,0.0,1.0,0.0,0.0,0.0,0.0,0.0,0.0,1.0,0.6,0.0,1.0,0.0,1.0,1.0,1.0,0.0
0.0,0.18518518518518517,0.14814814814814814,0.18518518518518517,0.18518518518518517,0.18518518518518517,0.0,0.0,1.0,0.0,0.0,0.25,0.5,0.0,1.0,0.0,0.0,0.0,0.0,0.0,0.0,0.0,0.0,1.0,0.0,0.0,0.0,0.0,0.0,0.0,0.75,0.25,0.5,1.0,0.0,1.0,1.0,1.0,0.0
1.0,0.18518518518518517,0.14814814814814814,0.14814814814814814,0.14814814814814814,0.14814814814814814,1.0,0.25,1.0,0.0,0.0,0.25,0.1875,0.0,0.0,0.0,0.0,0.0,0.0,0.0,0.0,0.0,0.0,1.0,0.0,0.0,0.0,0.0,0.0,0.0,1.0,0.5,0.0,1.0,0.0,1.0,1.0,1.0,0.0
0.0,0.14814814814814814,0.14814814814814814,0.14814814814814814,0.14814814814814814,0.14814814814814814,1.0,0.25,1.0,0.0,1.0,0.0,0.0,0.0,0.0,0.0,0.0,0.0,0.0,0.0,0.0,0.0,0.0,1.0,0.0,0.0,0.0,0.0,0.0,0.0,0.75,0.25,0.5,1.0,0.0,1.0,1.0,1.0,0.0
1.0,0.14814814814814814,0.1111111111111111,0.14814814814814814,0.14814814814814814,0.14814814814814814,0.0,0.0,1.0,0.0,0.0,0.25,0.5625,0.0,0.0,0.0,0.0,0.0,0.0,0.0,0.0,0.0,0.0,1.0,0.0,0.0,0.0,0.0,0.0,0.0,1.0,0.6666666666666666,0.0,1.0,0.0,1.0,1.0,1.0,0.0
0.0,0.14814814814814814,0.14814814814814814,0.1111111111111111,0.1111111111111111,0.1111111111111111,1.0,0.25,1.0,0.0,1.0,0.0,0.0,0.0,0.0,0.0,0.0,0.0,0.0,0.0,0.0,0.0,0.0,1.0,0.0,0.0,0.0,0.0,0.0,0.0,0.75,0.25,0.5,1.0,0.0,1.0,1.0,1.0,0.0
1.0,0.1111111111111111,0.07407407407407407,0.14814814814814814,0.14814814814814814,0.14814814814814814,0.0,0.0,1.0,0.0,0.0,0.25,0.375,0.0,0.0,0.0,0.0,0.0,0.0,0.0,0.0,0.0,0.0,1.0,0.0,0.0,0.0,0.0,0.0,0.0,1.0,0.5,0.0,1.0,0.0,1.0,1.0,1.0,0.0
0.0,0.14814814814814814,0.14814814814814814,0.07407407407407407,0.07407407407407407,0.07407407407407407,1.0,0.25,1.0,0.0,1.0,0.0,0.0,0.0,0.0,0.0,0.0,0.0,0.0,0.0,0.0,0.0,0.0,1.0,0.0,0.0,0.0,1.0,0.0,0.0,0.75,0.25,0.5,1.0,0.0,1.0,1.0,1.0,0.0
1.0,0.07407407407407407,0.037037037037037035,0.14814814814814814,0.14814814814814814,0.14814814814814814,0.0,0.0,1.0,0.0,0.0,0.25,0.5,0.0,1.0,0.0,0.0,0.0,0.0,0.0,0.0,0.0,0.0,1.0,0.0,1.0,0.0,0.0,0.0,0.0,1.0,0.0,0.0,1.0,0.0,1.0,1.0,1.0,0.0
0.0,0.14814814814814814,0.14814814814814814,0.037037037037037035,0.037037037037037035,0.037037037037037035,1.0,0.25,1.0,0.0,1.0,0.0,0.0,0.0,0.0,0.0,0.0,0.0,0.0,0.0,0.0,0.0,0.0,1.0,0.0,0.0,0.0,1.0,0.0,0.0,0.75,0.25,0.5,1.0,0.0,1.0,1.0,1.0,0.0
1.0,0.037037037037037035,0.0,0.14814814814814814,0.14814814814814814,0.14814814814814814,0.0,0.0,1.0,0.0,0.0,0.25,0.625,0.0,0.0,1.0,0.0,0.0,0.0,0.0,0.0,0.0,1.0,0.0,1.0,0.0,1.0,0.0,0.0,0.0,0.0,0.0,0.0,1.0,0.0,1.0,1.0,1.0,0.0
0.0,0.6296296296296297,0.5185185185185185,0.6666666666666666,0.6666666666666666,0.6666666666666666,0.0,0.0,0.0,0.0,0.0,0.75,0.5,1.0,1.0,0.0,0.0,0.0,0.0,0.0,0.0,1.0,0.0,1.0,0.0,0.0,0.0,0.0,1.0,0.0,0.7142857142857143,0.6428571428571429,0.07142857142857142,1.0,1.0,1.0,0.0,1.0,0.0
0.0,0.5185185185185185,0.4074074074074074,0.6666666666666666,0.6666666666666666,0.6666666666666666,0.0,0.0,0.0,0.0,0.0,0.75,0.1875,0.0,0.0,0.0,0.0,0.0,0.0,1.0,0.0,0.0,0.0,1.0,0.0,0.0,0.0,0.0,0.0,0.0,0.8181818181818182,0.5454545454545454,0.09090909090909091,1.0,1.0,1.0,0.0,1.0,0.0
1.0,0.6666666666666666,0.6666666666666666,0.4074074074074074,0.5370370370370371,0.6666666666666666,1.0,0.75,0.0,0.0,1.0,0.0,0.0,0.0,0.0,0.0,0.0,0.0,0.0,0.0,0.0,0.0,0.0,1.0,0.0,0.0,0.0,0.0,0.0,0.0,0.6666666666666666,0.3333333333333333,0.2777777777777778,1.0,1.0,1.0,0.0,1.0,0.0
0.5,0.6666666666666666,0.5555555555555556,0.4074074074074074,0.5370370370370371,0.6666666666666666,1.0,0.75,0.0,0.0,0.0,0.75,0.3125,0.0,0.0,0.0,0.0,0.0,0.0,1.0,0.0,0.0,0.0,1.0,0.0,0.0,0.0,0.0,0.0,0.0,0.6666666666666666,0.2,0.4666666666666667,1.0,1.0,1.0,0.0,1.0,0.0
0.0,0.4074074074074074,0.4074074074074074,0.5555555555555556,0.6111111111111112,0.6666666666666666,1.0,0.75,0.0,0.0,1.0,0.0,0.0,0.0,0.0,0.0,0.0,0.0,0.0,0.0,0.0,0.0,0.0,1.0,0.0,0.0,0.0,0.0,0.0,0.0,0.8181818181818182,0.5454545454545454,0.09090909090909091,1.0,1.0,1.0,0.0,1.0,0.0
0.5,0.5555555555555556,0.4444444444444444,0.4074074074074074,0.5370370370370371,0.6666666666666666,0.0,0.0,0.0,0.0,0.0,0.75,0.9375,0.0,0.0,0.0,1.0,0.0,0.0,1.0,0.0,0.0,0.0,1.0,0.0,0.0,0.0,0.0,0.0,0.0,0.75,0.25,0.3333333333333333,1.0,1.0,1.0,0.0,1.0,0.0
0.0,0.4074074074074074,0.4074074074074074,0.4444444444444444,0.5555555555555556,0.6666666666666666,1.0,0.75,0.0,0.0,1.0,0.0,0.0,0.0,0.0,0.0,0.0,0.0,0.0,0.0,0.0,0.0,0.0,1.0,0.0,0.0,0.0,0.0,0.0,0.0,0.8181818181818182,0.5454545454545454,0.09090909090909091,1.0,1.0,1.0,0.0,1.0,0.0
1.0,0.6666666666666666,0.6666666666666666,0.4074074074074074,0.42592592592592593,0.4444444444444444,1.0,0.75,0.0,0.0,1.0,0.0,0.0,0.0,0.0,0.0,0.0,0.0,0.0,0.0,0.0,0.0,0.0,1.0,0.0,0.0,0.0,0.0,0.0,0.0,0.6666666666666666,0.3333333333333333,0.2777777777777778,1.0,1.0,1.0,0.0,1.0,0.0
0.5,0.4444444444444444,0.37037037037037035,0.4074074074074074,0.5370370370370371,0.6666666666666666,0.0,0.0,0.0,0.0,0.0,0.5,0.6875,0.0,0.0,0.0,0.0,0.0,1.0,0.0,0.0,0.0,0.0,1.0,0.0,0.0,0.0,0.0,0.0,0.0,0.8,0.3,0.4,1.0,1.0,1.0,0.0,1.0,0.0
0.0,0.4074074074074074,0.4074074074074074,0.37037037037037035,0.5185185185185185,0.6666666666666666,1.0,0.5,0.0,0.0,1.0,0.0,0.0,0.0,0.0,0.0,0.0,0.0,0.0,0.0,0.0,0.0,0.0,1.0,0.0,0.0,0.0,0.0,0.0,0.0,0.8181818181818182,0.5454545454545454,0.09090909090909091,1.0,1.0,1.0,0.0,1.0,0.0
1.0,0.6666666666666666,0.5925925925925926,0.37037037037037035,0.3888888888888889,0.4074074074074074,1.0,0.5,0.0,0.0,0.0,0.5,0.8125,0.0,0.0,0.0,0.0,0.0,1.0,0.0,0.0,0.0,0.0,1.0,0.0,0.0,0.0,0.0,0.0,0.0,0.6875,0.375,0.1875,1.0,1.0,1.0,0.0,1.0,0.0
0.5,0.37037037037037035,0.2962962962962963,0.4074074074074074,0.5,0.5925925925925926,1.0,0.5,0.0,0.0,0.0,0.5,0.875,0.0,0.0,0.0,0.0,0.0,1.0,0.0,0.0,0.0,0.0,1.0,0.0,0.0,0.0,0.0,0.0,0.0,0.875,0.375,0.25,1.0,1.0,1.0,0.0,1.0,0.0
1.0,0.5925925925925926,0.5925925925925926,0.2962962962962963,0.35185185185185186,0.4074074074074074,1.0,0.5,0.0,0.0,1.0,0.0,0.0,0.0,0.0,0.0,0.0,0.0,0.0,0.0,0.0,0.0,0.0,1.0,0.0,0.0,0.0,0.0,0.0,0.0,0.6875,0.375,0.1875,1.0,1.0,1.0,0.0,1.0,0.0
0.5,0.2962962962962963,0.25925925925925924,0.4074074074074074,0.5,0.5925925925925926,0.0,0.0,0.0,0.0,0.0,0.25,0.8125,0.0,0.0,0.0,0.0,0.0,0.0,0.0,0.0,0.0,0.0,1.0,0.0,0.0,0.0,0.0,0.0,0.0,1.0,0.42857142857142855,0.14285714285714285,1.0,1.0,1.0,0.0,1.0,0.0
0.0,0.4074074074074074,0.37037037037037035,0.25925925925925924,0.42592592592592593,0.5925925925925926,1.0,0.25,0.0,0.0,0.0,0.25,0.875,0.0,0.0,0.0,0.0,0.0,0.0,0.0,0.0,0.0,0.0,1.0,0.0,0.0,0.0,0.0,0.0,0.0,0.8,0.6,0.0,1.0,1.0,1.0,0.0,1.0,0.0
1.0,0.5925925925925926,0.5555555555555556,0.25925925925925924,0.3148148148148148,0.37037037037037035,1.0,0.25,0.0,0.0,0.0,0.25,0.9375,0.0,0.0,0.0,1.0,0.0,0.0,0.0,0.0,0.0,0.0,1.0,0.0,0.0,0.0,0.0,0.0,0.0,0.6666666666666666,0.4,0.13333333333333333,1.0,1.0,1.0,0.0,1.0,0.0
0.5,0.25925925925925924,0.25925925925925924,0.37037037037037035,0.46296296296296297,0.5555555555555556,1.0,0.25,0.0,1.0,1.0,0.0,0.0,0.0,0.0,0.0,0.0,0.0,0.0,0.0,0.0,0.0,0.0,1.0,0.0,0.0,0.0,0.0,0.0,0.0,1.0,0.42857142857142855,0.14285714285714285,1.0,1.0,1.0,0.0,1.0,0.0
0.0,0.37037037037037035,0.37037037037037035,0.25925925925925924,0.4074074074074074,0.5555555555555556,1.0,0.25,0.0,1.0,1.0,0.0,0.0,0.0,0.0,0.0,0.0,0.0,0.0,0.0,0.0,0.0,0.0,1.0,0.0,0.0,0.0,0.0,0.0,0.0,0.8,0.6,0.0,1.0,1.0,1.0,0.0,1.0,0.0
1.0,0.5555555555555556,0.48148148148148145,0.25925925925925924,0.3148148148148148,0.37037037037037035,0.0,0.0,0.0,0.0,0.0,0.5,0.25,0.0,0.0,0.0,0.0,0.0,1.0,0.0,0.0,0.0,0.0,1.0,0.0,0.0,0.0,0.0,0.0,0.0,0.6923076923076923,0.3076923076923077,0.15384615384615385,1.0,1.0,1.0,0.0,1.0,0.0
0.5,0.25925925925925924,0.25925925925925924,0.37037037037037035,0.42592592592592593,0.48148148148148145,1.0,0.5,0.0,0.0,1.0,0.0,0.0,0.0,0.0,0.0,0.0,0.0,0.0,0.0,0.0,0.0,0.0,1.0,0.0,0.0,0.0,0.0,0.0,0.0,1.0,0.42857142857142855,0.14285714285714285,1.0,1.0,1.0,0.0,1.0,0.0
0.0,0.37037037037037035,0.2962962962962963,0.25925925925925924,0.37037037037037035,0.48148148148148145,1.0,0.5,0.0,0.0,0.0,0.5,0.4375,1.0,0.0,0.0,0.0,0.0,1.0,0.0,0.0,0.0,0.0,1.0,0.0,0.0,0.0,0.0,0.0,0.0,0.875,0.5,0.0,1.0,1.0,1.0,0.0,1.0,0.0
1.0,0.48148148148148145,0.4074074074074074,0.25925925925925924,0.2777777777777778,0.2962962962962963,1.0,0.5,0.0,0.0,0.0,0.5,0.6875,0.0,0.0,0.0,0.0,0.0,1.0,0.0,0.0,0.0,0.0,1.0,0.0,0.0,0.0,0.0,0.0,0.0,0.7272727272727273,0.36363636363636365,0.18181818181818182,1.0,1.0,1.0,0.0,1.0,0.0
0.0,0.2962962962962963,0.2962962962962963,0.25925925925925924,0.3333333333333333,0.4074074074074074,1.0,0.5,0.0,0.0,1.0,0.0,0.0,0.0,0.0,0.0,0.0,0.0,0.0,0.0,0.0,0.0,0.0,1.0,0.0,0.0,0.0,0.0,0.0,0.0,0.875,0.5,0.0,1.0,1.0,1.0,0.0,1.0,0.0
1.0,0.4074074074074074,0.37037037037037035,0.25925925925925924,0.2777777777777778,0.2962962962962963,0.0,0.0,0.0,0.0,0.0,0.25,0.375,0.0,0.0,0.0,0.0,0.0,0.0,0.0,0.0,0.0,0.0,1.0,0.0,0.0,0.0,0.0,0.0,0.0,0.8,0.3,0.2,1.0,1.0,1.0,0.0,1.0,0.0
0.5,0.25925925925925924,0.2222222222222222,0.2962962962962963,0.3333333333333333,0.37037037037037035,1.0,0.25,0.0,0.0,0.0,0.25,0.4375,1.0,0.0,0.0,0.0,0.0,0.0,0.0,0.0,0.0,0.0,1.0,0.0,0.0,0.0,0.0,0.0,0.0,1.0,0.3333333333333333,0.16666666666666666,1.0,1.0,1.0,0.0,1.0,0.0
0.0,0.2962962962962963,0.25925925925925924,0.2222222222222222,0.2962962962962963,0.37037037037037035,1.0,0.25,0.0,0.0,0.0,0.25,0.5625,0.0,0.0,0.0,0.0,0.0,0.0,0.0,0.0,0.0,0.0,1.0,0.0,0.0,0.0,0.0,0.0,0.0,0.8571428571428571,0.5714285714285714,0.0,1.0,1.0,1.0,0.0,1.0,0.0
1.0,0.37037037037037035,0.3333333333333333,0.2222222222222222,0.24074074074074073,0.25925925925925924,1.0,0.25,0.0,0.0,0.0,0.25,0.75,0.0,0.0,0.0,0.0,0.0,0.0,0.0,0.0,0.0,0.0,1.0,0.0,0.0,0.0,0.0,0.0,0.0,0.8888888888888888,0.3333333333333333,0.2222222222222222,1.0,1.0,1.0,0.0,1.0,0.0
0.5,0.2222222222222222,0.18518518518518517,0.25925925925925924,0.2962962962962963,0.3333333333333333,1.0,0.25,0.0,1.0,0.0,0.25,0.8125,0.0,0.0,0.0,0.0,0.0,0.0,0.0,0.0,0.0,0.0,1.0,0.0,0.0,0.0,0.0,0.0,0.0,1.0,0.4,0.0,1.0,1.0,1.0,0.0,1.0,0.0
0.0,0.25925925925925924,0.25925925925925924,0.18518518518518517,0.25925925925925924,0.3333333333333333,1.0,0.25,0.0,1.0,1.0,0.0,0.0,0.0,0.0,0.0,0.0,0.0,0.0,0.0,0.0,0.0,0.0,1.0,0.0,0.0,0.0,0.0,0.0,0.0,0.8571428571428571,0.5714285714285714,0.0,1.0,1.0,1.0,0.0,1.0,0.0
1.0,0.3333333333333333,0.2962962962962963,0.18518518518518517,0.2222222222222222,0.25925925925925924,1.0,0.25,0.0,1.0,0.0,0.25,0.875,0.0,0.0,0.0,0.0,0.0,0.0,0.0,0.0,0.0,0.0,1.0,0.0,0.0,0.0,0.0,0.0,0.0,0.875,0.375,0.125,1.0,1.0,1.0,0.0,1.0,0.0
0.5,0.18518518518518517,0.18518518518518517,0.25925925925925924,0.2777777777777778,0.2962962962962963,1.0,0.25,0.0,1.0,1.0,0.0,0.0,0.0,0.0,0.0,0.0,0.0,0.0,0.0,0.0,0.0,0.0,1.0,0.0,0.0,0.0,0.0,0.0,0.0,1.0,0.4,0.0,1.0,1.0,1.0,0.0,1.0,0.0
1.0,0.2962962962962963,0.2222222222222222,0.18518518518518517,0.2222222222222222,0.25925925925925924,0.0,0.0,0.0,0.0,0.0,0.5,0.5625,0.0,0.0,0.0,0.0,0.0,1.0,0.0,0.0,0.0,0.0,1.0,0.0,0.0,0.0,0.0,0.0,0.0,1.0,0.5,0.16666666666666666,1.0,1.0,1.0,0.0,1.0,0.0
0.5,0.18518518518518517,0.18518518518518517,0.2222222222222222,0.24074074074074073,0.25925925925925924,1.0,0.5,0.0,0.0,1.0,0.0,0.0,0.0,0.0,0.0,0.0,0.0,0.0,0.0,0.0,0.0,0.0,1.0,0.0,0.0,0.0,0.0,0.0,0.0,1.0,0.4,0.0,1.0,1.0,1.0,0.0,1.0,0.0
0.0,0.25925925925925924,0.25925925925925924,0.18518518518518517,0.2037037037037037,0.2222222222222222,1.0,0.5,0.0,0.0,1.0,0.0,0.0,0.0,0.0,0.0,0.0,0.0,0.0,0.0,0.0,0.0,0.0,1.0,0.0,0.0,0.0,0.0,0.0,0.0,0.8571428571428571,0.5714285714285714,0.0,1.0,1.0,1.0,0.0,1.0,0.0
1.0,0.2222222222222222,0.18518518518518517,0.18518518518518517,0.2222222222222222,0.25925925925925924,0.0,0.0,0.0,0.0,0.0,0.25,0.375,0.0,0.0,0.0,0.0,0.0,0.0,0.0,0.0,0.0,0.0,1.0,0.0,0.0,0.0,0.0,0.0,0.0,1.0,0.4,0.2,1.0,1.0,1.0,0.0,1.0,0.0
0.5,0.18518518518518517,0.14814814814814814,0.18518518518518517,0.2222222222222222,0.25925925925925924,1.0,0.25,0.0,0.0,0.0,0.25,0.5625,0.0,0.0,0.0,0.0,0.0,0.0,0.0,0.0,0.0,0.0,1.0,0.0,0.0,0.0,0.0,0.0,0.0,1.0,0.5,0.0,1.0,1.0,1.0,0.0,1.0,0.0
0.0,0.25925925925925924,0.2222222222222222,0.14814814814814814,0.16666666666666666,0.18518518518518517,1.0,0.25,0.0,0.0,0.0,0.25,0.625,0.0,0.0,1.0,0.0,0.0,0.0,0.0,0.0,0.0,0.0,1.0,0.0,0.0,0.0,0.0,0.0,0.0,1.0,0.6666666666666666,0.0,1.0,1.0,1.0,0.0,1.0,0.0
1.0,0.18518518518518517,0.14814814814814814,0.14814814814814814,0.18518518518518517,0.2222222222222222,1.0,0.25,0.0,1.0,0.0,0.25,1.0,0.0,0.0,0.0,0.0,1.0,0.0,0.0,0.0,0.0,0.0,1.0,0.0,0.0,0.0,0.0,0.0,0.0,1.0,0.5,0.0,1.0,1.0,1.0,0.0,1.0,0.0
0.5,0.14814814814814814,0.14814814814814814,0.14814814814814814,0.18518518518518517,0.2222222222222222,1.0,0.25,0.0,1.0,1.0,0.0,0.0,0.0,0.0,0.0,0.0,0.0,0.0,0.0,0.0,0.0,0.0,1.0,0.0,0.0,0.0,0.0,0.0,0.0,1.0,0.5,0.0,1.0,1.0,1.0,0.0,1.0,0.0
0.0,0.2222222222222222,0.2222222222222222,0.14814814814814814,0.14814814814814814,0.14814814814814814,1.0,0.25,0.0,1.0,1.0,0.0,0.0,0.0,0.0,0.0,0.0,0.0,0.0,0.0,0.0,0.0,0.0,1.0,0.0,0.0,0.0,0.0,0.0,0.0,1.0,0.6666666666666666,0.0,1.0,1.0,1.0,0.0,1.0,0.0
1.0,0.14814814814814814,0.1111111111111111,0.14814814814814814,0.18518518518518517,0.2222222222222222,0.0,0.0,0.0,0.0,0.0,0.25,0.1875,0.0,0.0,0.0,0.0,0.0,0.0,0.0,0.0,0.0,0.0,1.0,0.0,0.0,0.0,0.0,0.0,0.0,1.0,0.3333333333333333,0.0,1.0,1.0,1.0,0.0,1.0,0.0
0.5,0.14814814814814814,0.1111111111111111,0.1111111111111111,0.16666666666666666,0.2222222222222222,1.0,0.25,0.0,0.0,0.0,0.25,0.25,0.0,0.0,0.0,0.0,0.0,0.0,0.0,0.0,0.0,0.0,1.0,0.0,0.0,0.0,0.0,0.0,0.0,1.0,0.3333333333333333,0.0,1.0,1.0,1.0,0.0,1.0,0.0
0.0,0.2222222222222222,0.18518518518518517,0.1111111111111111,0.1111111111111111,0.1111111111111111,1.0,0.25,0.0,0.0,0.0,0.25,0.3125,0.0,0.0,0.0,0.0,0.0,0.0,0.0,0.0,0.0,0.0,1.0,0.0,0.0,0.0,0.0,0.0,0.0,1.0,0.6,0.0,1.0,1.0,1.0,0.0,1.0,0.0
1.0,0.1111111111111111,0.07407407407407407,0.1111111111111111,0.14814814814814814,0.18518518518518517,1.0,0.25,0.0,0.0,0.0,0.25,0.75,0.0,0.0,0.0,0.0,0.0,0.0,0.0,0.0,0.0,0.0,1.0,0.0,0.0,0.0,0.0,0.0,0.0,1.0,0.5,0.0,1.0,1.0,1.0,0.0,1.0,0.0
0.5,0.1111111111111111,0.1111111111111111,0.07407407407407407,0.12962962962962962,0.18518518518518517,1.0,0.25,0.0,0.0,1.0,0.0,0.0,0.0,0.0,0.0,0.0,0.0,0.0,0.0,0.0,0.0,0.0,1.0,0.0,0.0,0.0,1.0,0.0,0.0,1.0,0.3333333333333333,0.0,1.0,1.0,1.0,0.0,1.0,0.0
0.0,0.18518518518518517,0.18518518518518517,0.07407407407407407,0.09259259259259259,0.1111111111111111,1.0,0.25,0.0,0.0,1.0,0.0,0.0,0.0,0.0,0.0,0.0,0.0,0.0,0.0,0.0,0.0,0.0,1.0,0.0,0.0,0.0,1.0,0.0,0.0,1.0,0.6,0.0,1.0,1.0,1.0,0.0,1.0,0.0
1.0,0.07407407407407407,0.037037037037037035,0.1111111111111111,0.14814814814814814,0.18518518518518517,0.0,0.0,0.0,0.0,0.0,0.25,0.5,0.0,1.0,0.0,0.0,0.0,0.0,0.0,0.0,0.0,0.0,1.0,0.0,1.0,0.0,0.0,1.0,0.0,1.0,0.0,0.0,1.0,1.0,1.0,0.0,1.0,0.0
1.0,0.037037037037037035,0.0,0.1111111111111111,0.14814814814814814,0.18518518518518517,0.0,0.0,0.0,0.0,0.0,0.25,0.625,0.0,0.0,1.0,0.0,0.0,0.0,0.0,0.0,0.0,1.0,0.0,1.0,0.0,1.0,0.0,0.0,0.0,0.0,0.0,0.0,1.0,1.0,1.0,0.0,1.0,0.0
0.5,0.1111111111111111,0.07407407407407407,0.18518518518518517,0.18518518518518517,0.18518518518518517,1.0,0.25,0.0,0.0,0.0,0.25,0.75,0.0,0.0,0.0,0.0,0.0,0.0,0.0,0.0,0.0,0.0,1.0,0.0,0.0,0.0,0.0,0.0,0.0,1.0,0.5,0.0,1.0,1.0,1.0,0.0,1.0,0.0
0.0,0.18518518518518517,0.18518518518518517,0.07407407407407407,0.07407407407407407,0.07407407407407407,1.0,0.25,0.0,0.0,1.0,0.0,0.0,0.0,0.0,0.0,0.0,0.0,0.0,0.0,0.0,0.0,0.0,1.0,0.0,0.0,0.0,1.0,0.0,0.0,1.0,0.6,0.0,1.0,1.0,1.0,0.0,1.0,0.0
0.5,0.07407407407407407,0.037037037037037035,0.18518518518518517,0.18518518518518517,0.18518518518518517,0.0,0.0,0.0,0.0,0.0,0.25,0.5,0.0,1.0,0.0,0.0,0.0,0.0,0.0,0.0,0.0,0.0,1.0,0.0,1.0,0.0,0.0,1.0,0.0,1.0,0.0,0.0,1.0,1.0,1.0,0.0,1.0,0.0
0.5,0.037037037037037035,0.0,0.18518518518518517,0.18518518518518517,0.18518518518518517,0.0,0.0,0.0,0.0,0.0,0.25,0.625,0.0,0.0,1.0,0.0,0.0,0.0,0.0,0.0,0.0,1.0,0.0,1.0,0.0,1.0,0.0,0.0,0.0,0.0,0.0,0.0,1.0,1.0,1.0,0.0,1.0,0.0
0.3333333333333333,0.5185185185185185,0.4444444444444444,0.48148148148148145,0.4938271604938272,0.5185185185185185,0.0,0.0,0.0,0.0,0.0,0.5,0.5625,0.0,0.0,0.0,0.0,0.0,1.0,0.0,0.0,0.0,0.0,1.0,0.0,0.0,0.0,0.0,0.0,0.0,0.8333333333333334,0.6666666666666666,0.08333333333333333,1.0,1.0,1.0,0.0,1.0,0.0
0.0,0.48148148148148145,0.4074074074074074,0.4444444444444444,0.48148148148148145,0.5185185185185185,1.0,0.5,0.0,0.0,0.0,0.5,0.75,0.0,0.0,0.0,0.0,0.0,1.0,0.0,0.0,0.0,0.0,0.0,0.0,0.0,0.0,0.0,0.0,0.0,0.6363636363636364,0.36363636363636365,0.45454545454545453,1.0,1.0,1.0,0.0,1.0,0.0
0.6666666666666666,0.48148148148148145,0.48148148148148145,0.4074074074074074,0.45679012345679015,0.5185185185185185,1.0,0.5,0.0,0.0,1.0,0.0,0.0,0.0,0.0,0.0,0.0,0.0,0.0,0.0,0.0,0.0,0.0,1.0,0.0,0.0,0.0,0.0,0.0,0.0,0.6923076923076923,0.46153846153846156,0.15384615384615385,1.0,1.0,1.0,0.0,1.0,0.0
1.0,0.5185185185185185,0.4444444444444444,0.4074074074074074,0.4444444444444444,0.48148148148148145,1.0,0.5,0.0,0.0,0.0,0.5,0.875,0.0,0.0,0.0,0.0,0.0,1.0,0.0,0.0,0.0,0.0,1.0,0.0,0.0,0.0,0.0,0.0,0.0,0.9166666666666666,0.5,0.3333333333333333,1.0,1.0,1.0,0.0,1.0,0.0
0.3333333333333333,0.4444444444444444,0.4444444444444444,0.4074074074074074,0.4444444444444444,0.48148148148148145,1.0,0.5,0.0,0.0,1.0,0.0,0.0,0.0,0.0,0.0,0.0,0.0,0.0,0.0,0.0,0.0,0.0,1.0,0.0,0.0,0.0,0.0,0.0,0.0,0.8333333333333334,0.6666666666666666,0.08333333333333333,1.0,1.0,1.0,0.0,1.0,0.0
0.0,0.4074074074074074,0.3333333333333333,0.4444444444444444,0.45679012345679015,0.48148148148148145,1.0,0.5,0.0,0.0,0.0,0.5,0.9375,0.0,0.0,0.0,1.0,0.0,1.0,0.0,0.0,0.0,0.0,0.0,0.0,0.0,0.0,0.0,0.0,0.0,0.7777777777777778,0.4444444444444444,0.3333333333333333,1.0,1.0,1.0,0.0,1.0,0.0
1.0,0.4444444444444444,0.4444444444444444,0.3333333333333333,0.4197530864197531,0.48148148148148145,1.0,0.5,0.0,0.0,1.0,0.0,0.0,0.0,0.0,0.0,0.0,0.0,0.0,0.0,0.0,0.0,0.0,1.0,0.0,0.0,0.0,0.0,0.0,0.0,0.9166666666666666,0.5,0.3333333333333333,1.0,1.0,1.0,0.0,1.0,0.0
0.0,0.3333333333333333,0.25925925925925924,0.4444444444444444,0.45679012345679015,0.48148148148148145,0.0,0.0,0.0,0.0,0.0,0.5,0.375,0.0,0.0,0.0,0.0,0.0,1.0,0.0,0.0,0.0,0.0,0.0,0.0,0.0,0.0,0.0,0.0,0.0,0.8571428571428571,0.2857142857142857,0.42857142857142855,1.0,1.0,1.0,0.0,1.0,0.0
0.6666666666666666,0.48148148148148145,0.4074074074074074,0.25925925925925924,0.3827160493827161,0.4444444444444444,1.0,0.5,0.0,0.0,0.0,0.5,0.6875,0.0,0.0,0.0,0.0,0.0,1.0,0.0,0.0,0.0,0.0,1.0,0.0,0.0,0.0,0.0,0.0,0.0,0.8181818181818182,0.5454545454545454,0.18181818181818182,1.0,1.0,1.0,0.0,1.0,0.0
1.0,0.4444444444444444,0.4444444444444444,0.25925925925925924,0.37037037037037035,0.4444444444444444,1.0,0.5,0.0,0.0,1.0,0.0,0.0,0.0,0.0,0.0,0.0,0.0,0.0,0.0,0.0,0.0,0.0,1.0,0.0,0.0,0.0,0.0,0.0,0.0,0.9166666666666666,0.5,0.3333333333333333,1.0,1.0,1.0,0.0,1.0,0.0
0.3333333333333333,0.4444444444444444,0.4444444444444444,0.25925925925925924,0.37037037037037035,0.4444444444444444,1.0,0.5,0.0,0.0,1.0,0.0,0.0,0.0,0.0,0.0,0.0,0.0,0.0,0.0,0.0,0.0,0.0,1.0,0.0,0.0,0.0,0.0,0.0,0.0,0.8333333333333334,0.6666666666666666,0.08333333333333333,1.0,1.0,1.0,0.0,1.0,0.0
0.0,0.25925925925925924,0.25925925925925924,0.4074074074074074,0.43209876543209874,0.4444444444444444,1.0,0.5,0.0,0.0,1.0,0.0,0.0,0.0,0.0,0.0,0.0,0.0,0.0,0.0,0.0,0.0,0.0,0.0,0.0,0.0,0.0,0.0,0.0,0.0,0.8571428571428571,0.2857142857142857,0.42857142857142855,1.0,1.0,1.0,0.0,1.0,0.0
0.6666666666666666,0.4074074074074074,0.3333333333333333,0.25925925925925924,0.3827160493827161,0.4444444444444444,0.0,0.0,0.0,0.0,0.0,0.5,0.3125,0.0,0.0,0.0,0.0,0.0,1.0,0.0,0.0,0.0,0.0,1.0,0.0,0.0,0.0,0.0,0.0,0.0,0.8888888888888888,0.4444444444444444,0.2222222222222222,1.0,1.0,1.0,0.0,1.0,0.0
1.0,0.4444444444444444,0.4444444444444444,0.25925925925925924,0.34567901234567905,0.4444444444444444,1.0,0.5,0.0,0.0,1.0,0.0,0.0,0.0,0.0,0.0,0.0,0.0,0.0,0.0,0.0,0.0,0.0,1.0,0.0,0.0,0.0,0.0,0.0,0.0,0.9166666666666666,0.5,0.3333333333333333,1.0,1.0,1.0,0.0,1.0,0.0
0.3333333333333333,0.4444444444444444,0.37037037037037035,0.25925925925925924,0.34567901234567905,0.4444444444444444,1.0,0.5,0.0,0.0,0.0,0.5,0.375,0.0,0.0,0.0,0.0,0.0,1.0,0.0,0.0,0.0,0.0,1.0,0.0,0.0,0.0,0.0,0.0,0.0,0.9,0.6,0.1,1.0,1.0,1.0,0.0,1.0,0.0
0.0,0.25925925925925924,0.18518518518518517,0.3333333333333333,0.3827160493827161,0.4444444444444444,1.0,0.5,0.0,0.0,0.0,0.5,0.4375,1.0,0.0,0.0,0.0,0.0,1.0,0.0,0.0,0.0,0.0,0.0,0.0,0.0,0.0,0.0,0.0,0.0,1.0,0.0,0.6,1.0,1.0,1.0,0.0,1.0,0.0
0.6666666666666666,0.3333333333333333,0.3333333333333333,0.18518518518518517,0.3333333333333333,0.4444444444444444,1.0,0.5,0.0,0.0,1.0,0.0,0.0,0.0,0.0,0.0,0.0,0.0,0.0,0.0,0.0,0.0,0.0,1.0,0.0,0.0,0.0,0.0,0.0,0.0,0.8888888888888888,0.4444444444444444,0.2222222222222222,1.0,1.0,1.0,0.0,1.0,0.0
0.3333333333333333,0.37037037037037035,0.37037037037037035,0.18518518518518517,0.32098765432098764,0.4444444444444444,1.0,0.5,0.0,0.0,1.0,0.0,0.0,0.0,0.0,0.0,0.0,0.0,0.0,0.0,0.0,0.0,0.0,1.0,0.0,0.0,0.0,0.0,0.0,0.0,0.9,0.6,0.1,1.0,1.0,1.0,0.0,1.0,0.0
0.0,0.18518518518518517,0.14814814814814814,0.3333333333333333,0.3827160493827161,0.4444444444444444,0.0,0.0,0.0,0.0,0.0,0.25,0.5625,0.0,0.0,0.0,0.0,0.0,0.0,0.0,0.0,0.0,0.0,0.0,0.0,0.0,0.0,0.0,0.0,0.0,1.0,0.0,0.75,1.0,1.0,1.0,0.0,1.0,0.0
0.6666666666666666,0.3333333333333333,0.2962962962962963,0.14814814814814814,0.32098765432098764,0.4444444444444444,1.0,0.25,0.0,0.0,0.0,0.25,0.6875,0.0,0.0,0.0,0.0,0.0,0.0,0.0,0.0,0.0,0.0,1.0,0.0,0.0,0.0,0.0,0.0,0.0,0.875,0.5,0.25,1.0,1.0,1.0,0.0,1.0,0.0
1.0,0.4444444444444444,0.4074074074074074,0.14814814814814814,0.2716049382716049,0.37037037037037035,1.0,0.25,0.0,0.0,0.0,0.25,0.75,0.0,0.0,0.0,0.0,0.0,0.0,0.0,0.0,0.0,0.0,1.0,0.0,0.0,0.0,0.0,0.0,0.0,0.9090909090909091,0.5454545454545454,0.36363636363636365,1.0,1.0,1.0,0.0,1.0,0.0
0.3333333333333333,0.37037037037037035,0.37037037037037035,0.14814814814814814,0.2839506172839506,0.4074074074074074,1.0,0.25,0.0,1.0,1.0,0.0,0.0,0.0,0.0,0.0,0.0,0.0,0.0,0.0,0.0,0.0,0.0,1.0,0.0,0.0,0.0,0.0,0.0,0.0,0.9,0.6,0.1,1.0,1.0,1.0,0.0,1.0,0.0
0.0,0.14814814814814814,0.14814814814814814,0.2962962962962963,0.35802469135802467,0.4074074074074074,1.0,0.25,0.0,1.0,1.0,0.0,0.0,0.0,0.0,0.0,0.0,0.0,0.0,0.0,0.0,0.0,0.0,0.0,0.0,0.0,0.0,0.0,0.0,0.0,1.0,0.0,0.75,1.0,1.0,1.0,0.0,1.0,0.0
0.6666666666666666,0.2962962962962963,0.25925925925925924,0.14814814814814814,0.308641975308642,0.4074074074074074,1.0,0.25,0.0,1.0,0.0,0.25,0.8125,0.0,0.0,0.0,0.0,0.0,0.0,0.0,0.0,0.0,0.0,1.0,0.0,0.0,0.0,0.0,0.0,0.0,0.8571428571428571,0.5714285714285714,0.14285714285714285,1.0,1.0,1.0,0.0,1.0,0.0
1.0,0.4074074074074074,0.37037037037037035,0.14814814814814814,0.25925925925925924,0.37037037037037035,1.0,0.25,0.0,1.0,0.0,0.25,1.0,0.0,0.0,0.0,0.0,1.0,0.0,0.0,0.0,0.0,0.0,1.0,0.0,0.0,0.0,0.0,0.0,0.0,0.9,0.6,0.3,1.0,1.0,1.0,0.0,1.0,0.0
0.6666666666666666,0.25925925925925924,0.25925925925925924,0.14814814814814814,0.2962962962962963,0.37037037037037035,1.0,0.25,0.0,1.0,1.0,0.0,0.0,0.0,0.0,0.0,0.0,0.0,0.0,0.0,0.0,0.0,0.0,1.0,0.0,0.0,0.0,0.0,0.0,0.0,0.8571428571428571,0.5714285714285714,0.14285714285714285,1.0,1.0,1.0,0.0,1.0,0.0
1.0,0.37037037037037035,0.3333333333333333,0.14814814814814814,0.25925925925925924,0.37037037037037035,0.0,0.0,0.0,0.0,0.0,0.25,0.5,0.0,1.0,0.0,0.0,0.0,0.0,0.0,0.0,0.0,0.0,1.0,0.0,0.0,0.0,0.0,1.0,0.0,1.0,0.5555555555555556,0.3333333333333333,1.0,1.0,1.0,0.0,1.0,0.0
1.0,0.3333333333333333,0.2962962962962963,0.14814814814814814,0.25925925925925924,0.37037037037037035,0.0,0.0,0.0,0.0,0.0,0.25,0.1875,0.0,0.0,0.0,0.0,0.0,0.0,0.0,0.0,0.0,0.0,1.0,0.0,0.0,0.0,0.0,0.0,0.0,1.0,0.5,0.375,1.0,1.0,1.0,0.0,1.0,0.0
0.3333333333333333,0.37037037037037035,0.3333333333333333,0.14814814814814814,0.2345679012345679,0.2962962962962963,1.0,0.25,0.0,0.0,0.0,0.25,0.25,0.0,0.0,0.0,0.0,0.0,0.0,0.0,0.0,0.0,0.0,1.0,0.0,0.0,0.0,0.0,0.0,0.0,0.8888888888888888,0.5555555555555556,0.1111111111111111,1.0,1.0,1.0,0.0,1.0,0.0
0.0,0.14814814814814814,0.1111111111111111,0.25925925925925924,0.2962962962962963,0.3333333333333333,1.0,0.25,0.0,0.0,0.0,0.25,0.625,0.0,0.0,1.0,0.0,0.0,0.0,0.0,0.0,0.0,0.0,0.0,0.0,0.0,0.0,0.0,0.0,0.0,1.0,0.0,1.0,1.0,1.0,1.0,0.0,1.0,0.0
0.6666666666666666,0.25925925925925924,0.2222222222222222,0.1111111111111111,0.2469135802469136,0.3333333333333333,1.0,0.25,0.0,0.0,0.0,0.25,0.75,0.0,0.0,0.0,0.0,0.0,0.0,0.0,0.0,0.0,0.0,1.0,0.0,0.0,0.0,0.0,0.0,0.0,0.8333333333333334,0.6666666666666666,0.16666666666666666,1.0,1.0,1.0,0.0,1.0,0.0
1.0,0.2962962962962963,0.25925925925925924,0.1111111111111111,0.2222222222222222,0.3333333333333333,1.0,0.25,0.0,1.0,0.0,0.25,0.8125,0.0,0.0,0.0,0.0,0.0,0.0,0.0,0.0,0.0,0.0,1.0,0.0,0.0,0.0,0.0,0.0,0.0,1.0,0.5714285714285714,0.2857142857142857,1.0,1.0,1.0,0.0,1.0,0.0
0.3333333333333333,0.3333333333333333,0.3333333333333333,0.1111111111111111,0.19753086419753085,0.25925925925925924,1.0,0.25,0.0,1.0,1.0,0.0,0.0,0.0,0.0,0.0,0.0,0.0,0.0,0.0,0.0,0.0,0.0,1.0,0.0,0.0,0.0,0.0,0.0,0.0,0.8888888888888888,0.5555555555555556,0.1111111111111111,1.0,1.0,1.0,0.0,1.0,0.0
0.0,0.1111111111111111,0.1111111111111111,0.2222222222222222,0.2716049382716049,0.3333333333333333,1.0,0.25,0.0,1.0,1.0,0.0,0.0,0.0,0.0,0.0,0.0,0.0,0.0,0.0,0.0,0.0,0.0,0.0,0.0,0.0,0.0,0.0,0.0,0.0,1.0,0.0,1.0,1.0,1.0,1.0,0.0,1.0,0.0
0.6666666666666666,0.2222222222222222,0.2222222222222222,0.1111111111111111,0.2345679012345679,0.3333333333333333,1.0,0.25,0.0,1.0,1.0,0.0,0.0,0.0,0.0,0.0,0.0,0.0,0.0,0.0,0.0,0.0,0.0,1.0,0.0,0.0,0.0,0.0,0.0,0.0,0.8333333333333334,0.6666666666666666,0.16666666666666666,1.0,1.0,1.0,0.0,1.0,0.0
1.0,0.25925925925925924,0.2222222222222222,0.1111111111111111,0.2222222222222222,0.3333333333333333,0.0,0.0,0.0,0.0,0.0,0.25,0.25,0.0,0.0,0.0,0.0,0.0,0.0,0.0,0.0,0.0,0.0,1.0,0.0,0.0,0.0,0.0,0.0,0.0,1.0,0.5,0.3333333333333333,1.0,1.0,1.0,0.0,1.0,0.0
0.3333333333333333,0.3333333333333333,0.2962962962962963,0.1111111111111111,0.18518518518518517,0.2222222222222222,1.0,0.25,0.0,0.0,0.0,0.25,0.3125,0.0,0.0,0.0,0.0,0.0,0.0,0.0,0.0,0.0,0.0,1.0,0.0,0.0,0.0,0.0,0.0,0.0,0.875,0.5,0.125,1.0,1.0,1.0,0.0,1.0,0.0
0.0,0.1111111111111111,0.07407407407407407,0.2222222222222222,0.2469135802469136,0.2962962962962963,1.0,0.25,0.0,0.0,0.0,0.25,1.0,0.0,0.0,0.0,0.0,1.0,0.0,0.0,0.0,0.0,0.0,0.0,0.0,0.0,0.0,0.0,0.0,0.0,1.0,0.0,1.0,1.0,1.0,1.0,0.0,1.0,0.0
0.6666666666666666,0.2222222222222222,0.2222222222222222,0.07407407407407407,0.19753086419753085,0.2962962962962963,1.0,0.25,0.0,0.0,1.0,0.0,0.0,0.0,0.0,0.0,0.0,0.0,0.0,0.0,0.0,0.0,0.0,1.0,0.0,0.0,0.0,1.0,0.0,0.0,0.8333333333333334,0.6666666666666666,0.16666666666666666,1.0,1.0,1.0,0.0,1.0,0.0
1.0,0.2222222222222222,0.2222222222222222,0.07407407407407407,0.19753086419753085,0.2962962962962963,1.0,0.25,0.0,0.0,1.0,0.0,0.0,0.0,0.0,0.0,0.0,0.0,0.0,0.0,0.0,0.0,0.0,1.0,0.0,0.0,0.0,1.0,0.0,0.0,1.0,0.5,0.3333333333333333,1.0,1.0,1.0,0.0,1.0,0.0
0.3333333333333333,0.2962962962962963,0.2962962962962963,0.07407407407407407,0.17283950617283952,0.2222222222222222,1.0,0.25,0.0,0.0,1.0,0.0,0.0,0.0,0.0,0.0,0.0,0.0,0.0,0.0,0.0,0.0,0.0,1.0,0.0,0.0,0.0,1.0,0.0,0.0,0.875,0.5,0.125,1.0,1.0,1.0,0.0,1.0,0.0
0.0,0.07407407407407407,0.037037037037037035,0.2222222222222222,0.2469135802469136,0.2962962962962963,0.0,0.0,0.0,0.0,0.0,0.25,0.8125,0.0,0.0,0.0,0.0,0.0,0.0,0.0,0.0,0.0,0.0,0.0,0.0,0.0,0.0,0.0,0.0,0.0,1.0,0.0,1.0,1.0,1.0,1.0,0.0,1.0,0.0
0.6666666666666666,0.2222222222222222,0.18518518518518517,0.037037037037037035,0.18518518518518517,0.2962962962962963,1.0,0.25,0.0,0.0,0.0,0.25,0.875,0.0,0.0,0.0,0.0,0.0,0.0,0.0,0.0,0.0,0.0,1.0,0.0,0.0,0.0,1.0,0.0,0.0,0.8,0.8,0.0,1.0,1.0,1.0,0.0,1.0,0.0
1.0,0.2222222222222222,0.18518518518518517,0.037037037037037035,0.17283950617283952,0.2962962962962963,1.0,0.25,0.0,0.0,0.0,0.25,0.9375,0.0,0.0,0.0,1.0,0.0,0.0,0.0,0.0,0.0,0.0,1.0,0.0,0.0,0.0,1.0,0.0,0.0,1.0,0.6,0.2,1.0,1.0,1.0,0.0,1.0,0.0
0.3333333333333333,0.2962962962962963,0.2962962962962963,0.037037037037037035,0.13580246913580246,0.18518518518518517,1.0,0.25,0.0,0.0,1.0,0.0,0.0,0.0,0.0,0.0,0.0,0.0,0.0,0.0,0.0,0.0,0.0,1.0,0.0,0.0,0.0,1.0,0.0,0.0,0.875,0.5,0.125,1.0,1.0,1.0,0.0,1.0,0.0
0.0,0.037037037037037035,0.037037037037037035,0.18518518518518517,0.2222222222222222,0.2962962962962963,1.0,0.25,0.0,0.0,1.0,0.0,0.0,0.0,0.0,0.0,0.0,0.0,0.0,0.0,0.0,0.0,0.0,0.0,0.0,0.0,0.0,0.0,0.0,0.0,1.0,0.0,1.0,1.0,1.0,1.0,0.0,1.0,0.0
0.6666666666666666,0.18518518518518517,0.18518518518518517,0.037037037037037035,0.17283950617283952,0.2962962962962963,1.0,0.25,0.0,0.0,1.0,0.0,0.0,0.0,0.0,0.0,0.0,0.0,0.0,0.0,0.0,0.0,0.0,1.0,0.0,0.0,0.0,1.0,0.0,0.0,0.8,0.8,0.0,1.0,1.0,1.0,0.0,1.0,0.0
1.0,0.18518518518518517,0.14814814814814814,0.037037037037037035,0.17283950617283952,0.2962962962962963,0.0,0.0,0.0,0.0,0.0,0.25,0.4375,1.0,0.0,0.0,0.0,0.0,0.0,0.0,0.0,0.0,0.0,1.0,0.0,0.0,0.0,1.0,0.0,0.0,1.0,0.5,0.25,1.0,1.0,1.0,0.0,1.0,0.0
0.3333333333333333,0.2962962962962963,0.25925925925925924,0.037037037037037035,0.1234567901234568,0.18518518518518517,1.0,0.25,0.0,0.0,0.0,0.25,0.5625,0.0,0.0,0.0,0.0,0.0,0.0,0.0,0.0,0.0,0.0,1.0,0.0,0.0,0.0,1.0,0.0,0.0,0.8571428571428571,0.5714285714285714,0.14285714285714285,1.0,1.0,1.0,0.0,1.0,0.0
0.0,0.037037037037037035,0.037037037037037035,0.14814814814814814,0.19753086419753085,0.25925925925925924,1.0,0.25,0.0,0.0,1.0,0.0,0.0,0.0,0.0,0.0,0.0,0.0,0.0,0.0,0.0,0.0,0.0,0.0,0.0,0.0,0.0,0.0,0.0,0.0,1.0,0.0,1.0,1.0,1.0,1.0,0.0,1.0,0.0
0.6666666666666666,0.18518518518518517,0.18518518518518517,0.037037037037037035,0.14814814814814814,0.25925925925925924,1.0,0.25,0.0,0.0,1.0,0.0,0.0,0.0,0.0,0.0,0.0,0.0,0.0,0.0,0.0,0.0,0.0,1.0,0.0,0.0,0.0,1.0,0.0,0.0,0.8,0.8,0.0,1.0,1.0,1.0,0.0,1.0,0.0
1.0,0.14814814814814814,0.1111111111111111,0.037037037037037035,0.16049382716049382,0.25925925925925924,1.0,0.25,0.0,0.0,0.0,0.25,0.875,0.0,0.0,0.0,0.0,0.0,0.0,0.0,0.0,0.0,0.0,1.0,0.0,0.0,0.0,1.0,0.0,0.0,1.0,0.6666666666666666,0.0,1.0,1.0,1.0,0.0,1.0,0.0
0.3333333333333333,0.25925925925925924,0.25925925925925924,0.037037037037037035,0.1111111111111111,0.18518518518518517,1.0,0.25,0.0,1.0,1.0,0.0,0.0,0.0,0.0,0.0,0.0,0.0,0.0,0.0,0.0,0.0,0.0,1.0,0.0,0.0,0.0,1.0,0.0,0.0,0.8571428571428571,0.5714285714285714,0.14285714285714285,1.0,1.0,1.0,0.0,1.0,0.0
1.0,0.1111111111111111,0.07407407407407407,0.037037037037037035,0.16049382716049382,0.25925925925925924,0.0,0.0,0.0,0.0,0.0,0.25,0.3125,0.0,0.0,0.0,0.0,0.0,0.0,0.0,0.0,0.0,0.0,1.0,0.0,0.0,0.0,1.0,0.0,0.0,1.0,0.5,0.0,1.0,1.0,1.0,0.0,1.0,0.0
0.3333333333333333,0.25925925925925924,0.2222222222222222,0.037037037037037035,0.09876543209876543,0.18518518518518517,1.0,0.25,0.0,0.0,0.0,0.25,0.8125,0.0,0.0,0.0,0.0,0.0,0.0,0.0,0.0,0.0,0.0,1.0,0.0,0.0,0.0,1.0,0.0,0.0,0.8333333333333334,0.6666666666666666,0.0,1.0,1.0,1.0,0.0,1.0,0.0
0.0,0.037037037037037035,0.037037037037037035,0.07407407407407407,0.16049382716049382,0.2222222222222222,1.0,0.25,0.0,1.0,1.0,0.0,0.0,0.0,0.0,0.0,0.0,0.0,0.0,0.0,0.0,0.0,0.0,0.0,0.0,0.0,0.0,1.0,0.0,0.0,1.0,0.0,1.0,1.0,1.0,1.0,0.0,1.0,0.0
0.6666666666666666,0.18518518518518517,0.18518518518518517,0.037037037037037035,0.1111111111111111,0.2222222222222222,1.0,0.25,0.0,1.0,1.0,0.0,0.0,0.0,0.0,0.0,0.0,0.0,0.0,0.0,0.0,0.0,0.0,1.0,0.0,0.0,0.0,1.0,0.0,0.0,0.8,0.8,0.0,1.0,1.0,1.0,0.0,1.0,0.0
1.0,0.07407407407407407,0.07407407407407407,0.037037037037037035,0.14814814814814814,0.2222222222222222,1.0,0.25,0.0,1.0,1.0,0.0,0.0,0.0,0.0,0.0,0.0,0.0,0.0,0.0,0.0,0.0,0.0,1.0,0.0,0.0,0.0,1.0,0.0,0.0,1.0,0.5,0.0,1.0,1.0,1.0,0.0,1.0,0.0
0.3333333333333333,0.2222222222222222,0.14814814814814814,0.037037037037037035,0.09876543209876543,0.18518518518518517,0.0,0.0,0.0,0.0,0.0,0.5,0.1875,0.0,0.0,0.0,0.0,0.0,1.0,0.0,0.0,0.0,0.0,1.0,0.0,0.0,0.0,1.0,0.0,0.0,1.0,0.5,0.0,1.0,1.0,1.0,0.0,1.0,0.0
0.0,0.037037037037037035,0.037037037037037035,0.07407407407407407,0.13580246913580246,0.18518518518518517,1.0,0.5,0.0,0.0,1.0,0.0,0.0,0.0,0.0,0.0,0.0,0.0,0.0,0.0,0.0,0.0,0.0,0.0,0.0,0.0,0.0,1.0,0.0,0.0,1.0,0.0,1.0,1.0,1.0,1.0,0.0,1.0,0.0
0.6666666666666666,0.18518518518518517,0.1111111111111111,0.037037037037037035,0.08641975308641976,0.14814814814814814,1.0,0.5,0.0,0.0,0.0,0.5,0.25,0.0,0.0,0.0,0.0,0.0,1.0,0.0,0.0,0.0,0.0,1.0,0.0,0.0,0.0,1.0,0.0,0.0,1.0,0.6666666666666666,0.0,1.0,1.0,1.0,0.0,1.0,0.0
1.0,0.07407407407407407,0.07407407407407407,0.037037037037037035,0.09876543209876543,0.14814814814814814,1.0,0.5,0.0,0.0,1.0,0.0,0.0,0.0,0.0,0.0,0.0,0.0,0.0,0.0,0.0,0.0,0.0,1.0,0.0,0.0,0.0,1.0,0.0,0.0,1.0,0.5,0.0,1.0,1.0,1.0,0.0,1.0,0.0
0.3333333333333333,0.14814814814814814,0.14814814814814814,0.037037037037037035,0.07407407407407407,0.1111111111111111,1.0,0.5,0.0,0.0,1.0,0.0,0.0,0.0,0.0,0.0,0.0,0.0,0.0,0.0,0.0,0.0,0.0,1.0,0.0,0.0,0.0,1.0,0.0,0.0,1.0,0.5,0.0,1.0,1.0,1.0,0.0,1.0,0.0
0.6666666666666666,0.1111111111111111,0.07407407407407407,0.037037037037037035,0.08641975308641976,0.14814814814814814,0.0,0.0,0.0,0.0,0.0,0.25,0.1875,0.0,0.0,0.0,0.0,0.0,0.0,0.0,0.0,0.0,0.0,1.0,0.0,0.0,0.0,1.0,0.0,0.0,1.0,0.5,0.0,1.0,1.0,1.0,0.0,1.0,0.0
1.0,0.07407407407407407,0.037037037037037035,0.037037037037037035,0.08641975308641976,0.14814814814814814,1.0,0.25,0.0,0.0,0.0,0.25,0.5,0.0,1.0,0.0,0.0,0.0,0.0,0.0,0.0,0.0,0.0,1.0,0.0,1.0,0.0,1.0,1.0,0.0,1.0,0.0,0.0,1.0,1.0,1.0,0.0,1.0,0.0
1.0,0.037037037037037035,0.0,0.037037037037037035,0.08641975308641976,0.14814814814814814,0.0,0.0,0.0,0.0,0.0,0.25,0.625,0.0,0.0,1.0,0.0,0.0,0.0,0.0,0.0,0.0,1.0,0.0,1.0,0.0,1.0,1.0,0.0,0.0,0.0,0.0,0.0,1.0,1.0,1.0,0.0,1.0,0.0
0.3333333333333333,0.14814814814814814,0.1111111111111111,0.037037037037037035,0.05555555555555555,0.07407407407407407,1.0,0.25,0.0,0.0,0.0,0.25,0.6875,0.0,0.0,0.0,0.0,0.0,0.0,0.0,0.0,0.0,0.0,1.0,0.0,0.0,0.0,1.0,0.0,0.0,1.0,0.6666666666666666,0.0,1.0,1.0,1.0,0.0,1.0,0.0
0.0,0.037037037037037035,0.0,0.07407407407407407,0.09259259259259259,0.1111111111111111,1.0,0.25,0.0,0.0,0.0,0.25,0.9375,0.0,0.0,0.0,1.0,0.0,0.0,0.0,0.0,0.0,1.0,0.0,0.0,0.0,0.0,1.0,0.0,0.0,0.0,0.0,0.0,1.0,1.0,1.0,0.0,1.0,1.0
0.6666666666666666,0.07407407407407407,0.07407407407407407,0.1111111111111111,0.1111111111111111,0.1111111111111111,1.0,0.25,0.0,0.0,1.0,0.0,0.0,0.0,0.0,0.0,0.0,0.0,0.0,0.0,0.0,0.0,0.0,1.0,0.0,0.0,0.0,0.0,0.0,0.0,1.0,0.5,0.0,1.0,1.0,1.0,0.0,1.0,0.0
0.3333333333333333,0.1111111111111111,0.1111111111111111,0.07407407407407407,0.07407407407407407,0.07407407407407407,1.0,0.25,0.0,0.0,1.0,0.0,0.0,0.0,0.0,0.0,0.0,0.0,0.0,0.0,0.0,0.0,0.0,1.0,0.0,0.0,0.0,1.0,0.0,0.0,1.0,0.6666666666666666,0.0,1.0,1.0,1.0,0.0,1.0,0.0
0.6666666666666666,0.07407407407407407,0.037037037037037035,0.1111111111111111,0.1111111111111111,0.1111111111111111,0.0,0.0,0.0,0.0,0.0,0.25,0.5,0.0,1.0,0.0,0.0,0.0,0.0,0.0,0.0,0.0,0.0,1.0,0.0,1.0,0.0,0.0,1.0,0.0,1.0,0.0,0.0,1.0,1.0,1.0,0.0,1.0,0.0
0.6666666666666666,0.037037037037037035,0.0,0.1111111111111111,0.1111111111111111,0.1111111111111111,0.0,0.0,0.0,0.0,0.0,0.25,0.625,0.0,0.0,1.0,0.0,0.0,0.0,0.0,0.0,0.0,1.0,0.0,1.0,0.0,1.0,0.0,0.0,0.0,0.0,0.0,0.0,1.0,1.0,1.0,0.0,1.0,0.0
1.0,1.0,0.8518518518518519,0.9629629629629629,0.9629629629629629,0.9629629629629629,0.0,0.0,0.0,0.0,0.0,1.0,0.5,0.0,1.0,0.0,0.0,0.0,0.0,0.0,1.0,0.0,0.0,0.0,0.0,0.0,0.0,0.0,1.0,0.0,0.43478260869565216,0.43478260869565216,0.17391304347826086,1.0,1.0,1.0,1.0,0.0,0.0
1.0,0.8518518518518519,0.8148148148148148,0.9629629629629629,0.9629629629629629,0.9629629629629629,0.0,0.0,1.0,0.0,0.0,0.25,0.9375,0.0,0.0,0.0,1.0,0.0,0.0,0.0,0.0,0.0,0.0,0.0,0.0,0.0,0.0,0.0,0.0,0.0,0.45454545454545453,0.45454545454545453,0.13636363636363635,1.0,1.0,1.0,1.0,0.0,0.0
0.0,0.9629629629629629,0.9259259259259259,0.8148148148148148,0.8148148148148148,0.8148148148148148,1.0,0.25,1.0,0.0,0.0,0.25,0.875,0.0,0.0,0.0,0.0,0.0,0.0,0.0,0.0,0.0,0.0,0.0,0.0,0.0,0.0,0.0,0.0,0.0,0.48,0.4,0.32,1.0,1.0,1.0,1.0,0.0,0.0
1.0,0.8148148148148148,0.7777777777777778,0.9259259259259259,0.9259259259259259,0.9259259259259259,1.0,0.25,1.0,0.0,0.0,0.25,0.8125,0.0,0.0,0.0,0.0,0.0,0.0,0.0,0.0,0.0,0.0,0.0,0.0,0.0,0.0,0.0,0.0,0.0,0.42857142857142855,0.47619047619047616,0.09523809523809523,1.0,1.0,1.0,1.0,0.0,0.0
0.0,0.9259259259259259,0.8888888888888888,0.7777777777777778,0.7777777777777778,0.7777777777777778,1.0,0.25,1.0,0.0,0.0,0.25,0.4375,1.0,0.0,0.0,0.0,0.0,0.0,0.0,0.0,0.0,0.0,0.0,0.0,0.0,0.0,0.0,0.0,1.0,0.5,0.375,0.3333333333333333,1.0,1.0,1.0,1.0,0.0,0.0
1.0,0.8148148148148148,0.8148148148148148,0.8518518518518519,0.8518518518518519,0.8518518518518519,1.0,0.25,1.0,1.0,1.0,0.0,0.0,0.0,0.0,0.0,0.0,0.0,0.0,0.0,0.0,0.0,0.0,0.0,0.0,0.0,0.0,0.0,0.0,0.0,0.4090909090909091,0.5,0.09090909090909091,1.0,1.0,1.0,1.0,0.0,0.0
0.0,0.8518518518518519,0.7037037037037037,0.8148148148148148,0.8148148148148148,0.8148148148148148,0.0,0.0,1.0,0.0,0.0,1.0,0.9375,0.0,0.0,0.0,1.0,0.0,0.0,0.0,0.0,1.0,0.0,0.0,0.0,0.0,0.0,0.0,0.0,0.0,0.5263157894736842,0.42105263157894735,0.2631578947368421,1.0,1.0,1.0,1.0,0.0,0.0
1.0,0.8148148148148148,0.8148148148148148,0.7037037037037037,0.7037037037037037,0.7037037037037037,1.0,1.0,1.0,0.0,1.0,0.0,0.0,0.0,0.0,0.0,0.0,0.0,0.0,0.0,0.0,0.0,0.0,0.0,0.0,0.0,0.0,0.0,0.0,0.0,0.4090909090909091,0.5,0.09090909090909091,1.0,1.0,1.0,1.0,0.0,0.0
0.0,0.7037037037037037,0.5925925925925926,0.8148148148148148,0.8148148148148148,0.8148148148148148,0.0,0.0,1.0,0.0,0.0,0.75,0.4375,1.0,0.0,0.0,0.0,0.0,0.0,1.0,0.0,0.0,0.0,0.0,0.0,0.0,0.0,0.0,0.0,1.0,0.5625,0.3125,0.3125,1.0,1.0,1.0,1.0,0.0,0.0
1.0,0.9259259259259259,0.8148148148148148,0.48148148148148145,0.48148148148148145,0.48148148148148145,1.0,0.75,1.0,0.0,0.0,0.75,0.3125,0.0,0.0,0.0,0.0,0.0,0.0,1.0,0.0,0.0,0.0,0.0,0.0,0.0,0.0,0.0,0.0,0.0,0.4090909090909091,0.5,0.09090909090909091,1.0,1.0,1.0,1.0,0.0,0.0
0.0,0.48148148148148145,0.48148148148148145,0.8148148148148148,0.8148148148148148,0.8148148148148148,1.0,0.75,1.0,0.0,1.0,0.0,0.0,0.0,0.0,0.0,0.0,0.0,0.0,0.0,0.0,0.0,0.0,0.0,0.0,0.0,0.0,0.0,0.0,0.0,0.6153846153846154,0.15384615384615385,0.38461538461538464,1.0,1.0,1.0,1.0,0.0,0.0
1.0,0.8148148148148148,0.6666666666666666,0.48148148148148145,0.48148148148148145,0.48148148148148145,0.0,0.0,1.0,0.0,0.0,1.0,0.375,0.0,0.0,0.0,0.0,0.0,0.0,0.0,0.0,1.0,0.0,0.0,0.0,0.0,0.0,0.0,0.0,0.0,0.4444444444444444,0.3888888888888889,0.1111111111111111,1.0,1.0,1.0,1.0,0.0,0.0
0.0,0.48148148148148145,0.48148148148148145,0.6666666666666666,0.6666666666666666,0.6666666666666666,1.0,1.0,1.0,0.0,1.0,0.0,0.0,0.0,0.0,0.0,0.0,0.0,0.0,0.0,0.0,0.0,0.0,0.0,0.0,0.0,0.0,0.0,0.0,0.0,0.6153846153846154,0.15384615384615385,0.38461538461538464,1.0,1.0,1.0,1.0,0.0,0.0
1.0,0.6666666666666666,0.5555555555555556,0.48148148148148145,0.48148148148148145,0.48148148148148145,0.0,0.0,1.0,0.0,0.0,0.75,0.625,0.0,0.0,1.0,0.0,0.0,0.0,1.0,0.0,0.0,0.0,0.0,0.0,0.0,0.0,0.0,0.0,0.0,0.4666666666666667,0.4666666666666667,0.13333333333333333,1.0,1.0,1.0,1.0,0.0,0.0
0.0,0.48148148148148145,0.48148148148148145,0.5555555555555556,0.5555555555555556,0.5555555555555556,1.0,0.75,1.0,0.0,1.0,0.0,0.0,0.0,0.0,0.0,0.0,0.0,0.0,0.0,0.0,0.0,0.0,0.0,0.0,0.0,0.0,0.0,0.0,0.0,0.6153846153846154,0.15384615384615385,0.38461538461538464,1.0,1.0,1.0,1.0,0.0,0.0
1.0,0.5555555555555556,0.5185185185185185,0.48148148148148145,0.48148148148148145,0.48148148148148145,0.0,0.0,1.0,0.0,0.0,0.25,0.9375,0.0,0.0,0.0,1.0,0.0,0.0,0.0,0.0,0.0,0.0,0.0,0.0,0.0,0.0,0.0,0.0,0.0,0.5,0.5,0.07142857142857142,1.0,1.0,1.0,1.0,0.0,0.0
0.0,0.48148148148148145,0.4444444444444444,0.5185185185185185,0.5185185185185185,0.5185185185185185,1.0,0.25,1.0,0.0,0.0,0.25,0.875,0.0,0.0,0.0,0.0,0.0,0.0,0.0,0.0,0.0,0.0,0.0,0.0,0.0,0.0,0.0,0.0,0.0,0.6666666666666666,0.16666666666666666,0.3333333333333333,1.0,1.0,1.0,1.0,0.0,0.0
1.0,0.5185185185185185,0.48148148148148145,0.4444444444444444,0.4444444444444444,0.4444444444444444,1.0,0.25,1.0,1.0,0.0,0.25,0.6875,0.0,0.0,0.0,0.0,0.0,0.0,0.0,0.0,0.0,0.0,0.0,0.0,0.0,0.0,0.0,0.0,0.0,0.5384615384615384,0.5384615384615384,0.07692307692307693,1.0,1.0,1.0,1.0,0.0,0.0
0.0,0.4444444444444444,0.4074074074074074,0.48148148148148145,0.48148148148148145,0.48148148148148145,1.0,0.25,1.0,1.0,0.0,0.25,0.625,0.0,0.0,1.0,0.0,0.0,0.0,0.0,0.0,0.0,0.0,0.0,0.0,0.0,0.0,0.0,0.0,0.0,0.6363636363636364,0.18181818181818182,0.36363636363636365,1.0,1.0,1.0,1.0,0.0,0.0
1.0,0.48148148148148145,0.4444444444444444,0.4074074074074074,0.4074074074074074,0.4074074074074074,1.0,0.25,1.0,1.0,0.0,0.25,0.25,0.0,0.0,0.0,0.0,0.0,0.0,0.0,0.0,0.0,0.0,0.0,0.0,0.0,0.0,0.0,0.0,0.0,0.5833333333333334,0.5,0.08333333333333333,1.0,1.0,1.0,1.0,0.0,0.0
0.0,0.4074074074074074,0.37037037037037035,0.4444444444444444,0.4444444444444444,0.4444444444444444,1.0,0.25,1.0,1.0,0.0,0.25,1.0,0.0,0.0,0.0,0.0,1.0,0.0,0.0,0.0,0.0,0.0,0.0,0.0,0.0,0.0,0.0,0.0,0.0,0.6,0.2,0.3,1.0,1.0,1.0,1.0,0.0,0.0
1.0,0.4444444444444444,0.4444444444444444,0.37037037037037035,0.37037037037037035,0.37037037037037035,1.0,0.25,1.0,1.0,1.0,0.0,0.0,0.0,0.0,0.0,0.0,0.0,0.0,0.0,0.0,0.0,0.0,0.0,0.0,0.0,0.0,0.0,0.0,0.0,0.5833333333333334,0.5,0.08333333333333333,1.0,1.0,1.0,1.0,0.0,0.0
0.0,0.37037037037037035,0.3333333333333333,0.4444444444444444,0.4444444444444444,0.4444444444444444,0.0,0.0,1.0,0.0,0.0,0.25,0.5625,0.0,0.0,0.0,0.0,0.0,0.0,0.0,0.0,0.0,0.0,0.0,0.0,0.0,0.0,0.0,0.0,0.0,0.6666666666666666,0.2222222222222222,0.3333333333333333,1.0,1.0,1.0,1.0,0.0,0.0
1.0,0.4444444444444444,0.4074074074074074,0.3333333333333333,0.3333333333333333,0.3333333333333333,1.0,0.25,1.0,0.0,0.0,0.25,0.375,0.0,0.0,0.0,0.0,0.0,0.0,0.0,0.0,0.0,0.0,0.0,0.0,0.0,0.0,0.0,0.0,0.0,0.5454545454545454,0.45454545454545453,0.09090909090909091,1.0,1.0,1.0,1.0,0.0,0.0
0.0,0.3333333333333333,0.3333333333333333,0.4074074074074074,0.4074074074074074,0.4074074074074074,1.0,0.25,1.0,0.0,1.0,0.0,0.0,0.0,0.0,0.0,0.0,0.0,0.0,0.0,0.0,0.0,0.0,0.0,0.0,0.0,0.0,0.0,0.0,0.0,0.6666666666666666,0.2222222222222222,0.3333333333333333,1.0,1.0,1.0,1.0,0.0,0.0
1.0,0.4074074074074074,0.2962962962962963,0.3333333333333333,0.3333333333333333,0.3333333333333333,0.0,0.0,1.0,0.0,0.0,0.75,0.1875,0.0,0.0,0.0,0.0,0.0,0.0,1.0,0.0,0.0,0.0,0.0,0.0,0.0,0.0,0.0,0.0,0.0,0.625,0.25,0.125,1.0,1.0,1.0,1.0,0.0,0.0
0.0,0.3333333333333333,0.3333333333333333,0.2962962962962963,0.2962962962962963,0.2962962962962963,1.0,0.75,1.0,0.0,1.0,0.0,0.0,0.0,0.0,0.0,0.0,0.0,0.0,0.0,0.0,0.0,0.0,0.0,0.0,0.0,0.0,0.0,0.0,0.0,0.6666666666666666,0.2222222222222222,0.3333333333333333,1.0,1.0,1.0,1.0,0.0,0.0
1.0,0.2962962962962963,0.25925925925925924,0.3333333333333333,0.3333333333333333,0.3333333333333333,0.0,0.0,1.0,0.0,0.0,0.25,0.25,0.0,0.0,0.0,0.0,0.0,0.0,0.0,0.0,0.0,0.0,0.0,0.0,0.0,0.0,0.0,0.0,0.0,0.7142857142857143,0.14285714285714285,0.14285714285714285,1.0,1.0,1.0,1.0,0.0,0.0
0.0,0.3333333333333333,0.3333333333333333,0.25925925925925924,0.25925925925925924,0.25925925925925924,1.0,0.25,1.0,0.0,1.0,0.0,0.0,0.0,0.0,0.0,0.0,0.0,0.0,0.0,0.0,0.0,0.0,0.0,0.0,0.0,0.0,0.0,0.0,0.0,0.6666666666666666,0.2222222222222222,0.3333333333333333,1.0,1.0,1.0,1.0,0.0,0.0
1.0,0.25925925925925924,0.18518518518518517,0.3333333333333333,0.3333333333333333,0.3333333333333333,0.0,0.0,1.0,0.0,0.0,0.5,0.75,0.0,0.0,0.0,0.0,0.0,1.0,0.0,0.0,0.0,0.0,0.0,0.0,0.0,0.0,0.0,0.0,0.0,0.8,0.2,0.2,1.0,1.0,1.0,1.0,0.0,0.0
0.0,0.3333333333333333,0.25925925925925924,0.18518518518518517,0.18518518518518517,0.18518518518518517,1.0,0.5,1.0,0.0,0.0,0.5,0.6875,0.0,0.0,0.0,0.0,0.0,1.0,0.0,0.0,0.0,0.0,0.0,0.0,0.0,0.0,0.0,0.0,0.0,0.7142857142857143,0.2857142857142857,0.42857142857142855,1.0,1.0,1.0,1.0,0.0,0.0
1.0,0.18518518518518517,0.1111111111111111,0.25925925925925924,0.25925925925925924,0.25925925925925924,1.0,0.5,1.0,0.0,0.0,0.5,0.5625,0.0,0.0,0.0,0.0,0.0,1.0,0.0,0.0,0.0,0.0,0.0,0.0,0.0,0.0,0.0,0.0,0.0,1.0,0.3333333333333333,0.3333333333333333,1.0,1.0,1.0,1.0,0.0,0.0
0.0,0.25925925925925924,0.18518518518518517,0.1111111111111111,0.1111111111111111,0.1111111111111111,1.0,0.5,1.0,0.0,0.0,0.5,0.375,0.0,0.0,0.0,0.0,0.0,1.0,0.0,0.0,0.0,0.0,0.0,0.0,0.0,0.0,0.0,0.0,0.0,0.8,0.0,0.6,1.0,1.0,1.0,1.0,0.0,0.0
1.0,0.1111111111111111,0.1111111111111111,0.18518518518518517,0.18518518518518517,0.18518518518518517,1.0,0.5,1.0,0.0,1.0,0.0,0.0,0.0,0.0,0.0,0.0,0.0,0.0,0.0,0.0,0.0,0.0,0.0,0.0,0.0,0.0,0.0,0.0,0.0,1.0,0.3333333333333333,0.3333333333333333,1.0,1.0,1.0,1.0,0.0,0.0
0.0,0.18518518518518517,0.1111111111111111,0.1111111111111111,0.1111111111111111,0.1111111111111111,0.0,0.0,1.0,0.0,0.0,0.5,0.8125,0.0,0.0,0.0,0.0,0.0,1.0,0.0,0.0,0.0,0.0,0.0,0.0,0.0,0.0,0.0,0.0,0.0,1.0,0.0,0.3333333333333333,1.0,1.0,1.0,1.0,0.0,0.0
1.0,0.1111111111111111,0.1111111111111111,0.1111111111111111,0.1111111111111111,0.1111111111111111,1.0,0.5,1.0,0.0,1.0,0.0,0.0,0.0,0.0,0.0,0.0,0.0,0.0,0.0,0.0,0.0,0.0,0.0,0.0,0.0,0.0,0.0,0.0,0.0,1.0,0.3333333333333333,0.3333333333333333,1.0,1.0,1.0,1.0,0.0,0.0
0.0,0.1111111111111111,0.07407407407407407,0.1111111111111111,0.1111111111111111,0.1111111111111111,0.0,0.0,1.0,0.0,0.0,0.25,0.875,0.0,0.0,0.0,0.0,0.0,0.0,0.0,0.0,0.0,0.0,0.0,0.0,0.0,0.0,0.0,0.0,0.0,1.0,0.0,0.0,1.0,1.0,1.0,1.0,0.0,0.0
1.0,0.1111111111111111,0.07407407407407407,0.07407407407407407,0.07407407407407407,0.07407407407407407,1.0,0.25,1.0,0.0,0.0,0.25,0.6875,0.0,0.0,0.0,0.0,0.0,0.0,0.0,0.0,0.0,0.0,0.0,0.0,0.0,0.0,1.0,0.0,0.0,1.0,0.5,0.5,1.0,1.0,1.0,1.0,0.0,0.0
0.0,0.07407407407407407,0.037037037037037035,0.07407407407407407,0.07407407407407407,0.07407407407407407,1.0,0.25,1.0,0.0,0.0,0.25,0.5625,0.0,0.0,0.0,0.0,0.0,0.0,0.0,0.0,0.0,0.0,0.0,0.0,0.0,0.0,1.0,0.0,0.0,1.0,0.0,0.0,1.0,1.0,1.0,1.0,0.0,0.0
1.0,0.07407407407407407,0.037037037037037035,0.037037037037037035,0.037037037037037035,0.037037037037037035,1.0,0.25,1.0,0.0,0.0,0.25,0.25,0.0,0.0,0.0,0.0,0.0,0.0,0.0,0.0,0.0,0.0,0.0,0.0,0.0,0.0,1.0,0.0,0.0,1.0,0.0,1.0,1.0,1.0,1.0,1.0,0.0,0.0
0.0,0.037037037037037035,0.037037037037037035,0.037037037037037035,0.037037037037037035,0.037037037037037035,1.0,0.25,1.0,0.0,1.0,0.0,0.0,0.0,0.0,0.0,0.0,0.0,0.0,0.0,0.0,0.0,0.0,0.0,0.0,0.0,0.0,1.0,0.0,0.0,1.0,0.0,0.0,1.0,1.0,1.0,1.0,0.0,0.0
1.0,0.037037037037037035,0.0,0.037037037037037035,0.037037037037037035,0.037037037037037035,0.0,0.0,1.0,0.0,0.0,0.25,0.9375,0.0,0.0,0.0,1.0,0.0,0.0,0.0,0.0,0.0,1.0,0.0,0.0,0.0,0.0,1.0,0.0,0.0,0.0,0.0,0.0,1.0,1.0,1.0,1.0,0.0,0.0
0.6666666666666666,0.48148148148148145,0.4074074074074074,0.48148148148148145,0.5061728395061729,0.5185185185185185,0.0,0.0,0.0,0.0,0.0,0.5,0.1875,0.0,0.0,0.0,0.0,0.0,1.0,0.0,0.0,0.0,0.0,1.0,0.0,0.0,0.0,0.0,0.0,0.0,0.9090909090909091,0.36363636363636365,0.2727272727272727,1.0,1.0,1.0,1.0,1.0,0.0
1.0,0.48148148148148145,0.4074074074074074,0.4074074074074074,0.48148148148148145,0.5185185185185185,1.0,0.5,0.0,0.0,0.0,0.5,0.375,0.0,0.0,0.0,0.0,0.0,1.0,0.0,0.0,0.0,0.0,0.0,0.0,0.0,0.0,0.0,0.0,0.0,0.6363636363636364,0.2727272727272727,0.45454545454545453,1.0,1.0,1.0,1.0,1.0,0.0
0.0,0.5185185185185185,0.4444444444444444,0.4074074074074074,0.4444444444444444,0.5185185185185185,1.0,0.5,0.0,0.0,0.0,0.5,0.4375,1.0,0.0,0.0,0.0,0.0,1.0,0.0,0.0,0.0,0.0,1.0,0.0,0.0,0.0,0.0,0.0,1.0,0.8333333333333334,0.4166666666666667,0.25,1.0,1.0,1.0,1.0,1.0,0.0
0.3333333333333333,0.5925925925925926,0.5185185185185185,0.37037037037037035,0.3950617283950617,0.4074074074074074,1.0,0.5,0.0,0.0,0.0,0.5,0.75,0.0,0.0,0.0,0.0,0.0,1.0,0.0,0.0,0.0,0.0,1.0,0.0,0.0,0.0,0.0,0.0,0.0,0.7142857142857143,0.5714285714285714,0.21428571428571427,1.0,1.0,1.0,1.0,1.0,0.0
0.6666666666666666,0.4074074074074074,0.4074074074074074,0.37037037037037035,0.43209876543209874,0.5185185185185185,1.0,0.5,0.0,0.0,1.0,0.0,0.0,0.0,0.0,0.0,0.0,0.0,0.0,0.0,0.0,0.0,0.0,1.0,0.0,0.0,0.0,0.0,0.0,0.0,0.9090909090909091,0.36363636363636365,0.2727272727272727,1.0,1.0,1.0,1.0,1.0,0.0
1.0,0.4074074074074074,0.3333333333333333,0.37037037037037035,0.43209876543209874,0.5185185185185185,1.0,0.5,0.0,0.0,0.0,0.5,0.8125,0.0,0.0,0.0,0.0,0.0,1.0,0.0,0.0,0.0,0.0,0.0,0.0,0.0,0.0,0.0,0.0,0.0,0.6666666666666666,0.3333333333333333,0.3333333333333333,1.0,1.0,1.0,1.0,1.0,0.0
0.0,0.37037037037037035,0.2962962962962963,0.3333333333333333,0.4197530864197531,0.5185185185185185,1.0,0.5,0.0,0.0,0.0,0.5,0.875,0.0,0.0,0.0,0.0,0.0,1.0,0.0,0.0,0.0,0.0,1.0,0.0,0.0,0.0,0.0,0.0,0.0,1.0,0.375,0.125,1.0,1.0,1.0,1.0,1.0,0.0
0.3333333333333333,0.5185185185185185,0.5185185185185185,0.2962962962962963,0.34567901234567905,0.4074074074074074,1.0,0.5,0.0,0.0,1.0,0.0,0.0,0.0,0.0,0.0,0.0,0.0,0.0,0.0,0.0,0.0,0.0,1.0,0.0,0.0,0.0,0.0,0.0,0.0,0.7142857142857143,0.5714285714285714,0.21428571428571427,1.0,1.0,1.0,1.0,1.0,0.0
1.0,0.3333333333333333,0.25925925925925924,0.2962962962962963,0.4074074074074074,0.5185185185185185,1.0,0.5,0.0,0.0,0.0,0.5,0.9375,0.0,0.0,0.0,1.0,0.0,1.0,0.0,0.0,0.0,0.0,0.0,0.0,0.0,0.0,0.0,0.0,0.0,0.7142857142857143,0.42857142857142855,0.14285714285714285,1.0,1.0,1.0,1.0,1.0,0.0
0.0,0.2962962962962963,0.2962962962962963,0.25925925925925924,0.3950617283950617,0.5185185185185185,1.0,0.5,0.0,0.0,1.0,0.0,0.0,0.0,0.0,0.0,0.0,0.0,0.0,0.0,0.0,0.0,0.0,1.0,0.0,0.0,0.0,0.0,0.0,0.0,1.0,0.375,0.125,1.0,1.0,1.0,1.0,1.0,0.0
1.0,0.25925925925925924,0.2222222222222222,0.2962962962962963,0.4074074074074074,0.5185185185185185,0.0,0.0,0.0,0.0,0.0,0.25,0.5625,0.0,0.0,0.0,0.0,0.0,0.0,0.0,0.0,0.0,0.0,0.0,0.0,0.0,0.0,0.0,0.0,0.0,0.8333333333333334,0.5,0.16666666666666666,1.0,1.0,1.0,1.0,1.0,0.0
0.0,0.2962962962962963,0.25925925925925924,0.2222222222222222,0.3827160493827161,0.5185185185185185,1.0,0.25,0.0,0.0,0.0,0.25,0.8125,0.0,0.0,0.0,0.0,0.0,0.0,0.0,0.0,0.0,0.0,1.0,0.0,0.0,0.0,0.0,0.0,0.0,1.0,0.42857142857142855,0.0,1.0,1.0,1.0,1.0,1.0,0.0
0.3333333333333333,0.5185185185185185,0.48148148148148145,0.2222222222222222,0.2962962962962963,0.4074074074074074,1.0,0.25,0.0,0.0,0.0,0.25,0.9375,0.0,0.0,0.0,1.0,0.0,0.0,0.0,0.0,0.0,0.0,1.0,0.0,0.0,0.0,0.0,0.0,0.0,0.6923076923076923,0.6153846153846154,0.15384615384615385,1.0,1.0,1.0,1.0,1.0,0.0
0.6666666666666666,0.4074074074074074,0.37037037037037035,0.2222222222222222,0.32098765432098764,0.48148148148148145,1.0,0.25,0.0,1.0,0.0,0.25,1.0,0.0,0.0,0.0,0.0,1.0,0.0,0.0,0.0,0.0,0.0,1.0,0.0,0.0,0.0,0.0,0.0,0.0,0.9,0.4,0.2,1.0,1.0,1.0,1.0,1.0,0.0
1.0,0.2222222222222222,0.2222222222222222,0.25925925925925924,0.37037037037037035,0.48148148148148145,1.0,0.25,0.0,1.0,1.0,0.0,0.0,0.0,0.0,0.0,0.0,0.0,0.0,0.0,0.0,0.0,0.0,0.0,0.0,0.0,0.0,0.0,0.0,0.0,0.8333333333333334,0.5,0.16666666666666666,1.0,1.0,1.0,1.0,1.0,0.0
0.0,0.25925925925925924,0.25925925925925924,0.2222222222222222,0.35802469135802467,0.48148148148148145,1.0,0.25,0.0,1.0,1.0,0.0,0.0,0.0,0.0,0.0,0.0,0.0,0.0,0.0,0.0,0.0,0.0,1.0,0.0,0.0,0.0,0.0,0.0,0.0,1.0,0.42857142857142855,0.0,1.0,1.0,1.0,1.0,1.0,0.0
0.3333333333333333,0.48148148148148145,0.48148148148148145,0.2222222222222222,0.2839506172839506,0.37037037037037035,1.0,0.25,0.0,1.0,1.0,0.0,0.0,0.0,0.0,0.0,0.0,0.0,0.0,0.0,0.0,0.0,0.0,1.0,0.0,0.0,0.0,0.0,0.0,0.0,0.6923076923076923,0.6153846153846154,0.15384615384615385,1.0,1.0,1.0,1.0,1.0,0.0
0.6666666666666666,0.37037037037037035,0.2962962962962963,0.2222222222222222,0.32098765432098764,0.48148148148148145,0.0,0.0,0.0,0.0,0.0,0.5,0.6875,0.0,0.0,0.0,0.0,0.0,1.0,0.0,0.0,0.0,0.0,1.0,0.0,0.0,0.0,0.0,0.0,0.0,1.0,0.5,0.25,1.0,1.0,1.0,1.0,1.0,0.0
1.0,0.2222222222222222,0.2222222222222222,0.25925925925925924,0.34567901234567905,0.48148148148148145,1.0,0.5,0.0,0.0,1.0,0.0,0.0,0.0,0.0,0.0,0.0,0.0,0.0,0.0,0.0,0.0,0.0,0.0,0.0,0.0,0.0,0.0,0.0,0.0,0.8333333333333334,0.5,0.16666666666666666,1.0,1.0,1.0,1.0,1.0,0.0
0.0,0.25925925925925924,0.25925925925925924,0.2222222222222222,0.3333333333333333,0.48148148148148145,1.0,0.5,0.0,0.0,1.0,0.0,0.0,0.0,0.0,0.0,0.0,0.0,0.0,0.0,0.0,0.0,0.0,1.0,0.0,0.0,0.0,0.0,0.0,0.0,1.0,0.42857142857142855,0.0,1.0,1.0,1.0,1.0,1.0,0.0
0.3333333333333333,0.48148148148148145,0.48148148148148145,0.2222222222222222,0.25925925925925924,0.2962962962962963,1.0,0.5,0.0,0.0,1.0,0.0,0.0,0.0,0.0,0.0,0.0,0.0,0.0,0.0,0.0,0.0,0.0,1.0,0.0,0.0,0.0,0.0,0.0,0.0,0.6923076923076923,0.6153846153846154,0.15384615384615385,1.0,1.0,1.0,1.0,1.0,0.0
0.6666666666666666,0.2962962962962963,0.25925925925925924,0.2222222222222222,0.32098765432098764,0.48148148148148145,0.0,0.0,0.0,0.0,0.0,0.25,0.4375,1.0,0.0,0.0,0.0,0.0,0.0,0.0,0.0,0.0,0.0,1.0,0.0,0.0,0.0,0.0,0.0,1.0,1.0,0.42857142857142855,0.2857142857142857,1.0,1.0,1.0,1.0,1.0,0.0
1.0,0.25925925925925924,0.2222222222222222,0.2222222222222222,0.32098765432098764,0.48148148148148145,1.0,0.25,0.0,0.0,0.0,0.25,0.5,0.0,1.0,0.0,0.0,0.0,0.0,0.0,0.0,0.0,0.0,0.0,0.0,0.0,0.0,0.0,1.0,0.0,0.6666666666666666,0.5,0.16666666666666666,1.0,1.0,1.0,1.0,1.0,0.0
1.0,0.2222222222222222,0.14814814814814814,0.2222222222222222,0.32098765432098764,0.48148148148148145,0.0,0.0,0.0,0.0,0.0,0.5,0.25,0.0,0.0,0.0,0.0,0.0,1.0,0.0,0.0,0.0,0.0,0.0,0.0,0.0,0.0,0.0,0.0,0.0,0.75,0.25,0.25,1.0,1.0,1.0,1.0,1.0,0.0
0.0,0.25925925925925924,0.25925925925925924,0.14814814814814814,0.2839506172839506,0.48148148148148145,1.0,0.5,0.0,0.0,1.0,0.0,0.0,0.0,0.0,0.0,0.0,0.0,0.0,0.0,0.0,0.0,0.0,1.0,0.0,0.0,0.0,0.0,0.0,0.0,1.0,0.42857142857142855,0.0,1.0,1.0,1.0,1.0,1.0,0.0
0.3333333333333333,0.48148148148148145,0.4074074074074074,0.14814814814814814,0.20987654320987656,0.25925925925925924,1.0,0.5,0.0,0.0,0.0,0.5,0.3125,0.0,0.0,0.0,0.0,0.0,1.0,0.0,0.0,0.0,0.0,1.0,0.0,0.0,0.0,0.0,0.0,0.0,0.7272727272727273,0.5454545454545454,0.18181818181818182,1.0,1.0,1.0,1.0,1.0,0.0
0.6666666666666666,0.2222222222222222,0.2222222222222222,0.14814814814814814,0.2716049382716049,0.4074074074074074,1.0,0.5,0.0,0.0,1.0,0.0,0.0,0.0,0.0,0.0,0.0,0.0,0.0,0.0,0.0,0.0,0.0,1.0,0.0,0.0,0.0,0.0,0.0,0.0,1.0,0.3333333333333333,0.3333333333333333,1.0,1.0,1.0,1.0,1.0,0.0
1.0,0.14814814814814814,0.07407407407407407,0.2222222222222222,0.2962962962962963,0.4074074074074074,1.0,0.5,0.0,0.0,0.0,0.5,0.5625,0.0,0.0,0.0,0.0,0.0,1.0,0.0,0.0,0.0,0.0,0.0,0.0,0.0,0.0,0.0,0.0,0.0,1.0,0.5,0.5,1.0,1.0,1.0,1.0,1.0,0.0
0.3333333333333333,0.4074074074074074,0.4074074074074074,0.07407407407407407,0.18518518518518517,0.25925925925925924,1.0,0.5,0.0,0.0,1.0,0.0,0.0,0.0,0.0,0.0,0.0,0.0,0.0,0.0,0.0,0.0,0.0,1.0,0.0,0.0,0.0,1.0,0.0,0.0,0.7272727272727273,0.5454545454545454,0.18181818181818182,1.0,1.0,1.0,1.0,1.0,0.0
1.0,0.07407407407407407,0.037037037037037035,0.2222222222222222,0.2962962962962963,0.4074074074074074,0.0,0.0,0.0,0.0,0.0,0.25,0.3125,0.0,0.0,0.0,0.0,0.0,0.0,0.0,0.0,0.0,0.0,0.0,0.0,0.0,0.0,0.0,0.0,0.0,1.0,0.0,1.0,1.0,1.0,1.0,1.0,1.0,0.0
0.0,0.25925925925925924,0.2222222222222222,0.037037037037037035,0.2222222222222222,0.4074074074074074,1.0,0.25,0.0,0.0,0.0,0.25,0.75,0.0,0.0,0.0,0.0,0.0,0.0,0.0,0.0,0.0,0.0,1.0,0.0,0.0,0.0,1.0,0.0,0.0,1.0,0.5,0.0,1.0,1.0,1.0,1.0,1.0,0.0
0.3333333333333333,0.4074074074074074,0.37037037037037035,0.037037037037037035,0.16049382716049382,0.2222222222222222,1.0,0.25,0.0,1.0,0.0,0.25,0.8125,0.0,0.0,0.0,0.0,0.0,0.0,0.0,0.0,0.0,0.0,1.0,0.0,0.0,0.0,1.0,0.0,0.0,0.7,0.6,0.1,1.0,1.0,1.0,1.0,1.0,0.0
0.6666666666666666,0.2222222222222222,0.2222222222222222,0.037037037037037035,0.20987654320987656,0.37037037037037035,1.0,0.25,0.0,1.0,1.0,0.0,0.0,0.0,0.0,0.0,0.0,0.0,0.0,0.0,0.0,0.0,0.0,1.0,0.0,0.0,0.0,1.0,0.0,0.0,1.0,0.3333333333333333,0.3333333333333333,1.0,1.0,1.0,1.0,1.0,0.0
1.0,0.037037037037037035,0.0,0.2222222222222222,0.2716049382716049,0.37037037037037035,1.0,0.25,0.0,1.0,0.0,0.25,0.875,0.0,0.0,0.0,0.0,0.0,0.0,0.0,0.0,0.0,1.0,0.0,0.0,0.0,0.0,0.0,0.0,0.0,0.0,0.0,0.0,1.0,1.0,1.0,1.0,1.0,0.0
0.0,0.2222222222222222,0.2222222222222222,0.2222222222222222,0.2962962962962963,0.37037037037037035,1.0,0.25,0.0,1.0,1.0,0.0,0.0,0.0,0.0,0.0,0.0,0.0,0.0,0.0,0.0,0.0,0.0,1.0,0.0,0.0,0.0,0.0,0.0,0.0,1.0,0.5,0.0,1.0,1.0,1.0,1.0,1.0,0.0
0.3333333333333333,0.37037037037037035,0.3333333333333333,0.2222222222222222,0.2222222222222222,0.2222222222222222,1.0,0.25,0.0,1.0,0.0,0.25,1.0,0.0,0.0,0.0,0.0,1.0,0.0,0.0,0.0,0.0,0.0,1.0,0.0,0.0,0.0,0.0,0.0,0.0,0.6666666666666666,0.6666666666666666,0.0,1.0,1.0,1.0,1.0,1.0,0.0
0.3333333333333333,0.3333333333333333,0.25925925925925924,0.2222222222222222,0.2222222222222222,0.2222222222222222,0.0,0.0,0.0,0.0,0.0,0.5,0.1875,0.0,0.0,0.0,0.0,0.0,1.0,0.0,0.0,0.0,0.0,1.0,0.0,0.0,0.0,0.0,0.0,0.0,0.7142857142857143,0.5714285714285714,0.0,1.0,1.0,1.0,1.0,1.0,0.0
0.6666666666666666,0.2222222222222222,0.2222222222222222,0.2222222222222222,0.24074074074074073,0.25925925925925924,1.0,0.5,0.0,0.0,1.0,0.0,0.0,0.0,0.0,0.0,0.0,0.0,0.0,0.0,0.0,0.0,0.0,1.0,0.0,0.0,0.0,0.0,0.0,0.0,1.0,0.3333333333333333,0.3333333333333333,1.0,1.0,1.0,1.0,1.0,0.0
0.0,0.2222222222222222,0.2222222222222222,0.2222222222222222,0.24074074074074073,0.25925925925925924,1.0,0.5,0.0,0.0,1.0,0.0,0.0,0.0,0.0,0.0,0.0,0.0,0.0,0.0,0.0,0.0,0.0,1.0,0.0,0.0,0.0,0.0,0.0,0.0,1.0,0.5,0.0,1.0,1.0,1.0,1.0,1.0,0.0
0.3333333333333333,0.25925925925925924,0.18518518518518517,0.2222222222222222,0.2222222222222222,0.2222222222222222,0.0,0.0,0.0,0.0,0.0,0.5,0.25,0.0,0.0,0.0,0.0,0.0,1.0,0.0,0.0,0.0,0.0,1.0,0.0,0.0,0.0,0.0,0.0,0.0,0.8,0.4,0.0,1.0,1.0,1.0,1.0,1.0,0.0
0.6666666666666666,0.2222222222222222,0.2222222222222222,0.18518518518518517,0.2037037037037037,0.2222222222222222,1.0,0.5,0.0,0.0,1.0,0.0,0.0,0.0,0.0,0.0,0.0,0.0,0.0,0.0,0.0,0.0,0.0,1.0,0.0,0.0,0.0,0.0,0.0,0.0,1.0,0.3333333333333333,0.3333333333333333,1.0,1.0,1.0,1.0,1.0,0.0
0.0,0.2222222222222222,0.2222222222222222,0.18518518518518517,0.2037037037037037,0.2222222222222222,1.0,0.5,0.0,0.0,1.0,0.0,0.0,0.0,0.0,0.0,0.0,0.0,0.0,0.0,0.0,0.0,0.0,1.0,0.0,0.0,0.0,0.0,0.0,0.0,1.0,0.5,0.0,1.0,1.0,1.0,1.0,1.0,0.0
0.3333333333333333,0.18518518518518517,0.14814814814814814,0.2222222222222222,0.2222222222222222,0.2222222222222222,0.0,0.0,0.0,0.0,0.0,0.25,0.4375,1.0,0.0,0.0,0.0,0.0,0.0,0.0,0.0,0.0,0.0,1.0,0.0,0.0,0.0,0.0,0.0,1.0,0.75,0.25,0.0,1.0,1.0,1.0,1.0,1.0,0.0
0.6666666666666666,0.25925925925925924,0.2222222222222222,0.1111111111111111,0.16666666666666666,0.2222222222222222,1.0,0.25,0.0,0.0,0.0,0.25,0.625,0.0,0.0,1.0,0.0,0.0,0.0,0.0,0.0,0.0,0.0,1.0,0.0,0.0,0.0,0.0,0.0,0.0,1.0,0.3333333333333333,0.3333333333333333,1.0,1.0,1.0,1.0,1.0,0.0
0.0,0.2222222222222222,0.2222222222222222,0.1111111111111111,0.16666666666666666,0.2222222222222222,1.0,0.25,0.0,1.0,1.0,0.0,0.0,0.0,0.0,0.0,0.0,0.0,0.0,0.0,0.0,0.0,0.0,1.0,0.0,0.0,0.0,0.0,0.0,0.0,1.0,0.5,0.0,1.0,1.0,1.0,1.0,1.0,0.0
0.3333333333333333,0.1111111111111111,0.1111111111111111,0.2222222222222222,0.2222222222222222,0.2222222222222222,1.0,0.25,0.0,1.0,1.0,0.0,0.0,0.0,0.0,0.0,0.0,0.0,0.0,0.0,0.0,0.0,0.0,1.0,0.0,0.0,0.0,0.0,0.0,0.0,1.0,0.3333333333333333,0.0,1.0,1.0,1.0,1.0,1.0,0.0
0.6666666666666666,0.2222222222222222,0.18518518518518517,0.1111111111111111,0.16666666666666666,0.2222222222222222,0.0,0.0,0.0,0.0,0.0,0.25,0.875,0.0,0.0,0.0,0.0,0.0,0.0,0.0,0.0,0.0,0.0,1.0,0.0,0.0,0.0,0.0,0.0,0.0,1.0,0.4,0.2,1.0,1.0,1.0,1.0,1.0,0.0
0.0,0.2222222222222222,0.2222222222222222,0.1111111111111111,0.14814814814814814,0.18518518518518517,1.0,0.25,0.0,0.0,1.0,0.0,0.0,0.0,0.0,0.0,0.0,0.0,0.0,0.0,0.0,0.0,0.0,1.0,0.0,0.0,0.0,0.0,0.0,0.0,1.0,0.5,0.0,1.0,1.0,1.0,1.0,1.0,0.0
0.3333333333333333,0.1111111111111111,0.1111111111111111,0.18518518518518517,0.2037037037037037,0.2222222222222222,1.0,0.25,0.0,0.0,1.0,0.0,0.0,0.0,0.0,0.0,0.0,0.0,0.0,0.0,0.0,0.0,0.0,1.0,0.0,0.0,0.0,0.0,0.0,0.0,1.0,0.3333333333333333,0.0,1.0,1.0,1.0,1.0,1.0,0.0
0.6666666666666666,0.18518518518518517,0.14814814814814814,0.1111111111111111,0.16666666666666666,0.2222222222222222,0.0,0.0,0.0,0.0,0.0,0.25,0.75,0.0,0.0,0.0,0.0,0.0,0.0,0.0,0.0,0.0,0.0,1.0,0.0,0.0,0.0,0.0,0.0,0.0,1.0,0.5,0.25,1.0,1.0,1.0,1.0,1.0,0.0
0.0,0.2222222222222222,0.2222222222222222,0.1111111111111111,0.12962962962962962,0.14814814814814814,1.0,0.25,0.0,0.0,1.0,0.0,0.0,0.0,0.0,0.0,0.0,0.0,0.0,0.0,0.0,0.0,0.0,1.0,0.0,0.0,0.0,0.0,0.0,0.0,1.0,0.5,0.0,1.0,1.0,1.0,1.0,1.0,0.0
0.3333333333333333,0.1111111111111111,0.1111111111111111,0.14814814814814814,0.18518518518518517,0.2222222222222222,1.0,0.25,0.0,0.0,1.0,0.0,0.0,0.0,0.0,0.0,0.0,0.0,0.0,0.0,0.0,0.0,0.0,1.0,0.0,0.0,0.0,0.0,0.0,0.0,1.0,0.3333333333333333,0.0,1.0,1.0,1.0,1.0,1.0,0.0
0.6666666666666666,0.14814814814814814,0.1111111111111111,0.1111111111111111,0.16666666666666666,0.2222222222222222,0.0,0.0,0.0,0.0,0.0,0.25,0.375,0.0,0.0,0.0,0.0,0.0,0.0,0.0,0.0,0.0,0.0,1.0,0.0,0.0,0.0,0.0,0.0,0.0,1.0,0.3333333333333333,0.3333333333333333,1.0,1.0,1.0,1.0,1.0,0.0
0.0,0.2222222222222222,0.18518518518518517,0.1111111111111111,0.1111111111111111,0.1111111111111111,1.0,0.25,0.0,0.0,0.0,0.25,0.5625,0.0,0.0,0.0,0.0,0.0,0.0,0.0,0.0,0.0,0.0,1.0,0.0,0.0,0.0,0.0,0.0,0.0,1.0,0.6,0.0,1.0,1.0,1.0,1.0,1.0,0.0
0.3333333333333333,0.1111111111111111,0.1111111111111111,0.1111111111111111,0.14814814814814814,0.18518518518518517,1.0,0.25,0.0,1.0,1.0,0.0,0.0,0.0,0.0,0.0,0.0,0.0,0.0,0.0,0.0,0.0,0.0,1.0,0.0,0.0,0.0,0.0,0.0,0.0,1.0,0.3333333333333333,0.0,1.0,1.0,1.0,1.0,1.0,0.0
0.6666666666666666,0.1111111111111111,0.1111111111111111,0.1111111111111111,0.14814814814814814,0.18518518518518517,1.0,0.25,0.0,1.0,1.0,0.0,0.0,0.0,0.0,0.0,0.0,0.0,0.0,0.0,0.0,0.0,0.0,1.0,0.0,0.0,0.0,0.0,0.0,0.0,1.0,0.3333333333333333,0.3333333333333333,1.0,1.0,1.0,1.0,1.0,0.0
0.0,0.18518518518518517,0.14814814814814814,0.1111111111111111,0.1111111111111111,0.1111111111111111,0.0,0.0,0.0,0.0,0.0,0.25,0.3125,0.0,0.0,0.0,0.0,0.0,0.0,0.0,0.0,0.0,0.0,1.0,0.0,0.0,0.0,0.0,0.0,0.0,1.0,0.5,0.0,1.0,1.0,1.0,1.0,1.0,0.0
0.3333333333333333,0.1111111111111111,0.07407407407407407,0.1111111111111111,0.12962962962962962,0.14814814814814814,1.0,0.25,0.0,0.0,0.0,0.25,0.6875,0.0,0.0,0.0,0.0,0.0,0.0,0.0,0.0,0.0,0.0,1.0,0.0,0.0,0.0,0.0,0.0,0.0,1.0,0.5,0.0,1.0,1.0,1.0,1.0,1.0,0.0
0.6666666666666666,0.1111111111111111,0.07407407407407407,0.07407407407407407,0.1111111111111111,0.14814814814814814,1.0,0.25,0.0,0.0,0.0,0.25,0.9375,0.0,0.0,0.0,1.0,0.0,0.0,0.0,0.0,0.0,0.0,1.0,0.0,0.0,0.0,1.0,0.0,0.0,1.0,0.5,0.0,1.0,1.0,1.0,1.0,1.0,0.0
0.0,0.14814814814814814,0.14814814814814814,0.07407407407407407,0.07407407407407407,0.07407407407407407,1.0,0.25,0.0,0.0,1.0,0.0,0.0,0.0,0.0,0.0,0.0,0.0,0.0,0.0,0.0,0.0,0.0,1.0,0.0,0.0,0.0,1.0,0.0,0.0,1.0,0.5,0.0,1.0,1.0,1.0,1.0,1.0,0.0
0.3333333333333333,0.07407407407407407,0.07407407407407407,0.07407407407407407,0.1111111111111111,0.14814814814814814,1.0,0.25,0.0,0.0,1.0,0.0,0.0,0.0,0.0,0.0,0.0,0.0,0.0,0.0,0.0,0.0,0.0,1.0,0.0,0.0,0.0,1.0,0.0,0.0,1.0,0.5,0.0,1.0,1.0,1.0,1.0,1.0,0.0
0.6666666666666666,0.07407407407407407,0.037037037037037035,0.07407407407407407,0.1111111111111111,0.14814814814814814,0.0,0.0,0.0,0.0,0.0,0.25,0.5,0.0,1.0,0.0,0.0,0.0,0.0,0.0,0.0,0.0,0.0,1.0,0.0,1.0,0.0,1.0,1.0,0.0,1.0,0.0,0.0,1.0,1.0,1.0,1.0,1.0,0.0
0.6666666666666666,0.037037037037037035,0.0,0.07407407407407407,0.1111111111111111,0.14814814814814814,0.0,0.0,0.0,0.0,0.0,0.25,0.625,0.0,0.0,1.0,0.0,0.0,0.0,0.0,0.0,0.0,1.0,0.0,1.0,0.0,1.0,1.0,0.0,0.0,0.0,0.0,0.0,1.0,1.0,1.0,1.0,1.0,0.0
0.0,0.14814814814814814,0.1111111111111111,0.07407407407407407,0.07407407407407407,0.07407407407407407,1.0,0.25,0.0,0.0,0.0,0.25,0.6875,0.0,0.0,0.0,0.0,0.0,0.0,0.0,0.0,0.0,0.0,1.0,0.0,0.0,0.0,1.0,0.0,0.0,1.0,0.6666666666666666,0.0,1.0,1.0,1.0,1.0,1.0,0.0
0.3333333333333333,0.07407407407407407,0.07407407407407407,0.1111111111111111,0.1111111111111111,0.1111111111111111,1.0,0.25,0.0,1.0,1.0,0.0,0.0,0.0,0.0,0.0,0.0,0.0,0.0,0.0,0.0,0.0,0.0,1.0,0.0,0.0,0.0,0.0,0.0,0.0,1.0,0.5,0.0,1.0,1.0,1.0,1.0,1.0,0.0
0.0,0.1111111111111111,0.07407407407407407,0.07407407407407407,0.07407407407407407,0.07407407407407407,0.0,0.0,0.0,0.0,0.0,0.25,0.375,0.0,0.0,0.0,0.0,0.0,0.0,0.0,0.0,0.0,0.0,1.0,0.0,0.0,0.0,1.0,0.0,0.0,1.0,0.5,0.0,1.0,1.0,1.0,1.0,1.0,0.0
0.3333333333333333,0.07407407407407407,0.037037037037037035,0.07407407407407407,0.07407407407407407,0.07407407407407407,1.0,0.25,0.0,0.0,0.0,0.25,0.5,0.0,1.0,0.0,0.0,0.0,0.0,0.0,0.0,0.0,0.0,1.0,0.0,1.0,0.0,1.0,1.0,0.0,1.0,0.0,0.0,1.0,1.0,1.0,1.0,1.0,0.0
0.3333333333333333,0.037037037037037035,0.0,0.07407407407407407,0.07407407407407407,0.07407407407407407,0.0,0.0,0.0,0.0,0.0,0.25,0.625,0.0,0.0,1.0,0.0,0.0,0.0,0.0,0.0,0.0,1.0,0.0,1.0,0.0,1.0,1.0,0.0,0.0,0.0,0.0,0.0,1.0,1.0,1.0,1.0,1.0,0.0
0.6666666666666666,0.5185185185185185,0.4444444444444444,0.48148148148148145,0.4938271604938272,0.5185185185185185,0.0,0.0,0.0,0.0,0.0,0.5,0.1875,0.0,0.0,0.0,0.0,0.0,1.0,0.0,0.0,0.0,0.0,0.0,0.0,0.0,0.0,0.0,0.0,0.0,0.75,0.4166666666666667,0.25,1.0,1.0,1.0,1.0,1.0,0.0
1.0,0.48148148148148145,0.4074074074074074,0.4444444444444444,0.48148148148148145,0.5185185185185185,1.0,0.5,0.0,0.0,0.0,0.5,0.6875,0.0,0.0,0.0,0.0,0.0,1.0,0.0,0.0,0.0,0.0,1.0,0.0,0.0,0.0,0.0,0.0,0.0,0.8181818181818182,0.45454545454545453,0.2727272727272727,1.0,1.0,1.0,1.0,1.0,0.0
0.3333333333333333,0.48148148148148145,0.48148148148148145,0.4074074074074074,0.45679012345679015,0.5185185185185185,1.0,0.5,0.0,0.0,1.0,0.0,0.0,0.0,0.0,0.0,0.0,0.0,0.0,0.0,0.0,0.0,0.0,0.0,0.0,0.0,0.0,0.0,0.0,0.0,0.7692307692307693,0.6153846153846154,0.23076923076923078,1.0,1.0,1.0,1.0,1.0,0.0
0.0,0.5185185185185185,0.4444444444444444,0.4074074074074074,0.4444444444444444,0.48148148148148145,1.0,0.5,0.0,0.0,0.0,0.5,0.875,0.0,0.0,0.0,0.0,0.0,1.0,0.0,0.0,0.0,0.0,1.0,0.0,0.0,0.0,0.0,0.0,0.0,0.75,0.3333333333333333,0.25,1.0,1.0,1.0,1.0,1.0,0.0
0.6666666666666666,0.4444444444444444,0.4444444444444444,0.4074074074074074,0.4444444444444444,0.48148148148148145,1.0,0.5,0.0,0.0,1.0,0.0,0.0,0.0,0.0,0.0,0.0,0.0,0.0,0.0,0.0,0.0,0.0,0.0,0.0,0.0,0.0,0.0,0.0,0.0,0.75,0.4166666666666667,0.25,1.0,1.0,1.0,1.0,1.0,0.0
1.0,0.4074074074074074,0.4074074074074074,0.4444444444444444,0.45679012345679015,0.48148148148148145,1.0,0.5,0.0,0.0,1.0,0.0,0.0,0.0,0.0,0.0,0.0,0.0,0.0,0.0,0.0,0.0,0.0,1.0,0.0,0.0,0.0,0.0,0.0,0.0,0.8181818181818182,0.45454545454545453,0.2727272727272727,1.0,1.0,1.0,1.0,1.0,0.0
0.0,0.4444444444444444,0.37037037037037035,0.4074074074074074,0.4444444444444444,0.48148148148148145,0.0,0.0,0.0,0.0,0.0,0.5,0.625,0.0,0.0,1.0,0.0,0.0,1.0,0.0,0.0,0.0,0.0,1.0,0.0,0.0,0.0,0.0,0.0,0.0,0.9,0.4,0.3,1.0,1.0,1.0,1.0,1.0,0.0
0.6666666666666666,0.4444444444444444,0.4444444444444444,0.37037037037037035,0.4197530864197531,0.48148148148148145,1.0,0.5,0.0,0.0,1.0,0.0,0.0,0.0,0.0,0.0,0.0,0.0,0.0,0.0,0.0,0.0,0.0,0.0,0.0,0.0,0.0,0.0,0.0,0.0,0.75,0.4166666666666667,0.25,1.0,1.0,1.0,1.0,1.0,0.0
1.0,0.4074074074074074,0.3333333333333333,0.37037037037037035,0.43209876543209874,0.48148148148148145,1.0,0.5,0.0,0.0,0.0,0.5,0.75,0.0,0.0,0.0,0.0,0.0,1.0,0.0,0.0,0.0,0.0,1.0,0.0,0.0,0.0,0.0,0.0,0.0,0.8888888888888888,0.5555555555555556,0.3333333333333333,1.0,1.0,1.0,1.0,1.0,0.0
0.3333333333333333,0.48148148148148145,0.48148148148148145,0.3333333333333333,0.3827160493827161,0.4444444444444444,1.0,0.5,0.0,0.0,1.0,0.0,0.0,0.0,0.0,0.0,0.0,0.0,0.0,0.0,0.0,0.0,0.0,0.0,0.0,0.0,0.0,0.0,0.0,0.0,0.7692307692307693,0.6153846153846154,0.23076923076923078,1.0,1.0,1.0,1.0,1.0,0.0
0.0,0.37037037037037035,0.37037037037037035,0.3333333333333333,0.4197530864197531,0.48148148148148145,1.0,0.5,0.0,0.0,1.0,0.0,0.0,0.0,0.0,0.0,0.0,0.0,0.0,0.0,0.0,0.0,0.0,1.0,0.0,0.0,0.0,0.0,0.0,0.0,0.9,0.4,0.3,1.0,1.0,1.0,1.0,1.0,0.0
1.0,0.3333333333333333,0.25925925925925924,0.37037037037037035,0.43209876543209874,0.48148148148148145,0.0,0.0,0.0,0.0,0.0,0.5,0.1875,0.0,0.0,0.0,0.0,0.0,1.0,0.0,0.0,0.0,0.0,1.0,0.0,0.0,0.0,0.0,0.0,0.0,1.0,0.42857142857142855,0.42857142857142855,1.0,1.0,1.0,1.0,1.0,0.0
0.3333333333333333,0.48148148148148145,0.4074074074074074,0.25925925925925924,0.35802469135802467,0.4444444444444444,1.0,0.5,0.0,0.0,0.0,0.5,0.375,0.0,0.0,0.0,0.0,0.0,1.0,0.0,0.0,0.0,0.0,0.0,0.0,0.0,0.0,0.0,0.0,0.0,0.8181818181818182,0.5454545454545454,0.2727272727272727,1.0,1.0,1.0,1.0,1.0,0.0
0.0,0.37037037037037035,0.2962962962962963,0.25925925925925924,0.37037037037037035,0.4444444444444444,1.0,0.5,0.0,0.0,0.0,0.5,0.5625,0.0,0.0,0.0,0.0,0.0,1.0,0.0,0.0,0.0,0.0,1.0,0.0,0.0,0.0,0.0,0.0,0.0,1.0,0.5,0.375,1.0,1.0,1.0,1.0,1.0,0.0
0.6666666666666666,0.4444444444444444,0.4444444444444444,0.25925925925925924,0.32098765432098764,0.4074074074074074,1.0,0.5,0.0,0.0,1.0,0.0,0.0,0.0,0.0,0.0,0.0,0.0,0.0,0.0,0.0,0.0,0.0,0.0,0.0,0.0,0.0,0.0,0.0,0.0,0.75,0.4166666666666667,0.25,1.0,1.0,1.0,1.0,1.0,0.0
1.0,0.25925925925925924,0.25925925925925924,0.2962962962962963,0.3827160493827161,0.4444444444444444,1.0,0.5,0.0,0.0,1.0,0.0,0.0,0.0,0.0,0.0,0.0,0.0,0.0,0.0,0.0,0.0,0.0,1.0,0.0,0.0,0.0,0.0,0.0,0.0,1.0,0.42857142857142855,0.42857142857142855,1.0,1.0,1.0,1.0,1.0,0.0
0.3333333333333333,0.4074074074074074,0.4074074074074074,0.25925925925925924,0.3333333333333333,0.4444444444444444,1.0,0.5,0.0,0.0,1.0,0.0,0.0,0.0,0.0,0.0,0.0,0.0,0.0,0.0,0.0,0.0,0.0,0.0,0.0,0.0,0.0,0.0,0.0,0.0,0.8181818181818182,0.5454545454545454,0.2727272727272727,1.0,1.0,1.0,1.0,1.0,0.0
0.0,0.2962962962962963,0.25925925925925924,0.25925925925925924,0.37037037037037035,0.4444444444444444,0.0,0.0,0.0,0.0,0.0,0.25,0.25,0.0,0.0,0.0,0.0,0.0,0.0,0.0,0.0,0.0,0.0,1.0,0.0,0.0,0.0,0.0,0.0,0.0,1.0,0.42857142857142855,0.42857142857142855,1.0,1.0,1.0,1.0,1.0,0.0
0.6666666666666666,0.4444444444444444,0.4074074074074074,0.25925925925925924,0.308641975308642,0.4074074074074074,1.0,0.25,0.0,0.0,0.0,0.25,0.3125,0.0,0.0,0.0,0.0,0.0,0.0,0.0,0.0,0.0,0.0,0.0,0.0,0.0,0.0,0.0,0.0,0.0,0.8181818181818182,0.36363636363636365,0.2727272727272727,1.0,1.0,1.0,1.0,1.0,0.0
1.0,0.25925925925925924,0.2222222222222222,0.25925925925925924,0.35802469135802467,0.4074074074074074,1.0,0.25,0.0,0.0,0.0,0.25,0.8125,0.0,0.0,0.0,0.0,0.0,0.0,0.0,0.0,0.0,0.0,1.0,0.0,0.0,0.0,0.0,0.0,0.0,1.0,0.5,0.3333333333333333,1.0,1.0,1.0,1.0,1.0,0.0
0.3333333333333333,0.4074074074074074,0.37037037037037035,0.2222222222222222,0.2962962962962963,0.4074074074074074,1.0,0.25,0.0,0.0,0.0,0.25,0.875,0.0,0.0,0.0,0.0,0.0,0.0,0.0,0.0,0.0,0.0,0.0,0.0,0.0,0.0,0.0,0.0,0.0,0.8,0.6,0.2,1.0,1.0,1.0,1.0,1.0,0.0
0.0,0.25925925925925924,0.2222222222222222,0.2222222222222222,0.3333333333333333,0.4074074074074074,1.0,0.25,0.0,0.0,0.0,0.25,0.9375,0.0,0.0,0.0,1.0,0.0,0.0,0.0,0.0,0.0,0.0,1.0,0.0,0.0,0.0,0.0,0.0,0.0,1.0,0.5,0.3333333333333333,1.0,1.0,1.0,1.0,1.0,0.0
0.6666666666666666,0.4074074074074074,0.4074074074074074,0.2222222222222222,0.2716049382716049,0.37037037037037035,1.0,0.25,0.0,0.0,1.0,0.0,0.0,0.0,0.0,0.0,0.0,0.0,0.0,0.0,0.0,0.0,0.0,0.0,0.0,0.0,0.0,0.0,0.0,0.0,0.8181818181818182,0.36363636363636365,0.2727272727272727,1.0,1.0,1.0,1.0,1.0,0.0
1.0,0.2222222222222222,0.18518518518518517,0.2222222222222222,0.3333333333333333,0.4074074074074074,1.0,0.25,0.0,0.0,0.0,0.25,1.0,0.0,0.0,0.0,0.0,1.0,0.0,0.0,0.0,0.0,0.0,1.0,0.0,0.0,0.0,0.0,0.0,0.0,1.0,0.6,0.2,1.0,1.0,1.0,1.0,1.0,0.0
0.3333333333333333,0.37037037037037035,0.37037037037037035,0.18518518518518517,0.2716049382716049,0.4074074074074074,1.0,0.25,0.0,0.0,1.0,0.0,0.0,0.0,0.0,0.0,0.0,0.0,0.0,0.0,0.0,0.0,0.0,0.0,0.0,0.0,0.0,0.0,0.0,0.0,0.8,0.6,0.2,1.0,1.0,1.0,1.0,1.0,0.0
0.0,0.2222222222222222,0.2222222222222222,0.18518518518518517,0.32098765432098764,0.4074074074074074,1.0,0.25,0.0,0.0,1.0,0.0,0.0,0.0,0.0,0.0,0.0,0.0,0.0,0.0,0.0,0.0,0.0,1.0,0.0,0.0,0.0,0.0,0.0,0.0,1.0,0.5,0.3333333333333333,1.0,1.0,1.0,1.0,1.0,0.0
1.0,0.18518518518518517,0.14814814814814814,0.2222222222222222,0.3333333333333333,0.4074074074074074,0.0,0.0,0.0,0.0,0.0,0.25,0.375,0.0,0.0,0.0,0.0,0.0,0.0,0.0,0.0,0.0,0.0,1.0,0.0,0.0,0.0,0.0,0.0,0.0,1.0,0.5,0.25,1.0,1.0,1.0,1.0,1.0,0.0
0.3333333333333333,0.37037037037037035,0.3333333333333333,0.14814814814814814,0.25925925925925924,0.4074074074074074,1.0,0.25,0.0,0.0,0.0,0.25,0.5,0.0,1.0,0.0,0.0,0.0,0.0,0.0,0.0,0.0,0.0,0.0,0.0,0.0,0.0,0.0,1.0,0.0,0.8888888888888888,0.5555555555555556,0.2222222222222222,1.0,1.0,1.0,1.0,1.0,0.0
0.3333333333333333,0.3333333333333333,0.2962962962962963,0.14814814814814814,0.25925925925925924,0.4074074074074074,0.0,0.0,0.0,0.0,0.0,0.25,0.9375,0.0,0.0,0.0,1.0,0.0,0.0,0.0,0.0,0.0,0.0,0.0,0.0,0.0,0.0,0.0,0.0,0.0,0.875,0.625,0.125,1.0,1.0,1.0,1.0,1.0,0.0
0.0,0.2222222222222222,0.18518518518518517,0.14814814814814814,0.2839506172839506,0.4074074074074074,1.0,0.25,0.0,0.0,0.0,0.25,1.0,0.0,0.0,0.0,0.0,1.0,0.0,0.0,0.0,0.0,0.0,1.0,0.0,0.0,0.0,0.0,0.0,0.0,1.0,0.6,0.2,1.0,1.0,1.0,1.0,1.0,0.0
0.6666666666666666,0.4074074074074074,0.4074074074074074,0.14814814814814814,0.20987654320987656,0.2962962962962963,1.0,0.25,0.0,0.0,1.0,0.0,0.0,0.0,0.0,0.0,0.0,0.0,0.0,0.0,0.0,0.0,0.0,0.0,0.0,0.0,0.0,0.0,0.0,0.0,0.8181818181818182,0.36363636363636365,0.2727272727272727,1.0,1.0,1.0,1.0,1.0,0.0
1.0,0.14814814814814814,0.14814814814814814,0.18518518518518517,0.2962962962962963,0.4074074074074074,1.0,0.25,0.0,0.0,1.0,0.0,0.0,0.0,0.0,0.0,0.0,0.0,0.0,0.0,0.0,0.0,0.0,1.0,0.0,0.0,0.0,0.0,0.0,0.0,1.0,0.5,0.25,1.0,1.0,1.0,1.0,1.0,0.0
0.3333333333333333,0.2962962962962963,0.2962962962962963,0.14814814814814814,0.2469135802469136,0.4074074074074074,1.0,0.25,0.0,0.0,1.0,0.0,0.0,0.0,0.0,0.0,0.0,0.0,0.0,0.0,0.0,0.0,0.0,0.0,0.0,0.0,0.0,0.0,0.0,0.0,0.875,0.625,0.125,1.0,1.0,1.0,1.0,1.0,0.0
0.0,0.18518518518518517,0.14814814814814814,0.14814814814814814,0.2839506172839506,0.4074074074074074,0.0,0.0,0.0,0.0,0.0,0.25,0.4375,1.0,0.0,0.0,0.0,0.0,0.0,0.0,0.0,0.0,0.0,1.0,0.0,0.0,0.0,0.0,0.0,1.0,1.0,0.5,0.25,1.0,1.0,1.0,1.0,1.0,0.0
0.6666666666666666,0.4444444444444444,0.4074074074074074,0.1111111111111111,0.18518518518518517,0.2962962962962963,1.0,0.25,0.0,0.0,0.0,0.25,0.5625,0.0,0.0,0.0,0.0,0.0,0.0,0.0,0.0,0.0,0.0,0.0,0.0,0.0,0.0,0.0,0.0,0.0,0.9090909090909091,0.45454545454545453,0.2727272727272727,1.0,1.0,1.0,1.0,1.0,0.0
1.0,0.14814814814814814,0.1111111111111111,0.1111111111111111,0.2716049382716049,0.4074074074074074,1.0,0.25,0.0,0.0,0.0,0.25,0.9375,0.0,0.0,0.0,1.0,0.0,0.0,0.0,0.0,0.0,0.0,1.0,0.0,0.0,0.0,0.0,0.0,0.0,1.0,0.6666666666666666,0.0,1.0,1.0,1.0,1.0,1.0,0.0
0.3333333333333333,0.2962962962962963,0.2962962962962963,0.1111111111111111,0.20987654320987656,0.4074074074074074,1.0,0.25,0.0,0.0,1.0,0.0,0.0,0.0,0.0,0.0,0.0,0.0,0.0,0.0,0.0,0.0,0.0,0.0,0.0,0.0,0.0,0.0,0.0,0.0,0.875,0.625,0.125,1.0,1.0,1.0,1.0,1.0,0.0
0.0,0.1111111111111111,0.1111111111111111,0.1111111111111111,0.2716049382716049,0.4074074074074074,1.0,0.25,0.0,0.0,1.0,0.0,0.0,0.0,0.0,0.0,0.0,0.0,0.0,0.0,0.0,0.0,0.0,1.0,0.0,0.0,0.0,0.0,0.0,0.0,1.0,0.3333333333333333,0.3333333333333333,1.0,1.0,1.0,1.0,1.0,0.0
0.6666666666666666,0.4074074074074074,0.4074074074074074,0.1111111111111111,0.17283950617283952,0.2962962962962963,1.0,0.25,0.0,0.0,1.0,0.0,0.0,0.0,0.0,0.0,0.0,0.0,0.0,0.0,0.0,0.0,0.0,0.0,0.0,0.0,0.0,0.0,0.0,0.0,0.9090909090909091,0.45454545454545453,0.2727272727272727,1.0,1.0,1.0,1.0,1.0,0.0
1.0,0.1111111111111111,0.07407407407407407,0.1111111111111111,0.2716049382716049,0.4074074074074074,0.0,0.0,0.0,0.0,0.0,0.25,0.4375,1.0,0.0,0.0,0.0,0.0,0.0,0.0,0.0,0.0,0.0,1.0,0.0,0.0,0.0,0.0,0.0,1.0,1.0,0.5,0.0,1.0,1.0,1.0,1.0,1.0,0.0
0.3333333333333333,0.2962962962962963,0.25925925925925924,0.07407407407407407,0.19753086419753085,0.4074074074074074,1.0,0.25,0.0,0.0,0.0,0.25,0.5,0.0,1.0,0.0,0.0,0.0,0.0,0.0,0.0,0.0,0.0,0.0,0.0,0.0,0.0,1.0,1.0,0.0,0.8571428571428571,0.5714285714285714,0.14285714285714285,1.0,1.0,1.0,1.0,1.0,0.0
0.3333333333333333,0.25925925925925924,0.2222222222222222,0.07407407407407407,0.19753086419753085,0.4074074074074074,0.0,0.0,0.0,0.0,0.0,0.25,0.3125,0.0,0.0,0.0,0.0,0.0,0.0,0.0,0.0,0.0,0.0,0.0,0.0,0.0,0.0,1.0,0.0,0.0,1.0,0.5,0.16666666666666666,1.0,1.0,1.0,1.0,1.0,0.0
0.0,0.1111111111111111,0.07407407407407407,0.07407407407407407,0.2345679012345679,0.4074074074074074,1.0,0.25,0.0,0.0,0.0,0.25,0.8125,0.0,0.0,0.0,0.0,0.0,0.0,0.0,0.0,0.0,0.0,1.0,0.0,0.0,0.0,1.0,0.0,0.0,1.0,0.5,0.0,1.0,1.0,1.0,1.0,1.0,0.0
0.6666666666666666,0.4074074074074074,0.37037037037037035,0.07407407407407407,0.1234567901234568,0.2222222222222222,1.0,0.25,0.0,0.0,0.0,0.25,0.875,0.0,0.0,0.0,0.0,0.0,0.0,0.0,0.0,0.0,0.0,0.0,0.0,0.0,0.0,1.0,0.0,0.0,0.9,0.5,0.2,1.0,1.0,1.0,1.0,1.0,0.0
1.0,0.07407407407407407,0.07407407407407407,0.07407407407407407,0.2222222222222222,0.37037037037037035,1.0,0.25,0.0,0.0,1.0,0.0,0.0,0.0,0.0,0.0,0.0,0.0,0.0,0.0,0.0,0.0,0.0,1.0,0.0,0.0,0.0,1.0,0.0,0.0,1.0,0.5,0.0,1.0,1.0,1.0,1.0,1.0,0.0
0.3333333333333333,0.2222222222222222,0.2222222222222222,0.07407407407407407,0.17283950617283952,0.37037037037037035,1.0,0.25,0.0,0.0,1.0,0.0,0.0,0.0,0.0,0.0,0.0,0.0,0.0,0.0,0.0,0.0,0.0,0.0,0.0,0.0,0.0,1.0,0.0,0.0,1.0,0.5,0.16666666666666666,1.0,1.0,1.0,1.0,1.0,0.0
0.0,0.07407407407407407,0.07407407407407407,0.07407407407407407,0.2222222222222222,0.37037037037037035,1.0,0.25,0.0,0.0,1.0,0.0,0.0,0.0,0.0,0.0,0.0,0.0,0.0,0.0,0.0,0.0,0.0,1.0,0.0,0.0,0.0,1.0,0.0,0.0,1.0,0.5,0.0,1.0,1.0,1.0,1.0,1.0,0.0
0.6666666666666666,0.37037037037037035,0.2962962962962963,0.07407407407407407,0.1234567901234568,0.2222222222222222,0.0,0.0,0.0,0.0,0.0,0.5,0.25,0.0,0.0,0.0,0.0,0.0,1.0,0.0,0.0,0.0,0.0,0.0,0.0,0.0,0.0,1.0,0.0,0.0,1.0,0.375,0.25,1.0,1.0,1.0,1.0,1.0,0.0
1.0,0.07407407407407407,0.07407407407407407,0.07407407407407407,0.19753086419753085,0.2962962962962963,1.0,0.5,0.0,0.0,1.0,0.0,0.0,0.0,0.0,0.0,0.0,0.0,0.0,0.0,0.0,0.0,0.0,1.0,0.0,0.0,0.0,1.0,0.0,0.0,1.0,0.5,0.0,1.0,1.0,1.0,1.0,1.0,0.0
0.3333333333333333,0.2222222222222222,0.2222222222222222,0.07407407407407407,0.14814814814814814,0.2962962962962963,1.0,0.5,0.0,0.0,1.0,0.0,0.0,0.0,0.0,0.0,0.0,0.0,0.0,0.0,0.0,0.0,0.0,0.0,0.0,0.0,0.0,1.0,0.0,0.0,1.0,0.5,0.16666666666666666,1.0,1.0,1.0,1.0,1.0,0.0
0.0,0.07407407407407407,0.07407407407407407,0.07407407407407407,0.19753086419753085,0.2962962962962963,1.0,0.5,0.0,0.0,1.0,0.0,0.0,0.0,0.0,0.0,0.0,0.0,0.0,0.0,0.0,0.0,0.0,1.0,0.0,0.0,0.0,1.0,0.0,0.0,1.0,0.5,0.0,1.0,1.0,1.0,1.0,1.0,0.0
0.6666666666666666,0.2962962962962963,0.25925925925925924,0.07407407407407407,0.1234567901234568,0.2222222222222222,0.0,0.0,0.0,0.0,0.0,0.25,0.3125,0.0,0.0,0.0,0.0,0.0,0.0,0.0,0.0,0.0,0.0,0.0,0.0,0.0,0.0,1.0,0.0,0.0,1.0,0.2857142857142857,0.2857142857142857,1.0,1.0,1.0,1.0,1.0,0.0
1.0,0.07407407407407407,0.037037037037037035,0.07407407407407407,0.18518518518518517,0.25925925925925924,1.0,0.25,0.0,0.0,0.0,0.25,0.5,0.0,1.0,0.0,0.0,0.0,0.0,0.0,0.0,0.0,0.0,1.0,0.0,1.0,0.0,1.0,1.0,0.0,1.0,0.0,0.0,1.0,1.0,1.0,1.0,1.0,0.0
1.0,0.037037037037037035,0.0,0.07407407407407407,0.18518518518518517,0.25925925925925924,0.0,0.0,0.0,0.0,0.0,0.25,0.625,0.0,0.0,1.0,0.0,0.0,0.0,0.0,0.0,0.0,1.0,0.0,1.0,0.0,1.0,1.0,0.0,0.0,0.0,0.0,0.0,1.0,1.0,1.0,1.0,1.0,0.0
0.3333333333333333,0.2222222222222222,0.18518518518518517,0.07407407407407407,0.16666666666666666,0.25925925925925924,1.0,0.25,0.0,0.0,0.0,0.25,0.6875,0.0,0.0,0.0,0.0,0.0,0.0,0.0,0.0,0.0,0.0,0.0,0.0,0.0,0.0,1.0,0.0,0.0,1.0,0.6,0.2,1.0,1.0,1.0,1.0,1.0,0.0
0.0,0.07407407407407407,0.07407407407407407,0.18518518518518517,0.2222222222222222,0.25925925925925924,1.0,0.25,0.0,0.0,1.0,0.0,0.0,0.0,0.0,0.0,0.0,0.0,0.0,0.0,0.0,0.0,0.0,1.0,0.0,0.0,0.0,0.0,0.0,0.0,1.0,0.5,0.0,1.0,1.0,1.0,1.0,1.0,0.0
0.6666666666666666,0.25925925925925924,0.2222222222222222,0.07407407407407407,0.12962962962962962,0.18518518518518517,1.0,0.25,0.0,0.0,0.0,0.25,0.75,0.0,0.0,0.0,0.0,0.0,0.0,0.0,0.0,0.0,0.0,0.0,0.0,0.0,0.0,1.0,0.0,0.0,1.0,0.3333333333333333,0.3333333333333333,1.0,1.0,1.0,1.0,1.0,0.0
0.3333333333333333,0.18518518518518517,0.14814814814814814,0.07407407407407407,0.14814814814814814,0.2222222222222222,1.0,0.25,0.0,0.0,0.0,0.25,0.8125,0.0,0.0,0.0,0.0,0.0,0.0,0.0,0.0,0.0,0.0,0.0,0.0,0.0,0.0,1.0,0.0,0.0,1.0,0.75,0.0,1.0,1.0,1.0,1.0,1.0,0.0
0.6666666666666666,0.2222222222222222,0.18518518518518517,0.07407407407407407,0.1111111111111111,0.14814814814814814,1.0,0.25,0.0,0.0,0.0,0.25,0.9375,0.0,0.0,0.0,1.0,0.0,0.0,0.0,0.0,0.0,0.0,0.0,0.0,0.0,0.0,1.0,0.0,0.0,1.0,0.4,0.2,1.0,1.0,1.0,1.0,1.0,0.0
0.3333333333333333,0.14814814814814814,0.14814814814814814,0.07407407407407407,0.12962962962962962,0.18518518518518517,1.0,0.25,0.0,1.0,1.0,0.0,0.0,0.0,0.0,0.0,0.0,0.0,0.0,0.0,0.0,0.0,0.0,0.0,0.0,0.0,0.0,1.0,0.0,0.0,1.0,0.75,0.0,1.0,1.0,1.0,1.0,1.0,0.0
0.6666666666666666,0.18518518518518517,0.14814814814814814,0.07407407407407407,0.1111111111111111,0.14814814814814814,0.0,0.0,0.0,0.0,0.0,0.25,0.4375,1.0,0.0,0.0,0.0,0.0,0.0,0.0,0.0,0.0,0.0,0.0,0.0,0.0,0.0,1.0,0.0,1.0,1.0,0.25,0.25,1.0,1.0,1.0,1.0,1.0,0.0
0.3333333333333333,0.18518518518518517,0.14814814814814814,0.07407407407407407,0.09259259259259259,0.1111111111111111,1.0,0.25,0.0,0.0,0.0,0.25,0.75,0.0,0.0,0.0,0.0,0.0,0.0,0.0,0.0,0.0,0.0,0.0,0.0,0.0,0.0,1.0,0.0,0.0,1.0,1.0,0.0,1.0,1.0,1.0,1.0,1.0,0.0
0.0,0.07407407407407407,0.07407407407407407,0.1111111111111111,0.12962962962962962,0.14814814814814814,1.0,0.25,0.0,0.0,1.0,0.0,0.0,0.0,0.0,0.0,0.0,0.0,0.0,0.0,0.0,0.0,0.0,1.0,0.0,0.0,0.0,0.0,0.0,0.0,1.0,0.5,0.0,1.0,1.0,1.0,1.0,1.0,0.0
0.6666666666666666,0.1111111111111111,0.07407407407407407,0.07407407407407407,0.1111111111111111,0.14814814814814814,1.0,0.25,0.0,0.0,0.0,0.25,0.8125,0.0,0.0,0.0,0.0,0.0,0.0,0.0,0.0,0.0,0.0,0.0,0.0,0.0,0.0,1.0,0.0,0.0,1.0,0.0,0.0,1.0,1.0,1.0,1.0,1.0,0.0
0.3333333333333333,0.14814814814814814,0.14814814814814814,0.07407407407407407,0.07407407407407407,0.07407407407407407,1.0,0.25,0.0,0.0,1.0,0.0,0.0,0.0,0.0,0.0,0.0,0.0,0.0,0.0,0.0,0.0,0.0,0.0,0.0,0.0,0.0,1.0,0.0,0.0,1.0,1.0,0.0,1.0,1.0,1.0,1.0,1.0,0.0
0.6666666666666666,0.07407407407407407,0.037037037037037035,0.07407407407407407,0.1111111111111111,0.14814814814814814,0.0,0.0,0.0,0.0,0.0,0.25,0.6875,0.0,0.0,0.0,0.0,0.0,0.0,0.0,0.0,0.0,0.0,0.0,0.0,0.0,0.0,1.0,0.0,0.0,1.0,0.0,0.0,1.0,1.0,1.0,1.0,1.0,0.0
0.3333333333333333,0.14814814814814814,0.14814814814814814,0.037037037037037035,0.05555555555555555,0.07407407407407407,1.0,0.25,0.0,0.0,1.0,0.0,0.0,0.0,0.0,0.0,0.0,0.0,0.0,0.0,0.0,0.0,0.0,0.0,0.0,0.0,0.0,1.0,0.0,0.0,1.0,1.0,0.0,1.0,1.0,1.0,1.0,1.0,0.0
0.0,0.07407407407407407,0.07407407407407407,0.037037037037037035,0.09259259259259259,0.14814814814814814,1.0,0.25,0.0,0.0,1.0,0.0,0.0,0.0,0.0,0.0,0.0,0.0,0.0,0.0,0.0,0.0,0.0,1.0,0.0,0.0,0.0,1.0,0.0,0.0,1.0,0.5,0.0,1.0,1.0,1.0,1.0,1.0,0.0
0.6666666666666666,0.037037037037037035,0.0,0.07407407407407407,0.1111111111111111,0.14814814814814814,0.0,0.0,0.0,0.0,0.0,0.25,0.5625,0.0,0.0,0.0,0.0,0.0,0.0,0.0,0.0,0.0,1.0,0.0,0.0,0.0,0.0,1.0,0.0,0.0,0.0,0.0,0.0,1.0,1.0,1.0,1.0,1.0,0.0
0.3333333333333333,0.14814814814814814,0.14814814814814814,0.07407407407407407,0.07407407407407407,0.07407407407407407,1.0,0.25,0.0,0.0,1.0,0.0,0.0,0.0,0.0,0.0,0.0,0.0,0.0,0.0,0.0,0.0,0.0,0.0,0.0,0.0,0.0,1.0,0.0,0.0,1.0,1.0,0.0,1.0,1.0,1.0,1.0,1.0,0.0
0.0,0.07407407407407407,0.07407407407407407,0.14814814814814814,0.14814814814814814,0.14814814814814814,1.0,0.25,0.0,0.0,1.0,0.0,0.0,0.0,0.0,0.0,0.0,0.0,0.0,0.0,0.0,0.0,0.0,1.0,0.0,0.0,0.0,0.0,0.0,0.0,1.0,0.5,0.0,1.0,1.0,1.0,1.0,1.0,0.0
0.3333333333333333,0.14814814814814814,0.1111111111111111,0.07407407407407407,0.07407407407407407,0.07407407407407407,0.0,0.0,0.0,0.0,0.0,0.25,0.4375,1.0,0.0,0.0,0.0,0.0,0.0,0.0,0.0,0.0,0.0,0.0,0.0,0.0,0.0,1.0,0.0,1.0,1.0,1.0,0.0,1.0,1.0,1.0,1.0,1.0,0.0
0.0,0.1111111111111111,0.1111111111111111,0.07407407407407407,0.07407407407407407,0.07407407407407407,1.0,0.25,0.0,0.0,1.0,0.0,0.0,0.0,0.0,0.0,0.0,0.0,0.0,0.0,0.0,0.0,0.0,1.0,0.0,0.0,0.0,1.0,0.0,0.0,1.0,0.6666666666666666,0.0,1.0,1.0,1.0,1.0,1.0,0.0
0.3333333333333333,0.07407407407407407,0.037037037037037035,0.1111111111111111,0.1111111111111111,0.1111111111111111,0.0,0.0,0.0,0.0,0.0,0.25,0.3125,0.0,0.0,0.0,0.0,0.0,0.0,0.0,0.0,0.0,0.0,0.0,0.0,0.0,0.0,0.0,0.0,0.0,1.0,1.0,0.0,1.0,1.0,1.0,1.0,1.0,0.0
0.0,0.1111111111111111,0.1111111111111111,0.037037037037037035,0.037037037037037035,0.037037037037037035,1.0,0.25,0.0,0.0,1.0,0.0,0.0,0.0,0.0,0.0,0.0,0.0,0.0,0.0,0.0,0.0,0.0,1.0,0.0,0.0,0.0,1.0,0.0,0.0,1.0,0.6666666666666666,0.0,1.0,1.0,1.0,1.0,1.0,0.0
0.3333333333333333,0.037037037037037035,0.0,0.1111111111111111,0.1111111111111111,0.1111111111111111,0.0,0.0,0.0,0.0,0.0,0.25,0.375,0.0,0.0,0.0,0.0,0.0,0.0,0.0,0.0,0.0,1.0,0.0,0.0,0.0,0.0,0.0,0.0,0.0,0.0,0.0,0.0,1.0,1.0,1.0,1.0,1.0,0.0
